
=== PROVENANCE ET INTÉGRITÉ (Section 18) ===
git commit                     : 79d7f11ff7e7991b60abb5bfbee5af9b5b17e049
rustc                          : rustc 1.97.1 (8bab26f4f 2026-07-14)
cargo                          : cargo 1.97.1 (c980f4866 2026-06-30)
évaluateur TDI-5.9 SHA-256      : ffa55883c7a0f87e864f817e40518d3021281ae4886d7366c5f7318b1985be8e
préenregistrement TDI-5.9 SHA-256 : 1fd2db07cfcad98c3c56b99270239a2cc5297fe3401846eb1a633b645177cab8
manifeste scientifique TDI-5.9 SHA-256 : 0522e5543121bd116b55f351b36ab694e3646cd1b8f84fa827183ab43a4a2419

--- provenance TDI-5.1 (ancêtre gelé, inchangé) ---
évaluateur TDI-5.1 SHA-256      : d69d42fa31d973603eabd0ded8ffd8ca2f0a4b0b8fcec5f9de42ed8c7ce37444
préenregistrement TDI-5.1 SHA-256 : 25b65a07b7f248df3e043b9b7f63611c360f60f3d49a600a5612305440131852

--- provenance TDI-5.2 (ancêtre gelé, inchangé) ---
évaluateur TDI-5.2 SHA-256      : 2308607729659c7546a17530e69773f982d9a1cf41656ea7898e0123ca469ef7
préenregistrement TDI-5.2 SHA-256 : f57a054bc95eb2e041434d6e2049509b0dce1a5397f9666d274b1bbac332be35

--- provenance TDI-5.3 (ancêtre gelé, inchangé) ---
évaluateur TDI-5.3 SHA-256      : 93181fb75d4882be2ca0b26c1babe9db747583d6e08e6992617ec12b7f65460f
préenregistrement TDI-5.3 SHA-256 : 7223128dcfd751ebeb6488c01c3512d0a10b35937ec170504984295eb421682e

--- provenance TDI-5.4 (ancêtre gelé, inchangé) ---
évaluateur TDI-5.4 SHA-256      : dcf24d7eb1ccd938a81163738c38d31a693474c8a1d94046734bda243ca772bf
préenregistrement TDI-5.4 SHA-256 : 229a0a8efa391c67c4dda1322b984109b142be3abf972d0a08f3c4ac742ec6ac

--- provenance TDI-5.5 (ancêtre gelé, inchangé) ---
évaluateur TDI-5.5 SHA-256      : 10df698d10f010b9f6c18e2a4d78042eb399d3812b8d69c2b4bb799de828b835
préenregistrement TDI-5.5 SHA-256 : 37260b3349107659487e42e66c269ecad44efaf6131f8206bb28dfbcf83f9da1

--- provenance TDI-5.6 (ancêtre gelé, inchangé) ---
évaluateur TDI-5.6 SHA-256      : 0820274b3edb58a6e123c612dbed8dd8a1725221240365f142d9510404e1d1b2
préenregistrement TDI-5.6 SHA-256 : 59e3375b82d0bb7aad7be0591b9d1eac074d4b194678dfe0e06e73c8aac89807

--- provenance TDI-5.7 (ancêtre gelé, inchangé) ---
évaluateur TDI-5.7 SHA-256      : 900031bc27a35e327038911d93f10d74458f913e64d9644b225963df699049ae
préenregistrement TDI-5.7 SHA-256 : 2ca7d1a674d451e642beb5b01f8a0d8f08f8fadcf7f91032370e7fd5e3d91476

--- provenance TDI-5.8 (ancêtre gelé, inchangé) ---
évaluateur TDI-5.8 SHA-256      : e58d07e9ee01ab447be90fc90913661a0cbacd765e02f4670ada01965556f53a
préenregistrement TDI-5.8 SHA-256 : 981dc709ae87f9191548bf6c31b4b0558b9550d196c6caa69220206101b9c0de

--- provenance TDI-6.1 (ancêtre gelé, inchangé) ---
évaluateur TDI-6.1 SHA-256      : bb9d155021117b70d1483a9abbc51f45f994caddb8a17365d7fb14f02201f278
préenregistrement TDI-6.1 SHA-256 : 4d754f334c95b113078c28a24069ffd8fb3e93e2ba89055001aab3bf3ee1a159

--- provenance TDI-6.2 (ancêtre gelé, inchangé) ---
évaluateur TDI-6.2 SHA-256      : 793fc42d0567283c0f6c773e74597a6ff38d7278cf6e14fcdca7d60e33758a37
préenregistrement TDI-6.2 SHA-256 : a5263642ee79fb946bc9a7aa6fea4b57c22945a91b7ffa6f2220c7e4d4a55869

--- provenance TDI-6.3 (ancêtre gelé, inchangé) ---
évaluateur TDI-6.3 SHA-256      : 7e61baa85ae9d4b48cb1d6f527497cbb3980ae655f7f5aca40745d9bcb69e893
préenregistrement TDI-6.3 SHA-256 : bd220fe6621d35099e729d54fa7befa18c7bf9287fe4bb1e63a449de0b96097e

--- provenance TDI-6.5 (ancêtre gelé, inchangé) ---
évaluateur TDI-6.5 SHA-256      : 75bd5198486e7e3c6072deebbdebd256aa3152a7b43b60054349f8e181c200f0
préenregistrement TDI-6.5 SHA-256 : f44eb21446ffdc6897c76818f4d4b22ecf266cf4f2707a4a8d995b0479acd589

--- provenance TDI-6.4 (ancêtre gelé, inchangé) ---
évaluateur TDI-6.4 SHA-256      : 1c569c3d46eb7ef766f084c5051d3d437290e5357aa523305a61b5d63c9f51b5
préenregistrement TDI-6.4 SHA-256 : 8933a389586ee22af9e1cddf7ed9d30d6205b7d10682fbde362a9a01e680333b

=== CONSTANTES GELÉES (Section 18, item 6) ===
horizon d'observation                    : 2
horizons cibles                          : [3, 4, 5, 6, 7, 8]
horizon principal                        : 6
largeur maximale supportée                : 6
espace des ensembles successeurs (largeur 6) : 18446744073709551616
nombre de features baseline (B0)          : 13
nombre de features early-overlap          : 2
nombre de features contraction (δ, δ̄)     : 2
nombre de features spectrales (s2, s3, s4) : 3
nombre de dispositions de modèle          : 10
features CK (baseline + δ + δ̄)            : 15
features SK (CK + s2 + s3)                : 17
features SKT (SK + O1 + O2)               : 19
features SK4 (CK + s2 + s3 + s4)          : 18
features SKT4 (SK4 + O1 + O2)             : 20
horizons focaux (U3, U6)                  : [3, 6]
lambda ridge                              : 1
réplicats bootstrap                       : 4000
tailles de population — train w3=15000, holdout w3=5000, train w4=15000, holdout w4=5000 (aucune population OOD)
multiplicateurs de tentatives — w3=64, w4=96, w5=128, w6=256
seuils sans-progrès — w3=25000, w4=50000, w5=75000, w6=100000

=== BLOCS DE GRAINES (Section 18, item 7) ===
bloc Y | train w3=10000000000 | holdout w3=10010000000 | train w4=10020000000 | holdout w4=10030000000 | graine bootstrap=0x5444493539000001
bloc Z | train w3=10100000000 | holdout w3=10110000000 | train w4=10120000000 | holdout w4=10130000000 | graine bootstrap=0x5444493539000002
bloc AA | train w3=10200000000 | holdout w3=10210000000 | train w4=10220000000 | holdout w4=10230000000 | graine bootstrap=0x5444493539000003
graine bootstrap agrégat stratifié (Section 10) : 0x5444493539004700

=== POPULATIONS — COMPTAGES, RAISONS DE REJET, GRAINES FINALES, BUDGETS (Section 18, items 8-11, 21) ===
bloc Y | training-w3 | demandé=15000 | accepté=15000 | rejeté=66 | tenté=15066 | max_tentatives=960000 | seuil_sans_progrès=25000 | graine initiale=10000000000 | graine finale exclusive=10000015066 | raisons de rejet=observation-fully-recovered=65,target-fully-recovered-h3=1
bloc Y | holdout-w3  | demandé=5000 | accepté=5000 | rejeté=23 | tenté=5023 | max_tentatives=320000 | seuil_sans_progrès=25000 | graine initiale=10010000000 | graine finale exclusive=10010005023 | raisons de rejet=observation-fully-recovered=23
bloc Y | training-w4 | demandé=15000 | accepté=15000 | rejeté=0 | tenté=15000 | max_tentatives=1440000 | seuil_sans_progrès=50000 | graine initiale=10020000000 | graine finale exclusive=10020015000 | raisons de rejet=none
bloc Y | holdout-w4  | demandé=5000 | accepté=5000 | rejeté=0 | tenté=5000 | max_tentatives=480000 | seuil_sans_progrès=50000 | graine initiale=10030000000 | graine finale exclusive=10030005000 | raisons de rejet=none
bloc Z | training-w3 | demandé=15000 | accepté=15000 | rejeté=56 | tenté=15056 | max_tentatives=960000 | seuil_sans_progrès=25000 | graine initiale=10100000000 | graine finale exclusive=10100015056 | raisons de rejet=observation-fully-recovered=56
bloc Z | holdout-w3  | demandé=5000 | accepté=5000 | rejeté=14 | tenté=5014 | max_tentatives=320000 | seuil_sans_progrès=25000 | graine initiale=10110000000 | graine finale exclusive=10110005014 | raisons de rejet=observation-fully-recovered=14
bloc Z | training-w4 | demandé=15000 | accepté=15000 | rejeté=0 | tenté=15000 | max_tentatives=1440000 | seuil_sans_progrès=50000 | graine initiale=10120000000 | graine finale exclusive=10120015000 | raisons de rejet=none
bloc Z | holdout-w4  | demandé=5000 | accepté=5000 | rejeté=0 | tenté=5000 | max_tentatives=480000 | seuil_sans_progrès=50000 | graine initiale=10130000000 | graine finale exclusive=10130005000 | raisons de rejet=none
bloc AA | training-w3 | demandé=15000 | accepté=15000 | rejeté=59 | tenté=15059 | max_tentatives=960000 | seuil_sans_progrès=25000 | graine initiale=10200000000 | graine finale exclusive=10200015059 | raisons de rejet=observation-fully-recovered=59
bloc AA | holdout-w3  | demandé=5000 | accepté=5000 | rejeté=24 | tenté=5024 | max_tentatives=320000 | seuil_sans_progrès=25000 | graine initiale=10210000000 | graine finale exclusive=10210005024 | raisons de rejet=observation-fully-recovered=24
bloc AA | training-w4 | demandé=15000 | accepté=15000 | rejeté=0 | tenté=15000 | max_tentatives=1440000 | seuil_sans_progrès=50000 | graine initiale=10220000000 | graine finale exclusive=10220015000 | raisons de rejet=none
bloc AA | holdout-w4  | demandé=5000 | accepté=5000 | rejeté=0 | tenté=5000 | max_tentatives=480000 | seuil_sans_progrès=50000 | graine initiale=10230000000 | graine finale exclusive=10230005000 | raisons de rejet=none

### BLOC Y — normalisations et modèles (Section 18) ###

=== NORMALISATIONS ET MODÈLES ===

U_3 | moyenne cible=4.120550057648 | échelle cible=1.011426639816

U_3 — B0 — BASELINE
  intercept : -0.000000000000
  feature 00 | moyenne=0.685948642985 | échelle=0.163099481620 | coefficient=-0.296043794013
  feature 01 | moyenne=1.371395448461 | échelle=0.216233051035 | coefficient=0.568143849650
  feature 02 | moyenne=0.685841479555 | échelle=0.162983277241 | coefficient=-0.292275455882
  feature 03 | moyenne=1.371491212510 | échelle=0.217125111424 | coefficient=0.576833458353
  feature 04 | moyenne=0.501262500000 | échelle=0.151481296460 | coefficient=-0.044126560708
  feature 05 | moyenne=0.944425000000 | échelle=0.117316845728 | coefficient=0.012834515763
  feature 06 | moyenne=1.870494118210 | échelle=0.404515858827 | coefficient=0.445376350486
  feature 07 | moyenne=3.450092246855 | échelle=0.787016036102 | coefficient=-0.254704797041
  feature 08 | moyenne=0.501083333333 | échelle=0.151478385880 | coefficient=-0.091154970116
  feature 09 | moyenne=0.944266666667 | échelle=0.118146685546 | coefficient=0.015134003596
  feature 10 | moyenne=1.870415170196 | échelle=0.404341034094 | coefficient=0.525188260453
  feature 11 | moyenne=3.450510228941 | échelle=0.788796958002 | coefficient=-0.299487049018
  feature 12 | moyenne=3.500000000000 | échelle=0.500000000000 | coefficient=-0.065266731015

U_3 — B1 — BASELINE + O1
  intercept : 0.000000000000
  feature 00 | moyenne=0.685948642985 | échelle=0.163099481620 | coefficient=-0.360483009099
  feature 01 | moyenne=1.371395448461 | échelle=0.216233051035 | coefficient=0.542912707442
  feature 02 | moyenne=0.685841479555 | échelle=0.162983277241 | coefficient=-0.376670168809
  feature 03 | moyenne=1.371491212510 | échelle=0.217125111424 | coefficient=0.559834357496
  feature 04 | moyenne=0.501262500000 | échelle=0.151481296460 | coefficient=0.067573601077
  feature 05 | moyenne=0.944425000000 | échelle=0.117316845728 | coefficient=0.036302917940
  feature 06 | moyenne=1.870494118210 | échelle=0.404515858827 | coefficient=0.168053712613
  feature 07 | moyenne=3.450092246855 | échelle=0.787016036102 | coefficient=-0.255766604651
  feature 08 | moyenne=0.501083333333 | échelle=0.151478385880 | coefficient=0.041091169357
  feature 09 | moyenne=0.944266666667 | échelle=0.118146685546 | coefficient=0.041440034722
  feature 10 | moyenne=1.870415170196 | échelle=0.404341034094 | coefficient=0.239746589920
  feature 11 | moyenne=3.450510228941 | échelle=0.788796958002 | coefficient=-0.315373403583
  feature 12 | moyenne=3.500000000000 | échelle=0.500000000000 | coefficient=0.392632934183
  feature 13 | moyenne=0.416774425019 | échelle=0.182071496701 | coefficient=0.336077235668

U_3 — B2 — BASELINE + O2
  intercept : 0.000000000000
  feature 00 | moyenne=0.685948642985 | échelle=0.163099481620 | coefficient=-0.314833733838
  feature 01 | moyenne=1.371395448461 | échelle=0.216233051035 | coefficient=0.166189586797
  feature 02 | moyenne=0.685841479555 | échelle=0.162983277241 | coefficient=-0.309414726423
  feature 03 | moyenne=1.371491212510 | échelle=0.217125111424 | coefficient=0.119185298659
  feature 04 | moyenne=0.501262500000 | échelle=0.151481296460 | coefficient=0.139396001103
  feature 05 | moyenne=0.944425000000 | échelle=0.117316845728 | coefficient=-0.076715766101
  feature 06 | moyenne=1.870494118210 | échelle=0.404515858827 | coefficient=0.074597877687
  feature 07 | moyenne=3.450092246855 | échelle=0.787016036102 | coefficient=0.128117746653
  feature 08 | moyenne=0.501083333333 | échelle=0.151478385880 | coefficient=0.130550271398
  feature 09 | moyenne=0.944266666667 | échelle=0.118146685546 | coefficient=-0.072022046147
  feature 10 | moyenne=1.870415170196 | échelle=0.404341034094 | coefficient=0.071627120329
  feature 11 | moyenne=3.450510228941 | échelle=0.788796958002 | coefficient=0.204018396802
  feature 12 | moyenne=3.500000000000 | échelle=0.500000000000 | coefficient=-0.030065468933
  feature 13 | moyenne=0.793004030743 | échelle=0.114578513744 | coefficient=0.719318023299

U_3 — B12 — BASELINE + O1 + O2
  intercept : 0.000000000000
  feature 00 | moyenne=0.685948642985 | échelle=0.163099481620 | coefficient=-0.327544549718
  feature 01 | moyenne=1.371395448461 | échelle=0.216233051035 | coefficient=0.187559833368
  feature 02 | moyenne=0.685841479555 | échelle=0.162983277241 | coefficient=-0.326560558875
  feature 03 | moyenne=1.371491212510 | échelle=0.217125111424 | coefficient=0.146058281619
  feature 04 | moyenne=0.501262500000 | échelle=0.151481296460 | coefficient=0.151350157764
  feature 05 | moyenne=0.944425000000 | échelle=0.117316845728 | coefficient=-0.065650386858
  feature 06 | moyenne=1.870494118210 | échelle=0.404515858827 | coefficient=0.039252670335
  feature 07 | moyenne=3.450092246855 | échelle=0.787016036102 | coefficient=0.102326651758
  feature 08 | moyenne=0.501083333333 | échelle=0.151478385880 | coefficient=0.144407750795
  feature 09 | moyenne=0.944266666667 | échelle=0.118146685546 | coefficient=-0.060501551735
  feature 10 | moyenne=1.870415170196 | échelle=0.404341034094 | coefficient=0.040049717987
  feature 11 | moyenne=3.450510228941 | échelle=0.788796958002 | coefficient=0.166956520758
  feature 12 | moyenne=3.500000000000 | échelle=0.500000000000 | coefficient=0.066821227268
  feature 13 | moyenne=0.416774425019 | échelle=0.182071496701 | coefficient=0.072835437479
  feature 14 | moyenne=0.793004030743 | échelle=0.114578513744 | coefficient=0.671289316255

U_3 — BD — BASELINE + (O2 - O1), EXPLORATOIRE
  intercept : 0.000000000000
  feature 00 | moyenne=0.685948642985 | échelle=0.163099481620 | coefficient=-0.311846606439
  feature 01 | moyenne=1.371395448461 | échelle=0.216233051035 | coefficient=0.593076650096
  feature 02 | moyenne=0.685841479555 | échelle=0.162983277241 | coefficient=-0.313561167285
  feature 03 | moyenne=1.371491212510 | échelle=0.217125111424 | coefficient=0.608366729135
  feature 04 | moyenne=0.501262500000 | échelle=0.151481296460 | coefficient=-0.028638658285
  feature 05 | moyenne=0.944425000000 | échelle=0.117316845728 | coefficient=0.026192001659
  feature 06 | moyenne=1.870494118210 | échelle=0.404515858827 | coefficient=0.400231253275
  feature 07 | moyenne=3.450092246855 | échelle=0.787016036102 | coefficient=-0.285181379629
  feature 08 | moyenne=0.501083333333 | échelle=0.151478385880 | coefficient=-0.073167288810
  feature 09 | moyenne=0.944266666667 | échelle=0.118146685546 | coefficient=0.029063810282
  feature 10 | moyenne=1.870415170196 | échelle=0.404341034094 | coefficient=0.484394130197
  feature 11 | moyenne=3.450510228941 | échelle=0.788796958002 | coefficient=-0.343457865356
  feature 12 | moyenne=3.500000000000 | échelle=0.500000000000 | coefficient=0.054780738155
  feature 13 | moyenne=0.376229605724 | échelle=0.140416251623 | coefficient=-0.069522634079

U_3 — CK — BASELINE + δ + δ̄ (contraction)
  intercept : 0.000000000000
  feature 00 | moyenne=0.685948642985 | échelle=0.163099481620 | coefficient=-0.279386222782
  feature 01 | moyenne=1.371395448461 | échelle=0.216233051035 | coefficient=0.262523787575
  feature 02 | moyenne=0.685841479555 | échelle=0.162983277241 | coefficient=-0.298512407964
  feature 03 | moyenne=1.371491212510 | échelle=0.217125111424 | coefficient=0.344378860797
  feature 04 | moyenne=0.501262500000 | échelle=0.151481296460 | coefficient=0.054533401043
  feature 05 | moyenne=0.944425000000 | échelle=0.117316845728 | coefficient=0.112815329108
  feature 06 | moyenne=1.870494118210 | échelle=0.404515858827 | coefficient=0.548230841286
  feature 07 | moyenne=3.450092246855 | échelle=0.787016036102 | coefficient=-0.387650192613
  feature 08 | moyenne=0.501083333333 | échelle=0.151478385880 | coefficient=0.012983392122
  feature 09 | moyenne=0.944266666667 | échelle=0.118146685546 | coefficient=0.114092073553
  feature 10 | moyenne=1.870415170196 | échelle=0.404341034094 | coefficient=0.649917164814
  feature 11 | moyenne=3.450510228941 | échelle=0.788796958002 | coefficient=-0.546673801261
  feature 12 | moyenne=3.500000000000 | échelle=0.500000000000 | coefficient=0.214615363366
  feature 13 | moyenne=0.948832328690 | échelle=0.078505024266 | coefficient=-0.003159099583
  feature 14 | moyenne=0.582059131773 | échelle=0.057939218899 | coefficient=-0.288676789961

U_3 — SK — BASELINE + δ + δ̄ + s2 + s3 (contraction + spectral s2/s3)
  intercept : -0.000000000000
  feature 00 | moyenne=0.685948642985 | échelle=0.163099481620 | coefficient=-0.214671391215
  feature 01 | moyenne=1.371395448461 | échelle=0.216233051035 | coefficient=0.168580148733
  feature 02 | moyenne=0.685841479555 | échelle=0.162983277241 | coefficient=-0.235685332243
  feature 03 | moyenne=1.371491212510 | échelle=0.217125111424 | coefficient=0.240029864434
  feature 04 | moyenne=0.501262500000 | échelle=0.151481296460 | coefficient=0.060855795742
  feature 05 | moyenne=0.944425000000 | échelle=0.117316845728 | coefficient=0.106702612601
  feature 06 | moyenne=1.870494118210 | échelle=0.404515858827 | coefficient=0.459056013039
  feature 07 | moyenne=3.450092246855 | échelle=0.787016036102 | coefficient=-0.235167167960
  feature 08 | moyenne=0.501083333333 | échelle=0.151478385880 | coefficient=0.022781402744
  feature 09 | moyenne=0.944266666667 | échelle=0.118146685546 | coefficient=0.106982590749
  feature 10 | moyenne=1.870415170196 | échelle=0.404341034094 | coefficient=0.556446075808
  feature 11 | moyenne=3.450510228941 | échelle=0.788796958002 | coefficient=-0.378537038991
  feature 12 | moyenne=3.500000000000 | échelle=0.500000000000 | coefficient=0.107246758040
  feature 13 | moyenne=0.948832328690 | échelle=0.078505024266 | coefficient=-0.003985458903
  feature 14 | moyenne=0.582059131773 | échelle=0.057939218899 | coefficient=-0.279630208953
  feature 15 | moyenne=1.121740756245 | échelle=0.207272693130 | coefficient=-0.086147706767
  feature 16 | moyenne=1.017705028858 | échelle=0.127075390814 | coefficient=-0.035554982886

U_3 — SKT — BASELINE + δ + δ̄ + s2 + s3 + O1 + O2 (contraction + spectral s2/s3 + TDI)
  intercept : 0.000000000000
  feature 00 | moyenne=0.685948642985 | échelle=0.163099481620 | coefficient=-0.273198053561
  feature 01 | moyenne=1.371395448461 | échelle=0.216233051035 | coefficient=-0.039005105914
  feature 02 | moyenne=0.685841479555 | échelle=0.162983277241 | coefficient=-0.288677488892
  feature 03 | moyenne=1.371491212510 | échelle=0.217125111424 | coefficient=-0.037619732773
  feature 04 | moyenne=0.501262500000 | échelle=0.151481296460 | coefficient=0.207508598021
  feature 05 | moyenne=0.944425000000 | échelle=0.117316845728 | coefficient=-0.000962811485
  feature 06 | moyenne=1.870494118210 | échelle=0.404515858827 | coefficient=0.061136792113
  feature 07 | moyenne=3.450092246855 | échelle=0.787016036102 | coefficient=0.095755905054
  feature 08 | moyenne=0.501083333333 | échelle=0.151478385880 | coefficient=0.204130882201
  feature 09 | moyenne=0.944266666667 | échelle=0.118146685546 | coefficient=0.002953298796
  feature 10 | moyenne=1.870415170196 | échelle=0.404341034094 | coefficient=0.078796405478
  feature 11 | moyenne=3.450510228941 | échelle=0.788796958002 | coefficient=0.090249866862
  feature 12 | moyenne=3.500000000000 | échelle=0.500000000000 | coefficient=0.178470124708
  feature 13 | moyenne=0.948832328690 | échelle=0.078505024266 | coefficient=-0.009851448048
  feature 14 | moyenne=0.582059131773 | échelle=0.057939218899 | coefficient=-0.169149679358
  feature 15 | moyenne=1.121740756245 | échelle=0.207272693130 | coefficient=-0.061578259086
  feature 16 | moyenne=1.017705028858 | échelle=0.127075390814 | coefficient=-0.020390650374
  feature 17 | moyenne=0.416774425019 | échelle=0.182071496701 | coefficient=0.079437887525
  feature 18 | moyenne=0.793004030743 | échelle=0.114578513744 | coefficient=0.623132835968

U_3 — SK4 — BASELINE + δ + δ̄ + s2 + s3 + s4 (full exact spectral baseline)
  intercept : -0.000000000000
  feature 00 | moyenne=0.685948642985 | échelle=0.163099481620 | coefficient=-0.194783112799
  feature 01 | moyenne=1.371395448461 | échelle=0.216233051035 | coefficient=0.129161221866
  feature 02 | moyenne=0.685841479555 | échelle=0.162983277241 | coefficient=-0.206049594402
  feature 03 | moyenne=1.371491212510 | échelle=0.217125111424 | coefficient=0.185731395049
  feature 04 | moyenne=0.501262500000 | échelle=0.151481296460 | coefficient=0.067208846513
  feature 05 | moyenne=0.944425000000 | échelle=0.117316845728 | coefficient=0.106858892305
  feature 06 | moyenne=1.870494118210 | échelle=0.404515858827 | coefficient=0.420903875635
  feature 07 | moyenne=3.450092246855 | échelle=0.787016036102 | coefficient=-0.166385174570
  feature 08 | moyenne=0.501083333333 | échelle=0.151478385880 | coefficient=0.032028896895
  feature 09 | moyenne=0.944266666667 | échelle=0.118146685546 | coefficient=0.106181638239
  feature 10 | moyenne=1.870415170196 | échelle=0.404341034094 | coefficient=0.503561140829
  feature 11 | moyenne=3.450510228941 | échelle=0.788796958002 | coefficient=-0.288126037134
  feature 12 | moyenne=3.500000000000 | échelle=0.500000000000 | coefficient=0.061091825292
  feature 13 | moyenne=0.948832328690 | échelle=0.078505024266 | coefficient=-0.005603911609
  feature 14 | moyenne=0.582059131773 | échelle=0.057939218899 | coefficient=-0.275153130420
  feature 15 | moyenne=1.121740756245 | échelle=0.207272693130 | coefficient=-0.058791558387
  feature 16 | moyenne=1.017705028858 | échelle=0.127075390814 | coefficient=-0.014859275243
  feature 17 | moyenne=1.028612156620 | échelle=0.095329883119 | coefficient=-0.060288499080

U_3 — SKT4 — BASELINE + δ + δ̄ + s2 + s3 + s4 + O1 + O2 (full model)
  intercept : 0.000000000000
  feature 00 | moyenne=0.685948642985 | échelle=0.163099481620 | coefficient=-0.263546667343
  feature 01 | moyenne=1.371395448461 | échelle=0.216233051035 | coefficient=-0.057303280635
  feature 02 | moyenne=0.685841479555 | échelle=0.162983277241 | coefficient=-0.274377043897
  feature 03 | moyenne=1.371491212510 | échelle=0.217125111424 | coefficient=-0.062860686760
  feature 04 | moyenne=0.501262500000 | échelle=0.151481296460 | coefficient=0.210335520083
  feature 05 | moyenne=0.944425000000 | échelle=0.117316845728 | coefficient=-0.000448706536
  feature 06 | moyenne=1.870494118210 | échelle=0.404515858827 | coefficient=0.043310278372
  feature 07 | moyenne=3.450092246855 | échelle=0.787016036102 | coefficient=0.127863917765
  feature 08 | moyenne=0.501083333333 | échelle=0.151478385880 | coefficient=0.208288559755
  feature 09 | moyenne=0.944266666667 | échelle=0.118146685546 | coefficient=0.002998926603
  feature 10 | moyenne=1.870415170196 | échelle=0.404341034094 | coefficient=0.054101183132
  feature 11 | moyenne=3.450510228941 | échelle=0.788796958002 | coefficient=0.132310183241
  feature 12 | moyenne=3.500000000000 | échelle=0.500000000000 | coefficient=0.157104794049
  feature 13 | moyenne=0.948832328690 | échelle=0.078505024266 | coefficient=-0.010603287446
  feature 14 | moyenne=0.582059131773 | échelle=0.057939218899 | coefficient=-0.167313497883
  feature 15 | moyenne=1.121740756245 | échelle=0.207272693130 | coefficient=-0.048412275092
  feature 16 | moyenne=1.017705028858 | échelle=0.127075390814 | coefficient=-0.010420855361
  feature 17 | moyenne=1.028612156620 | échelle=0.095329883119 | coefficient=-0.029199176570
  feature 18 | moyenne=0.416774425019 | échelle=0.182071496701 | coefficient=0.080118101513
  feature 19 | moyenne=0.793004030743 | échelle=0.114578513744 | coefficient=0.620822579012

U_4 | moyenne cible=5.783146564489 | échelle cible=1.364019151576

U_4 — B0 — BASELINE
  intercept : 0.000000000000
  feature 00 | moyenne=0.685948642985 | échelle=0.163099481620 | coefficient=-0.351802374765
  feature 01 | moyenne=1.371395448461 | échelle=0.216233051035 | coefficient=0.647710335425
  feature 02 | moyenne=0.685841479555 | échelle=0.162983277241 | coefficient=-0.319476930112
  feature 03 | moyenne=1.371491212510 | échelle=0.217125111424 | coefficient=0.642162316316
  feature 04 | moyenne=0.501262500000 | échelle=0.151481296460 | coefficient=-0.098914573606
  feature 05 | moyenne=0.944425000000 | échelle=0.117316845728 | coefficient=0.003631992774
  feature 06 | moyenne=1.870494118210 | échelle=0.404515858827 | coefficient=0.485275395948
  feature 07 | moyenne=3.450092246855 | échelle=0.787016036102 | coefficient=-0.318237514362
  feature 08 | moyenne=0.501083333333 | échelle=0.151478385880 | coefficient=-0.117948699074
  feature 09 | moyenne=0.944266666667 | échelle=0.118146685546 | coefficient=-0.000316845469
  feature 10 | moyenne=1.870415170196 | échelle=0.404341034094 | coefficient=0.471342177469
  feature 11 | moyenne=3.450510228941 | échelle=0.788796958002 | coefficient=-0.310357314741
  feature 12 | moyenne=3.500000000000 | échelle=0.500000000000 | coefficient=0.040889105606

U_4 — B1 — BASELINE + O1
  intercept : 0.000000000000
  feature 00 | moyenne=0.685948642985 | échelle=0.163099481620 | coefficient=-0.401578846608
  feature 01 | moyenne=1.371395448461 | échelle=0.216233051035 | coefficient=0.628220382949
  feature 02 | moyenne=0.685841479555 | échelle=0.162983277241 | coefficient=-0.384668150180
  feature 03 | moyenne=1.371491212510 | échelle=0.217125111424 | coefficient=0.629031255300
  feature 04 | moyenne=0.501262500000 | échelle=0.151481296460 | coefficient=-0.012631090007
  feature 05 | moyenne=0.944425000000 | échelle=0.117316845728 | coefficient=0.021760305768
  feature 06 | moyenne=1.870494118210 | échelle=0.404515858827 | coefficient=0.271055802225
  feature 07 | moyenne=3.450092246855 | échelle=0.787016036102 | coefficient=-0.319057714244
  feature 08 | moyenne=0.501083333333 | échelle=0.151478385880 | coefficient=-0.015794347425
  feature 09 | moyenne=0.944266666667 | échelle=0.118146685546 | coefficient=0.020003411627
  feature 10 | moyenne=1.870415170196 | échelle=0.404341034094 | coefficient=0.250850986551
  feature 11 | moyenne=3.450510228941 | échelle=0.788796958002 | coefficient=-0.322628827975
  feature 12 | moyenne=3.500000000000 | échelle=0.500000000000 | coefficient=0.394596545420
  feature 13 | moyenne=0.416774425019 | échelle=0.182071496701 | coefficient=0.259604947640

U_4 — B2 — BASELINE + O2
  intercept : 0.000000000000
  feature 00 | moyenne=0.685948642985 | échelle=0.163099481620 | coefficient=-0.367648552294
  feature 01 | moyenne=1.371395448461 | échelle=0.216233051035 | coefficient=0.308729015260
  feature 02 | moyenne=0.685841479555 | échelle=0.162983277241 | coefficient=-0.333931043655
  feature 03 | moyenne=1.371491212510 | échelle=0.217125111424 | coefficient=0.256212491469
  feature 04 | moyenne=0.501262500000 | échelle=0.151481296460 | coefficient=0.055856070799
  feature 05 | moyenne=0.944425000000 | échelle=0.117316845728 | coefficient=-0.071888720832
  feature 06 | moyenne=1.870494118210 | échelle=0.404515858827 | coefficient=0.172585650337
  feature 07 | moyenne=3.450092246855 | échelle=0.787016036102 | coefficient=0.004609394463
  feature 08 | moyenne=0.501083333333 | échelle=0.151478385880 | coefficient=0.069022661605
  feature 09 | moyenne=0.944266666667 | échelle=0.118146685546 | coefficient=-0.073818423964
  feature 10 | moyenne=1.870415170196 | échelle=0.404341034094 | coefficient=0.088839071359
  feature 11 | moyenne=3.450510228941 | échelle=0.788796958002 | coefficient=0.114265475732
  feature 12 | moyenne=3.500000000000 | échelle=0.500000000000 | coefficient=0.070575493822
  feature 13 | moyenne=0.793004030743 | échelle=0.114578513744 | coefficient=0.606624672734

U_4 — B12 — BASELINE + O1 + O2
  intercept : 0.000000000000
  feature 00 | moyenne=0.685948642985 | échelle=0.163099481620 | coefficient=-0.372761232323
  feature 01 | moyenne=1.371395448461 | échelle=0.216233051035 | coefficient=0.317324783926
  feature 02 | moyenne=0.685841479555 | échelle=0.162983277241 | coefficient=-0.340827623387
  feature 03 | moyenne=1.371491212510 | échelle=0.217125111424 | coefficient=0.267021629498
  feature 04 | moyenne=0.501262500000 | échelle=0.151481296460 | coefficient=0.060664399281
  feature 05 | moyenne=0.944425000000 | échelle=0.117316845728 | coefficient=-0.067437885888
  feature 06 | moyenne=1.870494118210 | échelle=0.404515858827 | coefficient=0.158368723787
  feature 07 | moyenne=3.450092246855 | échelle=0.787016036102 | coefficient=-0.005764575001
  feature 08 | moyenne=0.501083333333 | échelle=0.151478385880 | coefficient=0.074596564873
  feature 09 | moyenne=0.944266666667 | échelle=0.118146685546 | coefficient=-0.069184527740
  feature 10 | moyenne=1.870415170196 | échelle=0.404341034094 | coefficient=0.076137671555
  feature 11 | moyenne=3.450510228941 | échelle=0.788796958002 | coefficient=0.099358052378
  feature 12 | moyenne=3.500000000000 | échelle=0.500000000000 | coefficient=0.109546294866
  feature 13 | moyenne=0.416774425019 | échelle=0.182071496701 | coefficient=0.029296647055
  feature 14 | moyenne=0.793004030743 | échelle=0.114578513744 | coefficient=0.587306053564

U_4 — BD — BASELINE + (O2 - O1), EXPLORATOIRE
  intercept : 0.000000000000
  feature 00 | moyenne=0.685948642985 | échelle=0.163099481620 | coefficient=-0.359501129004
  feature 01 | moyenne=1.371395448461 | échelle=0.216233051035 | coefficient=0.659857002610
  feature 02 | moyenne=0.685841479555 | échelle=0.162983277241 | coefficient=-0.329846822285
  feature 03 | moyenne=1.371491212510 | échelle=0.217125111424 | coefficient=0.657524575612
  feature 04 | moyenne=0.501262500000 | échelle=0.151481296460 | coefficient=-0.091369236029
  feature 05 | moyenne=0.944425000000 | échelle=0.117316845728 | coefficient=0.010139442106
  feature 06 | moyenne=1.870494118210 | échelle=0.404515858827 | coefficient=0.463281778664
  feature 07 | moyenne=3.450092246855 | échelle=0.787016036102 | coefficient=-0.333084980310
  feature 08 | moyenne=0.501083333333 | échelle=0.151478385880 | coefficient=-0.109185528699
  feature 09 | moyenne=0.944266666667 | échelle=0.118146685546 | coefficient=0.006469424935
  feature 10 | moyenne=1.870415170196 | échelle=0.404341034094 | coefficient=0.451468247769
  feature 11 | moyenne=3.450510228941 | échelle=0.788796958002 | coefficient=-0.331778850322
  feature 12 | moyenne=3.500000000000 | échelle=0.500000000000 | coefficient=0.099373376455
  feature 13 | moyenne=0.376229605724 | échelle=0.140416251623 | coefficient=-0.033869773263

U_4 — CK — BASELINE + δ + δ̄ (contraction)
  intercept : 0.000000000000
  feature 00 | moyenne=0.685948642985 | échelle=0.163099481620 | coefficient=-0.333462206516
  feature 01 | moyenne=1.371395448461 | échelle=0.216233051035 | coefficient=0.312518110812
  feature 02 | moyenne=0.685841479555 | échelle=0.162983277241 | coefficient=-0.326207277388
  feature 03 | moyenne=1.371491212510 | échelle=0.217125111424 | coefficient=0.387152493746
  feature 04 | moyenne=0.501262500000 | échelle=0.151481296460 | coefficient=0.009394999582
  feature 05 | moyenne=0.944425000000 | échelle=0.117316845728 | coefficient=0.113312249649
  feature 06 | moyenne=1.870494118210 | échelle=0.404515858827 | coefficient=0.597790413197
  feature 07 | moyenne=3.450092246855 | échelle=0.787016036102 | coefficient=-0.463986264364
  feature 08 | moyenne=0.501083333333 | échelle=0.151478385880 | coefficient=-0.003613202578
  feature 09 | moyenne=0.944266666667 | échelle=0.118146685546 | coefficient=0.108238992140
  feature 10 | moyenne=1.870415170196 | échelle=0.404341034094 | coefficient=0.607761563607
  feature 11 | moyenne=3.450510228941 | échelle=0.788796958002 | coefficient=-0.581281626839
  feature 12 | moyenne=3.500000000000 | échelle=0.500000000000 | coefficient=0.348151226811
  feature 13 | moyenne=0.948832328690 | échelle=0.078505024266 | coefficient=-0.004383967206
  feature 14 | moyenne=0.582059131773 | échelle=0.057939218899 | coefficient=-0.316031344600

U_4 — SK — BASELINE + δ + δ̄ + s2 + s3 (contraction + spectral s2/s3)
  intercept : 0.000000000000
  feature 00 | moyenne=0.685948642985 | échelle=0.163099481620 | coefficient=-0.234452978982
  feature 01 | moyenne=1.371395448461 | échelle=0.216233051035 | coefficient=0.168603225456
  feature 02 | moyenne=0.685841479555 | échelle=0.162983277241 | coefficient=-0.229869402151
  feature 03 | moyenne=1.371491212510 | échelle=0.217125111424 | coefficient=0.227067898229
  feature 04 | moyenne=0.501262500000 | échelle=0.151481296460 | coefficient=0.019171939908
  feature 05 | moyenne=0.944425000000 | échelle=0.117316845728 | coefficient=0.104028202252
  feature 06 | moyenne=1.870494118210 | échelle=0.404515858827 | coefficient=0.461210468021
  feature 07 | moyenne=3.450092246855 | échelle=0.787016036102 | coefficient=-0.230477438666
  feature 08 | moyenne=0.501083333333 | échelle=0.151478385880 | coefficient=0.011531634189
  feature 09 | moyenne=0.944266666667 | échelle=0.118146685546 | coefficient=0.097370697268
  feature 10 | moyenne=1.870415170196 | échelle=0.404341034094 | coefficient=0.464189618232
  feature 11 | moyenne=3.450510228941 | échelle=0.788796958002 | coefficient=-0.323238723146
  feature 12 | moyenne=3.500000000000 | échelle=0.500000000000 | coefficient=0.183868570296
  feature 13 | moyenne=0.948832328690 | échelle=0.078505024266 | coefficient=-0.005663197583
  feature 14 | moyenne=0.582059131773 | échelle=0.057939218899 | coefficient=-0.302247108180
  feature 15 | moyenne=1.121740756245 | échelle=0.207272693130 | coefficient=-0.130670946802
  feature 16 | moyenne=1.017705028858 | échelle=0.127075390814 | coefficient=-0.055420111771

U_4 — SKT — BASELINE + δ + δ̄ + s2 + s3 + O1 + O2 (contraction + spectral s2/s3 + TDI)
  intercept : 0.000000000000
  feature 00 | moyenne=0.685948642985 | échelle=0.163099481620 | coefficient=-0.277876375207
  feature 01 | moyenne=1.371395448461 | échelle=0.216233051035 | coefficient=-0.005310836174
  feature 02 | moyenne=0.685841479555 | échelle=0.162983277241 | coefficient=-0.267265794288
  feature 03 | moyenne=1.371491212510 | échelle=0.217125111424 | coefficient=-0.005435200662
  feature 04 | moyenne=0.501262500000 | échelle=0.151481296460 | coefficient=0.133526913241
  feature 05 | moyenne=0.944425000000 | échelle=0.117316845728 | coefficient=0.013088358144
  feature 06 | moyenne=1.870494118210 | échelle=0.404515858827 | coefficient=0.151663231421
  feature 07 | moyenne=3.450092246855 | échelle=0.787016036102 | coefficient=0.045124566571
  feature 08 | moyenne=0.501083333333 | échelle=0.151478385880 | coefficient=0.153269264586
  feature 09 | moyenne=0.944266666667 | échelle=0.118146685546 | coefficient=0.009229665949
  feature 10 | moyenne=1.870415170196 | échelle=0.404341034094 | coefficient=0.088885531470
  feature 11 | moyenne=3.450510228941 | échelle=0.788796958002 | coefficient=0.067762239222
  feature 12 | moyenne=3.500000000000 | échelle=0.500000000000 | coefficient=0.208979841025
  feature 13 | moyenne=0.948832328690 | échelle=0.078505024266 | coefficient=-0.010840762072
  feature 14 | moyenne=0.582059131773 | échelle=0.057939218899 | coefficient=-0.212155712428
  feature 15 | moyenne=1.121740756245 | échelle=0.207272693130 | coefficient=-0.110378456009
  feature 16 | moyenne=1.017705028858 | échelle=0.127075390814 | coefficient=-0.042833907177
  feature 17 | moyenne=0.416774425019 | échelle=0.182071496701 | coefficient=0.039586227613
  feature 18 | moyenne=0.793004030743 | échelle=0.114578513744 | coefficient=0.520104417476

U_4 — SK4 — BASELINE + δ + δ̄ + s2 + s3 + s4 (full exact spectral baseline)
  intercept : 0.000000000000
  feature 00 | moyenne=0.685948642985 | échelle=0.163099481620 | coefficient=-0.203910032472
  feature 01 | moyenne=1.371395448461 | échelle=0.216233051035 | coefficient=0.108066554078
  feature 02 | moyenne=0.685841479555 | échelle=0.162983277241 | coefficient=-0.184357028647
  feature 03 | moyenne=1.371491212510 | échelle=0.217125111424 | coefficient=0.143680326351
  feature 04 | moyenne=0.501262500000 | échelle=0.151481296460 | coefficient=0.028928485236
  feature 05 | moyenne=0.944425000000 | échelle=0.117316845728 | coefficient=0.104268205059
  feature 06 | moyenne=1.870494118210 | échelle=0.404515858827 | coefficient=0.402619238174
  feature 07 | moyenne=3.450092246855 | échelle=0.787016036102 | coefficient=-0.124847142220
  feature 08 | moyenne=0.501083333333 | échelle=0.151478385880 | coefficient=0.025733251508
  feature 09 | moyenne=0.944266666667 | échelle=0.118146685546 | coefficient=0.096140653662
  feature 10 | moyenne=1.870415170196 | échelle=0.404341034094 | coefficient=0.382972847909
  feature 11 | moyenne=3.450510228941 | échelle=0.788796958002 | coefficient=-0.184392195769
  feature 12 | moyenne=3.500000000000 | échelle=0.500000000000 | coefficient=0.112987239466
  feature 13 | moyenne=0.948832328690 | échelle=0.078505024266 | coefficient=-0.008148697505
  feature 14 | moyenne=0.582059131773 | échelle=0.057939218899 | coefficient=-0.295371542215
  feature 15 | moyenne=1.121740756245 | échelle=0.207272693130 | coefficient=-0.088659398131
  feature 16 | moyenne=1.017705028858 | échelle=0.127075390814 | coefficient=-0.023637175194
  feature 17 | moyenne=1.028612156620 | échelle=0.095329883119 | coefficient=-0.092586616298

U_4 — SKT4 — BASELINE + δ + δ̄ + s2 + s3 + s4 + O1 + O2 (full model)
  intercept : 0.000000000000
  feature 00 | moyenne=0.685948642985 | échelle=0.163099481620 | coefficient=-0.255715536997
  feature 01 | moyenne=1.371395448461 | échelle=0.216233051035 | coefficient=-0.047325825562
  feature 02 | moyenne=0.685841479555 | échelle=0.162983277241 | coefficient=-0.234430112377
  feature 03 | moyenne=1.371491212510 | échelle=0.217125111424 | coefficient=-0.063391714362
  feature 04 | moyenne=0.501262500000 | échelle=0.151481296460 | coefficient=0.140017894022
  feature 05 | moyenne=0.944425000000 | échelle=0.117316845728 | coefficient=0.014268809981
  feature 06 | moyenne=1.870494118210 | échelle=0.404515858827 | coefficient=0.110731236998
  feature 07 | moyenne=3.450092246855 | échelle=0.787016036102 | coefficient=0.118848740369
  feature 08 | moyenne=0.501083333333 | échelle=0.151478385880 | coefficient=0.162815833081
  feature 09 | moyenne=0.944266666667 | échelle=0.118146685546 | coefficient=0.009334433327
  feature 10 | moyenne=1.870415170196 | échelle=0.404341034094 | coefficient=0.032182088608
  feature 11 | moyenne=3.450510228941 | échelle=0.788796958002 | coefficient=0.164338196835
  feature 12 | moyenne=3.500000000000 | échelle=0.500000000000 | coefficient=0.159922262628
  feature 13 | moyenne=0.948832328690 | échelle=0.078505024266 | coefficient=-0.012567083127
  feature 14 | moyenne=0.582059131773 | échelle=0.057939218899 | coefficient=-0.207939600911
  feature 15 | moyenne=1.121740756245 | échelle=0.207272693130 | coefficient=-0.080147644127
  feature 16 | moyenne=1.017705028858 | échelle=0.127075390814 | coefficient=-0.019941960955
  feature 17 | moyenne=1.028612156620 | échelle=0.095329883119 | coefficient=-0.067045107635
  feature 18 | moyenne=0.416774425019 | échelle=0.182071496701 | coefficient=0.041148087411
  feature 19 | moyenne=0.793004030743 | échelle=0.114578513744 | coefficient=0.514799766987

U_5 | moyenne cible=7.427158893089 | échelle cible=1.744764882899

U_5 — B0 — BASELINE
  intercept : 0.000000000000
  feature 00 | moyenne=0.685948642985 | échelle=0.163099481620 | coefficient=-0.378373728068
  feature 01 | moyenne=1.371395448461 | échelle=0.216233051035 | coefficient=0.714491412154
  feature 02 | moyenne=0.685841479555 | échelle=0.162983277241 | coefficient=-0.341692280178
  feature 03 | moyenne=1.371491212510 | échelle=0.217125111424 | coefficient=0.703070806608
  feature 04 | moyenne=0.501262500000 | échelle=0.151481296460 | coefficient=-0.122085348707
  feature 05 | moyenne=0.944425000000 | échelle=0.117316845728 | coefficient=-0.010250799660
  feature 06 | moyenne=1.870494118210 | échelle=0.404515858827 | coefficient=0.488462206219
  feature 07 | moyenne=3.450092246855 | échelle=0.787016036102 | coefficient=-0.388811315805
  feature 08 | moyenne=0.501083333333 | échelle=0.151478385880 | coefficient=-0.142617043913
  feature 09 | moyenne=0.944266666667 | échelle=0.118146685546 | coefficient=-0.007645147271
  feature 10 | moyenne=1.870415170196 | échelle=0.404341034094 | coefficient=0.480637368427
  feature 11 | moyenne=3.450510228941 | échelle=0.788796958002 | coefficient=-0.383570895465
  feature 12 | moyenne=3.500000000000 | échelle=0.500000000000 | coefficient=0.149558932393

U_5 — B1 — BASELINE + O1
  intercept : 0.000000000000
  feature 00 | moyenne=0.685948642985 | échelle=0.163099481620 | coefficient=-0.419164238582
  feature 01 | moyenne=1.371395448461 | échelle=0.216233051035 | coefficient=0.698519908309
  feature 02 | moyenne=0.685841479555 | échelle=0.162983277241 | coefficient=-0.395114771753
  feature 03 | moyenne=1.371491212510 | échelle=0.217125111424 | coefficient=0.692310247198
  feature 04 | moyenne=0.501262500000 | échelle=0.151481296460 | coefficient=-0.051378301490
  feature 05 | moyenne=0.944425000000 | échelle=0.117316845728 | coefficient=0.004604876414
  feature 06 | moyenne=1.870494118210 | échelle=0.404515858827 | coefficient=0.312914879005
  feature 07 | moyenne=3.450092246855 | échelle=0.787016036102 | coefficient=-0.389483448053
  feature 08 | moyenne=0.501083333333 | échelle=0.151478385880 | coefficient=-0.058904237425
  feature 09 | moyenne=0.944266666667 | échelle=0.118146685546 | coefficient=0.009006769389
  feature 10 | moyenne=1.870415170196 | échelle=0.404341034094 | coefficient=0.299950632134
  feature 11 | moyenne=3.450510228941 | échelle=0.788796958002 | coefficient=-0.393627078056
  feature 12 | moyenne=3.500000000000 | échelle=0.500000000000 | coefficient=0.439412883639
  feature 13 | moyenne=0.416774425019 | échelle=0.182071496701 | coefficient=0.212739431989

U_5 — B2 — BASELINE + O2
  intercept : 0.000000000000
  feature 00 | moyenne=0.685948642985 | échelle=0.163099481620 | coefficient=-0.392293535658
  feature 01 | moyenne=1.371395448461 | échelle=0.216233051035 | coefficient=0.416718984414
  feature 02 | moyenne=0.685841479555 | échelle=0.162983277241 | coefficient=-0.354389252621
  feature 03 | moyenne=1.371491212510 | échelle=0.217125111424 | coefficient=0.364039687505
  feature 04 | moyenne=0.501262500000 | échelle=0.151481296460 | coefficient=0.013870315471
  feature 05 | moyenne=0.944425000000 | échelle=0.117316845728 | coefficient=-0.076590697752
  feature 06 | moyenne=1.870494118210 | échelle=0.404515858827 | coefficient=0.213785169046
  feature 07 | moyenne=3.450092246855 | échelle=0.787016036102 | coefficient=-0.105211889789
  feature 08 | moyenne=0.501083333333 | échelle=0.151478385880 | coefficient=0.021624796788
  feature 09 | moyenne=0.944266666667 | échelle=0.118146685546 | coefficient=-0.072211370154
  feature 10 | moyenne=1.870415170196 | échelle=0.404341034094 | coefficient=0.144633961311
  feature 11 | moyenne=3.450510228941 | échelle=0.788796958002 | coefficient=-0.010568161476
  feature 12 | moyenne=3.500000000000 | échelle=0.500000000000 | coefficient=0.175636439808
  feature 13 | moyenne=0.793004030743 | échelle=0.114578513744 | coefficient=0.532879220126

U_5 — B12 — BASELINE + O1 + O2
  intercept : 0.000000000000
  feature 00 | moyenne=0.685948642985 | échelle=0.163099481620 | coefficient=-0.393181921622
  feature 01 | moyenne=1.371395448461 | échelle=0.216233051035 | coefficient=0.418212596412
  feature 02 | moyenne=0.685841479555 | échelle=0.162983277241 | coefficient=-0.355587611329
  feature 03 | moyenne=1.371491212510 | échelle=0.217125111424 | coefficient=0.365917897457
  feature 04 | moyenne=0.501262500000 | échelle=0.151481296460 | coefficient=0.014705816913
  feature 05 | moyenne=0.944425000000 | échelle=0.117316845728 | coefficient=-0.075817314855
  feature 06 | moyenne=1.870494118210 | échelle=0.404515858827 | coefficient=0.211314817307
  feature 07 | moyenne=3.450092246855 | échelle=0.787016036102 | coefficient=-0.107014484282
  feature 08 | moyenne=0.501083333333 | échelle=0.151478385880 | coefficient=0.022593325505
  feature 09 | moyenne=0.944266666667 | échelle=0.118146685546 | coefficient=-0.071406178290
  feature 10 | moyenne=1.870415170196 | échelle=0.404341034094 | coefficient=0.142426949480
  feature 11 | moyenne=3.450510228941 | échelle=0.788796958002 | coefficient=-0.013158494842
  feature 12 | moyenne=3.500000000000 | échelle=0.500000000000 | coefficient=0.182408057133
  feature 13 | moyenne=0.416774425019 | échelle=0.182071496701 | coefficient=0.005090623683
  feature 14 | moyenne=0.793004030743 | échelle=0.114578513744 | coefficient=0.529522391609

U_5 — BD — BASELINE + (O2 - O1), EXPLORATOIRE
  intercept : 0.000000000000
  feature 00 | moyenne=0.685948642985 | échelle=0.163099481620 | coefficient=-0.381519986413
  feature 01 | moyenne=1.371395448461 | échelle=0.216233051035 | coefficient=0.719455403964
  feature 02 | moyenne=0.685841479555 | échelle=0.162983277241 | coefficient=-0.345930155395
  feature 03 | moyenne=1.371491212510 | échelle=0.217125111424 | coefficient=0.709348917976
  feature 04 | moyenne=0.501262500000 | échelle=0.151481296460 | coefficient=-0.119001787318
  feature 05 | moyenne=0.944425000000 | échelle=0.117316845728 | coefficient=-0.007591393199
  feature 06 | moyenne=1.870494118210 | échelle=0.404515858827 | coefficient=0.479474050503
  feature 07 | moyenne=3.450092246855 | échelle=0.787016036102 | coefficient=-0.394879046011
  feature 08 | moyenne=0.501083333333 | échelle=0.151478385880 | coefficient=-0.139035789457
  feature 09 | moyenne=0.944266666667 | échelle=0.118146685546 | coefficient=-0.004871794696
  feature 10 | moyenne=1.870415170196 | échelle=0.404341034094 | coefficient=0.472515467763
  feature 11 | moyenne=3.450510228941 | échelle=0.788796958002 | coefficient=-0.392325257923
  feature 12 | moyenne=3.500000000000 | échelle=0.500000000000 | coefficient=0.173459763553
  feature 13 | moyenne=0.376229605724 | échelle=0.140416251623 | coefficient=-0.013841597415

U_5 — CK — BASELINE + δ + δ̄ (contraction)
  intercept : 0.000000000000
  feature 00 | moyenne=0.685948642985 | échelle=0.163099481620 | coefficient=-0.359403922795
  feature 01 | moyenne=1.371395448461 | échelle=0.216233051035 | coefficient=0.369149027737
  feature 02 | moyenne=0.685841479555 | échelle=0.162983277241 | coefficient=-0.348510926161
  feature 03 | moyenne=1.371491212510 | échelle=0.217125111424 | coefficient=0.440273159648
  feature 04 | moyenne=0.501262500000 | échelle=0.151481296460 | coefficient=-0.010387765553
  feature 05 | moyenne=0.944425000000 | échelle=0.117316845728 | coefficient=0.102777169040
  feature 06 | moyenne=1.870494118210 | échelle=0.404515858827 | coefficient=0.604078231240
  feature 07 | moyenne=3.450092246855 | échelle=0.787016036102 | coefficient=-0.538909995192
  feature 08 | moyenne=0.501083333333 | échelle=0.151478385880 | coefficient=-0.024692780707
  feature 09 | moyenne=0.944266666667 | échelle=0.118146685546 | coefficient=0.104221505640
  feature 10 | moyenne=1.870415170196 | échelle=0.404341034094 | coefficient=0.620790730930
  feature 11 | moyenne=3.450510228941 | échelle=0.788796958002 | coefficient=-0.662509839706
  feature 12 | moyenne=3.500000000000 | échelle=0.500000000000 | coefficient=0.466438396092
  feature 13 | moyenne=0.948832328690 | échelle=0.078505024266 | coefficient=-0.005481053996
  feature 14 | moyenne=0.582059131773 | échelle=0.057939218899 | coefficient=-0.324994730683

U_5 — SK — BASELINE + δ + δ̄ + s2 + s3 (contraction + spectral s2/s3)
  intercept : 0.000000000000
  feature 00 | moyenne=0.685948642985 | échelle=0.163099481620 | coefficient=-0.235589696059
  feature 01 | moyenne=1.371395448461 | échelle=0.216233051035 | coefficient=0.188719625420
  feature 02 | moyenne=0.685841479555 | échelle=0.162983277241 | coefficient=-0.227506668637
  feature 03 | moyenne=1.371491212510 | échelle=0.217125111424 | coefficient=0.239010499581
  feature 04 | moyenne=0.501262500000 | échelle=0.151481296460 | coefficient=0.002093459608
  feature 05 | moyenne=0.944425000000 | échelle=0.117316845728 | coefficient=0.091333587511
  feature 06 | moyenne=1.870494118210 | échelle=0.404515858827 | coefficient=0.432916844847
  feature 07 | moyenne=3.450092246855 | échelle=0.787016036102 | coefficient=-0.246360397046
  feature 08 | moyenne=0.501083333333 | échelle=0.151478385880 | coefficient=-0.005375351914
  feature 09 | moyenne=0.944266666667 | échelle=0.118146685546 | coefficient=0.090651705911
  feature 10 | moyenne=1.870415170196 | échelle=0.404341034094 | coefficient=0.439859953343
  feature 11 | moyenne=3.450510228941 | échelle=0.788796958002 | coefficient=-0.337847774603
  feature 12 | moyenne=3.500000000000 | échelle=0.500000000000 | coefficient=0.260958240561
  feature 13 | moyenne=0.948832328690 | échelle=0.078505024266 | coefficient=-0.007117385999
  feature 14 | moyenne=0.582059131773 | échelle=0.057939218899 | coefficient=-0.307895175479
  feature 15 | moyenne=1.121740756245 | échelle=0.207272693130 | coefficient=-0.160644416568
  feature 16 | moyenne=1.017705028858 | échelle=0.127075390814 | coefficient=-0.071809809018

U_5 — SKT — BASELINE + δ + δ̄ + s2 + s3 + O1 + O2 (contraction + spectral s2/s3 + TDI)
  intercept : 0.000000000000
  feature 00 | moyenne=0.685948642985 | échelle=0.163099481620 | coefficient=-0.269896192522
  feature 01 | moyenne=1.371395448461 | échelle=0.216233051035 | coefficient=0.037422075670
  feature 02 | moyenne=0.685841479555 | échelle=0.162983277241 | coefficient=-0.255710049132
  feature 03 | moyenne=1.371491212510 | échelle=0.217125111424 | coefficient=0.036811470993
  feature 04 | moyenne=0.501262500000 | échelle=0.151481296460 | coefficient=0.096313479522
  feature 05 | moyenne=0.944425000000 | échelle=0.117316845728 | coefficient=0.011763343608
  feature 06 | moyenne=1.870494118210 | échelle=0.404515858827 | coefficient=0.178362600960
  feature 07 | moyenne=3.450092246855 | échelle=0.787016036102 | coefficient=-0.007615668384
  feature 08 | moyenne=0.501083333333 | échelle=0.151478385880 | coefficient=0.111623485790
  feature 09 | moyenne=0.944266666667 | échelle=0.118146685546 | coefficient=0.013363205262
  feature 10 | moyenne=1.870415170196 | échelle=0.404341034094 | coefficient=0.128744035275
  feature 11 | moyenne=3.450510228941 | échelle=0.788796958002 | coefficient=0.001225371130
  feature 12 | moyenne=3.500000000000 | échelle=0.500000000000 | coefficient=0.261428004857
  feature 13 | moyenne=0.948832328690 | échelle=0.078505024266 | coefficient=-0.011784350270
  feature 14 | moyenne=0.582059131773 | échelle=0.057939218899 | coefficient=-0.231046620880
  feature 15 | moyenne=1.121740756245 | échelle=0.207272693130 | coefficient=-0.143171264603
  feature 16 | moyenne=1.017705028858 | échelle=0.127075390814 | coefficient=-0.060933606995
  feature 17 | moyenne=0.416774425019 | échelle=0.182071496701 | coefficient=0.017758735925
  feature 18 | moyenne=0.793004030743 | échelle=0.114578513744 | coefficient=0.451259460490

U_5 — SK4 — BASELINE + δ + δ̄ + s2 + s3 + s4 (full exact spectral baseline)
  intercept : 0.000000000000
  feature 00 | moyenne=0.685948642985 | échelle=0.163099481620 | coefficient=-0.194273712054
  feature 01 | moyenne=1.371395448461 | échelle=0.216233051035 | coefficient=0.106830599240
  feature 02 | moyenne=0.685841479555 | échelle=0.162983277241 | coefficient=-0.165941275948
  feature 03 | moyenne=1.371491212510 | échelle=0.217125111424 | coefficient=0.126210656093
  feature 04 | moyenne=0.501262500000 | échelle=0.151481296460 | coefficient=0.015291311053
  feature 05 | moyenne=0.944425000000 | échelle=0.117316845728 | coefficient=0.091658243554
  feature 06 | moyenne=1.870494118210 | échelle=0.404515858827 | coefficient=0.353659451837
  feature 07 | moyenne=3.450092246855 | échelle=0.787016036102 | coefficient=-0.103472426592
  feature 08 | moyenne=0.501083333333 | échelle=0.151478385880 | coefficient=0.013835427039
  feature 09 | moyenne=0.944266666667 | échelle=0.118146685546 | coefficient=0.088987804168
  feature 10 | moyenne=1.870415170196 | échelle=0.404341034094 | coefficient=0.329996591517
  feature 11 | moyenne=3.450510228941 | échelle=0.788796958002 | coefficient=-0.150027621021
  feature 12 | moyenne=3.500000000000 | échelle=0.500000000000 | coefficient=0.165075810556
  feature 13 | moyenne=0.948832328690 | échelle=0.078505024266 | coefficient=-0.010479565707
  feature 14 | moyenne=0.582059131773 | échelle=0.057939218899 | coefficient=-0.298594475780
  feature 15 | moyenne=1.121740756245 | échelle=0.207272693130 | coefficient=-0.103814651555
  feature 16 | moyenne=1.017705028858 | échelle=0.127075390814 | coefficient=-0.028816468515
  feature 17 | moyenne=1.028612156620 | échelle=0.095329883119 | coefficient=-0.125243553592

U_5 — SKT4 — BASELINE + δ + δ̄ + s2 + s3 + s4 + O1 + O2 (full model)
  intercept : 0.000000000000
  feature 00 | moyenne=0.685948642985 | échelle=0.163099481620 | coefficient=-0.235717338828
  feature 01 | moyenne=1.371395448461 | échelle=0.216233051035 | coefficient=-0.027378008225
  feature 02 | moyenne=0.685841479555 | échelle=0.162983277241 | coefficient=-0.205067291069
  feature 03 | moyenne=1.371491212510 | échelle=0.217125111424 | coefficient=-0.052575364629
  feature 04 | moyenne=0.501262500000 | échelle=0.151481296460 | coefficient=0.106324575688
  feature 05 | moyenne=0.944425000000 | échelle=0.117316845728 | coefficient=0.013583964754
  feature 06 | moyenne=1.870494118210 | échelle=0.404515858827 | coefficient=0.115232829627
  feature 07 | moyenne=3.450092246855 | échelle=0.787016036102 | coefficient=0.106089766671
  feature 08 | moyenne=0.501083333333 | échelle=0.151478385880 | coefficient=0.126347241487
  feature 09 | moyenne=0.944266666667 | échelle=0.118146685546 | coefficient=0.013524788902
  feature 10 | moyenne=1.870415170196 | échelle=0.404341034094 | coefficient=0.041289821717
  feature 11 | moyenne=3.450510228941 | échelle=0.788796958002 | coefficient=0.150175311301
  feature 12 | moyenne=3.500000000000 | échelle=0.500000000000 | coefficient=0.185766074623
  feature 13 | moyenne=0.948832328690 | échelle=0.078505024266 | coefficient=-0.014446870263
  feature 14 | moyenne=0.582059131773 | échelle=0.057939218899 | coefficient=-0.224544075384
  feature 15 | moyenne=1.121740756245 | échelle=0.207272693130 | coefficient=-0.096546020262
  feature 16 | moyenne=1.017705028858 | échelle=0.127075390814 | coefficient=-0.025627159051
  feature 17 | moyenne=1.028612156620 | échelle=0.095329883119 | coefficient=-0.103404253168
  feature 18 | moyenne=0.416774425019 | échelle=0.182071496701 | coefficient=0.020167605888
  feature 19 | moyenne=0.793004030743 | échelle=0.114578513744 | coefficient=0.443078051860

U_6 | moyenne cible=9.051358857076 | échelle cible=2.140630851018

U_6 — B0 — BASELINE
  intercept : 0.000000000000
  feature 00 | moyenne=0.685948642985 | échelle=0.163099481620 | coefficient=-0.385963892867
  feature 01 | moyenne=1.371395448461 | échelle=0.216233051035 | coefficient=0.732463293222
  feature 02 | moyenne=0.685841479555 | échelle=0.162983277241 | coefficient=-0.386855761941
  feature 03 | moyenne=1.371491212510 | échelle=0.217125111424 | coefficient=0.753893609204
  feature 04 | moyenne=0.501262500000 | échelle=0.151481296460 | coefficient=-0.124119604065
  feature 05 | moyenne=0.944425000000 | échelle=0.117316845728 | coefficient=-0.016818616349
  feature 06 | moyenne=1.870494118210 | échelle=0.404515858827 | coefficient=0.463075739530
  feature 07 | moyenne=3.450092246855 | échelle=0.787016036102 | coefficient=-0.404001212178
  feature 08 | moyenne=0.501083333333 | échelle=0.151478385880 | coefficient=-0.137236770358
  feature 09 | moyenne=0.944266666667 | échelle=0.118146685546 | coefficient=-0.009241017430
  feature 10 | moyenne=1.870415170196 | échelle=0.404341034094 | coefficient=0.497545391004
  feature 11 | moyenne=3.450510228941 | échelle=0.788796958002 | coefficient=-0.463907999287
  feature 12 | moyenne=3.500000000000 | échelle=0.500000000000 | coefficient=0.244673486870

U_6 — B1 — BASELINE + O1
  intercept : 0.000000000000
  feature 00 | moyenne=0.685948642985 | échelle=0.163099481620 | coefficient=-0.420646895938
  feature 01 | moyenne=1.371395448461 | échelle=0.216233051035 | coefficient=0.718883180840
  feature 02 | moyenne=0.685841479555 | échelle=0.162983277241 | coefficient=-0.432279376796
  feature 03 | moyenne=1.371491212510 | échelle=0.217125111424 | coefficient=0.744744213662
  feature 04 | moyenne=0.501262500000 | échelle=0.151481296460 | coefficient=-0.063999426482
  feature 05 | moyenne=0.944425000000 | échelle=0.117316845728 | coefficient=-0.004187260369
  feature 06 | moyenne=1.870494118210 | échelle=0.404515858827 | coefficient=0.313812873925
  feature 07 | moyenne=3.450092246855 | échelle=0.787016036102 | coefficient=-0.404572706982
  feature 08 | moyenne=0.501083333333 | échelle=0.151478385880 | coefficient=-0.066058168083
  feature 09 | moyenne=0.944266666667 | échelle=0.118146685546 | coefficient=0.004917630485
  feature 10 | moyenne=1.870415170196 | échelle=0.404341034094 | coefficient=0.343912633023
  feature 11 | moyenne=3.450510228941 | échelle=0.788796958002 | coefficient=-0.472458483390
  feature 12 | moyenne=3.500000000000 | échelle=0.500000000000 | coefficient=0.491128001767
  feature 13 | moyenne=0.416774425019 | échelle=0.182071496701 | coefficient=0.180886247315

U_6 — B2 — BASELINE + O2
  intercept : 0.000000000000
  feature 00 | moyenne=0.685948642985 | échelle=0.163099481620 | coefficient=-0.398574604147
  feature 01 | moyenne=1.371395448461 | échelle=0.216233051035 | coefficient=0.462695044672
  feature 02 | moyenne=0.685841479555 | échelle=0.162983277241 | coefficient=-0.398358640309
  feature 03 | moyenne=1.371491212510 | échelle=0.217125111424 | coefficient=0.446746866645
  feature 04 | moyenne=0.501262500000 | échelle=0.151481296460 | coefficient=-0.000949968500
  feature 05 | moyenne=0.944425000000 | échelle=0.117316845728 | coefficient=-0.076919540578
  feature 06 | moyenne=1.870494118210 | échelle=0.404515858827 | coefficient=0.214230862262
  feature 07 | moyenne=3.450092246855 | échelle=0.787016036102 | coefficient=-0.147073057256
  feature 08 | moyenne=0.501083333333 | échelle=0.151478385880 | coefficient=0.011558851993
  feature 09 | moyenne=0.944266666667 | échelle=0.118146685546 | coefficient=-0.067735072756
  feature 10 | moyenne=1.870415170196 | échelle=0.404341034094 | coefficient=0.193141617517
  feature 11 | moyenne=3.450510228941 | échelle=0.788796958002 | coefficient=-0.125984521899
  feature 12 | moyenne=3.500000000000 | échelle=0.500000000000 | coefficient=0.268298520105
  feature 13 | moyenne=0.793004030743 | échelle=0.114578513744 | coefficient=0.482764287455

U_6 — B12 — BASELINE + O1 + O2
  intercept : 0.000000000000
  feature 00 | moyenne=0.685948642985 | échelle=0.163099481620 | coefficient=-0.396591135599
  feature 01 | moyenne=1.371395448461 | échelle=0.216233051035 | coefficient=0.459360308936
  feature 02 | moyenne=0.685841479555 | échelle=0.162983277241 | coefficient=-0.395683106360
  feature 03 | moyenne=1.371491212510 | échelle=0.217125111424 | coefficient=0.442553452390
  feature 04 | moyenne=0.501262500000 | échelle=0.151481296460 | coefficient=-0.002815363609
  feature 05 | moyenne=0.944425000000 | échelle=0.117316845728 | coefficient=-0.078646245765
  feature 06 | moyenne=1.870494118210 | échelle=0.404515858827 | coefficient=0.219746330961
  feature 07 | moyenne=3.450092246855 | échelle=0.787016036102 | coefficient=-0.143048467013
  feature 08 | moyenne=0.501083333333 | échelle=0.151478385880 | coefficient=0.009396451498
  feature 09 | moyenne=0.944266666667 | échelle=0.118146685546 | coefficient=-0.069532796722
  feature 10 | moyenne=1.870415170196 | échelle=0.404341034094 | coefficient=0.198069136332
  feature 11 | moyenne=3.450510228941 | échelle=0.788796958002 | coefficient=-0.120201174380
  feature 12 | moyenne=3.500000000000 | échelle=0.500000000000 | coefficient=0.253179764824
  feature 13 | moyenne=0.416774425019 | échelle=0.182071496701 | coefficient=-0.011365659045
  feature 14 | moyenne=0.793004030743 | échelle=0.114578513744 | coefficient=0.490258962129

U_6 — BD — BASELINE + (O2 - O1), EXPLORATOIRE
  intercept : 0.000000000000
  feature 00 | moyenne=0.685948642985 | échelle=0.163099481620 | coefficient=-0.386015257286
  feature 01 | moyenne=1.371395448461 | échelle=0.216233051035 | coefficient=0.732544333151
  feature 02 | moyenne=0.685841479555 | échelle=0.162983277241 | coefficient=-0.386924947613
  feature 03 | moyenne=1.371491212510 | échelle=0.217125111424 | coefficient=0.753996102866
  feature 04 | moyenne=0.501262500000 | échelle=0.151481296460 | coefficient=-0.124069263209
  feature 05 | moyenne=0.944425000000 | échelle=0.117316845728 | coefficient=-0.016775200058
  feature 06 | moyenne=1.870494118210 | échelle=0.404515858827 | coefficient=0.462929002885
  feature 07 | moyenne=3.450092246855 | échelle=0.787016036102 | coefficient=-0.404100271251
  feature 08 | moyenne=0.501083333333 | échelle=0.151478385880 | coefficient=-0.137178304385
  feature 09 | moyenne=0.944266666667 | échelle=0.118146685546 | coefficient=-0.009195740906
  feature 10 | moyenne=1.870415170196 | échelle=0.404341034094 | coefficient=0.497412796454
  feature 11 | moyenne=3.450510228941 | échelle=0.788796958002 | coefficient=-0.464050919127
  feature 12 | moyenne=3.500000000000 | échelle=0.500000000000 | coefficient=0.245063681242
  feature 13 | moyenne=0.376229605724 | échelle=0.140416251623 | coefficient=-0.000225971782

U_6 — CK — BASELINE + δ + δ̄ (contraction)
  intercept : 0.000000000000
  feature 00 | moyenne=0.685948642985 | échelle=0.163099481620 | coefficient=-0.366531638075
  feature 01 | moyenne=1.371395448461 | échelle=0.216233051035 | coefficient=0.380624334102
  feature 02 | moyenne=0.685841479555 | échelle=0.162983277241 | coefficient=-0.393638457325
  feature 03 | moyenne=1.371491212510 | échelle=0.217125111424 | coefficient=0.486058784507
  feature 04 | moyenne=0.501262500000 | échelle=0.151481296460 | coefficient=-0.010166902911
  feature 05 | moyenne=0.944425000000 | échelle=0.117316845728 | coefficient=0.098373191273
  feature 06 | moyenne=1.870494118210 | échelle=0.404515858827 | coefficient=0.580431491811
  feature 07 | moyenne=3.450092246855 | échelle=0.787016036102 | coefficient=-0.556833153879
  feature 08 | moyenne=0.501083333333 | échelle=0.151478385880 | coefficient=-0.016914260286
  feature 09 | moyenne=0.944266666667 | échelle=0.118146685546 | coefficient=0.104763579587
  feature 10 | moyenne=1.870415170196 | échelle=0.404341034094 | coefficient=0.639770847391
  feature 11 | moyenne=3.450510228941 | échelle=0.788796958002 | coefficient=-0.747825068843
  feature 12 | moyenne=3.500000000000 | échelle=0.500000000000 | coefficient=0.567959021557
  feature 13 | moyenne=0.948832328690 | échelle=0.078505024266 | coefficient=-0.006955210182
  feature 14 | moyenne=0.582059131773 | échelle=0.057939218899 | coefficient=-0.330246157423

U_6 — SK — BASELINE + δ + δ̄ + s2 + s3 (contraction + spectral s2/s3)
  intercept : 0.000000000000
  feature 00 | moyenne=0.685948642985 | échelle=0.163099481620 | coefficient=-0.225889735494
  feature 01 | moyenne=1.371395448461 | échelle=0.216233051035 | coefficient=0.175185581594
  feature 02 | moyenne=0.685841479555 | échelle=0.162983277241 | coefficient=-0.255625588775
  feature 03 | moyenne=1.371491212510 | échelle=0.217125111424 | coefficient=0.256305632611
  feature 04 | moyenne=0.501262500000 | échelle=0.151481296460 | coefficient=0.004280963572
  feature 05 | moyenne=0.944425000000 | échelle=0.117316845728 | coefficient=0.085550821021
  feature 06 | moyenne=1.870494118210 | échelle=0.404515858827 | coefficient=0.385621605371
  feature 07 | moyenne=3.450092246855 | échelle=0.787016036102 | coefficient=-0.223950925081
  feature 08 | moyenne=0.501083333333 | échelle=0.151478385880 | coefficient=0.005429891248
  feature 09 | moyenne=0.944266666667 | échelle=0.118146685546 | coefficient=0.089372147669
  feature 10 | moyenne=1.870415170196 | échelle=0.404341034094 | coefficient=0.432775902004
  feature 11 | moyenne=3.450510228941 | échelle=0.788796958002 | coefficient=-0.376947256978
  feature 12 | moyenne=3.500000000000 | échelle=0.500000000000 | coefficient=0.334510123006
  feature 13 | moyenne=0.948832328690 | échelle=0.078505024266 | coefficient=-0.008852771947
  feature 14 | moyenne=0.582059131773 | échelle=0.057939218899 | coefficient=-0.310969044151
  feature 15 | moyenne=1.121740756245 | échelle=0.207272693130 | coefficient=-0.179546202800
  feature 16 | moyenne=1.017705028858 | échelle=0.127075390814 | coefficient=-0.084226707426

U_6 — SKT — BASELINE + δ + δ̄ + s2 + s3 + O1 + O2 (contraction + spectral s2/s3 + TDI)
  intercept : 0.000000000000
  feature 00 | moyenne=0.685948642985 | échelle=0.163099481620 | coefficient=-0.254002964424
  feature 01 | moyenne=1.371395448461 | échelle=0.216233051035 | coefficient=0.039197494219
  feature 02 | moyenne=0.685841479555 | échelle=0.162983277241 | coefficient=-0.277578753679
  feature 03 | moyenne=1.371491212510 | échelle=0.217125111424 | coefficient=0.074620323770
  feature 04 | moyenne=0.501262500000 | échelle=0.151481296460 | coefficient=0.084838106345
  feature 05 | moyenne=0.944425000000 | échelle=0.117316845728 | coefficient=0.013673951586
  feature 06 | moyenne=1.870494118210 | échelle=0.404515858827 | coefficient=0.168385971049
  feature 07 | moyenne=3.450092246855 | échelle=0.787016036102 | coefficient=-0.010161867236
  feature 08 | moyenne=0.501083333333 | échelle=0.151478385880 | coefficient=0.105642861030
  feature 09 | moyenne=0.944266666667 | échelle=0.118146685546 | coefficient=0.019426043005
  feature 10 | moyenne=1.870415170196 | échelle=0.404341034094 | coefficient=0.165207012119
  feature 11 | moyenne=3.450510228941 | échelle=0.788796958002 | coefficient=-0.073031662079
  feature 12 | moyenne=3.500000000000 | échelle=0.500000000000 | coefficient=0.318164771512
  feature 13 | moyenne=0.948832328690 | échelle=0.078505024266 | coefficient=-0.013175130008
  feature 14 | moyenne=0.582059131773 | échelle=0.057939218899 | coefficient=-0.243094407801
  feature 15 | moyenne=1.121740756245 | échelle=0.207272693130 | coefficient=-0.163982642978
  feature 16 | moyenne=1.017705028858 | échelle=0.127075390814 | coefficient=-0.074508494483
  feature 17 | moyenne=0.416774425019 | échelle=0.182071496701 | coefficient=0.002878108709
  feature 18 | moyenne=0.793004030743 | échelle=0.114578513744 | coefficient=0.404649631203

U_6 — SK4 — BASELINE + δ + δ̄ + s2 + s3 + s4 (full exact spectral baseline)
  intercept : 0.000000000000
  feature 00 | moyenne=0.685948642985 | échelle=0.163099481620 | coefficient=-0.177039669326
  feature 01 | moyenne=1.371395448461 | échelle=0.216233051035 | coefficient=0.078363868552
  feature 02 | moyenne=0.685841479555 | échelle=0.162983277241 | coefficient=-0.182833579122
  feature 03 | moyenne=1.371491212510 | échelle=0.217125111424 | coefficient=0.122936430574
  feature 04 | moyenne=0.501262500000 | échelle=0.151481296460 | coefficient=0.019885479158
  feature 05 | moyenne=0.944425000000 | échelle=0.117316845728 | coefficient=0.085934678977
  feature 06 | moyenne=1.870494118210 | échelle=0.404515858827 | coefficient=0.291911410972
  feature 07 | moyenne=3.450092246855 | échelle=0.787016036102 | coefficient=-0.055006944212
  feature 08 | moyenne=0.501083333333 | échelle=0.151478385880 | coefficient=0.028143808043
  feature 09 | moyenne=0.944266666667 | échelle=0.118146685546 | coefficient=0.087404828914
  feature 10 | moyenne=1.870415170196 | échelle=0.404341034094 | coefficient=0.302878657054
  feature 11 | moyenne=3.450510228941 | échelle=0.788796958002 | coefficient=-0.154877587064
  feature 12 | moyenne=3.500000000000 | échelle=0.500000000000 | coefficient=0.221143270857
  feature 13 | moyenne=0.948832328690 | échelle=0.078505024266 | coefficient=-0.012828054278
  feature 14 | moyenne=0.582059131773 | échelle=0.057939218899 | coefficient=-0.299972336541
  feature 15 | moyenne=1.121740756245 | échelle=0.207272693130 | coefficient=-0.112353375422
  feature 16 | moyenne=1.017705028858 | échelle=0.127075390814 | coefficient=-0.033393414236
  feature 17 | moyenne=1.028612156620 | échelle=0.095329883119 | coefficient=-0.148082056556

U_6 — SKT4 — BASELINE + δ + δ̄ + s2 + s3 + s4 + O1 + O2 (full model)
  intercept : 0.000000000000
  feature 00 | moyenne=0.685948642985 | échelle=0.163099481620 | coefficient=-0.211445468007
  feature 01 | moyenne=1.371395448461 | échelle=0.216233051035 | coefficient=-0.041487755289
  feature 02 | moyenne=0.685841479555 | échelle=0.162983277241 | coefficient=-0.214521372816
  feature 03 | moyenne=1.371491212510 | échelle=0.217125111424 | coefficient=-0.036678901499
  feature 04 | moyenne=0.501262500000 | échelle=0.151481296460 | coefficient=0.097303333910
  feature 05 | moyenne=0.944425000000 | échelle=0.117316845728 | coefficient=0.015940881851
  feature 06 | moyenne=1.870494118210 | échelle=0.404515858827 | coefficient=0.089780496407
  feature 07 | moyenne=3.450092246855 | échelle=0.787016036102 | coefficient=0.131417446345
  feature 08 | moyenne=0.501083333333 | échelle=0.151478385880 | coefficient=0.123976014796
  feature 09 | moyenne=0.944266666667 | échelle=0.118146685546 | coefficient=0.019627237441
  feature 10 | moyenne=1.870415170196 | échelle=0.404341034094 | coefficient=0.056314174064
  feature 11 | moyenne=3.450510228941 | échelle=0.788796958002 | coefficient=0.112432034333
  feature 12 | moyenne=3.500000000000 | échelle=0.500000000000 | coefficient=0.223954990408
  feature 13 | moyenne=0.948832328690 | échelle=0.078505024266 | coefficient=-0.016490343154
  feature 14 | moyenne=0.582059131773 | échelle=0.057939218899 | coefficient=-0.234997820972
  feature 15 | moyenne=1.121740756245 | échelle=0.207272693130 | coefficient=-0.105927633680
  feature 16 | moyenne=1.017705028858 | échelle=0.127075390814 | coefficient=-0.030546984090
  feature 17 | moyenne=1.028612156620 | échelle=0.095329883119 | coefficient=-0.128752888354
  feature 18 | moyenne=0.416774425019 | échelle=0.182071496701 | coefficient=0.005877491770
  feature 19 | moyenne=0.793004030743 | échelle=0.114578513744 | coefficient=0.394462622839

U_7 | moyenne cible=10.656006258576 | échelle cible=2.544880415781

U_7 — B0 — BASELINE
  intercept : 0.000000000000
  feature 00 | moyenne=0.685948642985 | échelle=0.163099481620 | coefficient=-0.394351695853
  feature 01 | moyenne=1.371395448461 | échelle=0.216233051035 | coefficient=0.755953078606
  feature 02 | moyenne=0.685841479555 | échelle=0.162983277241 | coefficient=-0.397262007088
  feature 03 | moyenne=1.371491212510 | échelle=0.217125111424 | coefficient=0.775124849422
  feature 04 | moyenne=0.501262500000 | échelle=0.151481296460 | coefficient=-0.132056732377
  feature 05 | moyenne=0.944425000000 | échelle=0.117316845728 | coefficient=-0.021307506500
  feature 06 | moyenne=1.870494118210 | échelle=0.404515858827 | coefficient=0.460921792353
  feature 07 | moyenne=3.450092246855 | échelle=0.787016036102 | coefficient=-0.438225535744
  feature 08 | moyenne=0.501083333333 | échelle=0.151478385880 | coefficient=-0.142911808743
  feature 09 | moyenne=0.944266666667 | échelle=0.118146685546 | coefficient=-0.013967733890
  feature 10 | moyenne=1.870415170196 | échelle=0.404341034094 | coefficient=0.493317005537
  feature 11 | moyenne=3.450510228941 | échelle=0.788796958002 | coefficient=-0.490415437330
  feature 12 | moyenne=3.500000000000 | échelle=0.500000000000 | coefficient=0.302038875182

U_7 — B1 — BASELINE + O1
  intercept : 0.000000000000
  feature 00 | moyenne=0.685948642985 | échelle=0.163099481620 | coefficient=-0.425103760999
  feature 01 | moyenne=1.371395448461 | échelle=0.216233051035 | coefficient=0.743912122988
  feature 02 | moyenne=0.685841479555 | échelle=0.162983277241 | coefficient=-0.437537353498
  feature 03 | moyenne=1.371491212510 | échelle=0.217125111424 | coefficient=0.767012437496
  feature 04 | moyenne=0.501262500000 | échelle=0.151481296460 | coefficient=-0.078750517404
  feature 05 | moyenne=0.944425000000 | échelle=0.117316845728 | coefficient=-0.010107776155
  feature 06 | moyenne=1.870494118210 | échelle=0.404515858827 | coefficient=0.328576235148
  feature 07 | moyenne=3.450092246855 | échelle=0.787016036102 | coefficient=-0.438732257882
  feature 08 | moyenne=0.501083333333 | échelle=0.151478385880 | coefficient=-0.079800520206
  feature 09 | moyenne=0.944266666667 | échelle=0.118146685546 | coefficient=-0.001413813395
  feature 10 | moyenne=1.870415170196 | échelle=0.404341034094 | coefficient=0.357096835319
  feature 11 | moyenne=3.450510228941 | échelle=0.788796958002 | coefficient=-0.497996817859
  feature 12 | moyenne=3.500000000000 | échelle=0.500000000000 | coefficient=0.520560474427
  feature 13 | moyenne=0.416774425019 | échelle=0.182071496701 | coefficient=0.160384775508

U_7 — B2 — BASELINE + O2
  intercept : 0.000000000000
  feature 00 | moyenne=0.685948642985 | échelle=0.163099481620 | coefficient=-0.405916476057
  feature 01 | moyenne=1.371395448461 | échelle=0.216233051035 | coefficient=0.508559380430
  feature 02 | moyenne=0.685841479555 | échelle=0.162983277241 | coefficient=-0.407810837925
  feature 03 | moyenne=1.371491212510 | échelle=0.217125111424 | coefficient=0.493452825628
  feature 04 | moyenne=0.501262500000 | échelle=0.151481296460 | coefficient=-0.019102773529
  feature 05 | moyenne=0.944425000000 | échelle=0.117316845728 | coefficient=-0.076423666348
  feature 06 | moyenne=1.870494118210 | échelle=0.404515858827 | coefficient=0.232716083229
  feature 07 | moyenne=3.450092246855 | échelle=0.787016036102 | coefficient=-0.202606975171
  feature 08 | moyenne=0.501083333333 | échelle=0.151478385880 | coefficient=-0.006457279778
  feature 09 | moyenne=0.944266666667 | échelle=0.118146685546 | coefficient=-0.067610298373
  feature 10 | moyenne=1.870415170196 | échelle=0.404341034094 | coefficient=0.214160449246
  feature 11 | moyenne=3.450510228941 | échelle=0.788796958002 | coefficient=-0.180519297881
  feature 12 | moyenne=3.500000000000 | échelle=0.500000000000 | coefficient=0.323704450627
  feature 13 | moyenne=0.793004030743 | échelle=0.114578513744 | coefficient=0.442723867850

U_7 — B12 — BASELINE + O1 + O2
  intercept : 0.000000000000
  feature 00 | moyenne=0.685948642985 | échelle=0.163099481620 | coefficient=-0.402803212836
  feature 01 | moyenne=1.371395448461 | échelle=0.216233051035 | coefficient=0.503325160747
  feature 02 | moyenne=0.685841479555 | échelle=0.162983277241 | coefficient=-0.403611305018
  feature 03 | moyenne=1.371491212510 | échelle=0.217125111424 | coefficient=0.486870819385
  feature 04 | moyenne=0.501262500000 | échelle=0.151481296460 | coefficient=-0.022030708023
  feature 05 | moyenne=0.944425000000 | échelle=0.117316845728 | coefficient=-0.079133912374
  feature 06 | moyenne=1.870494118210 | échelle=0.404515858827 | coefficient=0.241373193450
  feature 07 | moyenne=3.450092246855 | échelle=0.787016036102 | coefficient=-0.196289956034
  feature 08 | moyenne=0.501083333333 | échelle=0.151478385880 | coefficient=-0.009851395572
  feature 09 | moyenne=0.944266666667 | échelle=0.118146685546 | coefficient=-0.070432015867
  feature 10 | moyenne=1.870415170196 | échelle=0.404341034094 | coefficient=0.221894710072
  feature 11 | moyenne=3.450510228941 | échelle=0.788796958002 | coefficient=-0.171441723580
  feature 12 | moyenne=3.500000000000 | échelle=0.500000000000 | coefficient=0.299973968595
  feature 13 | moyenne=0.416774425019 | échelle=0.182071496701 | coefficient=-0.017839601392
  feature 14 | moyenne=0.793004030743 | échelle=0.114578513744 | coefficient=0.454487550731

U_7 — BD — BASELINE + (O2 - O1), EXPLORATOIRE
  intercept : 0.000000000000
  feature 00 | moyenne=0.685948642985 | échelle=0.163099481620 | coefficient=-0.393099531556
  feature 01 | moyenne=1.371395448461 | échelle=0.216233051035 | coefficient=0.753977483268
  feature 02 | moyenne=0.685841479555 | échelle=0.162983277241 | coefficient=-0.395575395417
  feature 03 | moyenne=1.371491212510 | échelle=0.217125111424 | coefficient=0.772626253932
  feature 04 | moyenne=0.501262500000 | échelle=0.151481296460 | coefficient=-0.133283944213
  feature 05 | moyenne=0.944425000000 | échelle=0.117316845728 | coefficient=-0.022365910947
  feature 06 | moyenne=1.870494118210 | échelle=0.404515858827 | coefficient=0.464498945420
  feature 07 | moyenne=3.450092246855 | échelle=0.787016036102 | coefficient=-0.435810668846
  feature 08 | moyenne=0.501083333333 | échelle=0.151478385880 | coefficient=-0.144337095061
  feature 09 | moyenne=0.944266666667 | échelle=0.118146685546 | coefficient=-0.015071487205
  feature 10 | moyenne=1.870415170196 | échelle=0.404341034094 | coefficient=0.496549401903
  feature 11 | moyenne=3.450510228941 | échelle=0.788796958002 | coefficient=-0.486931330523
  feature 12 | moyenne=3.500000000000 | échelle=0.500000000000 | coefficient=0.292526697803
  feature 13 | moyenne=0.376229605724 | échelle=0.140416251623 | coefficient=0.005508751095

U_7 — CK — BASELINE + δ + δ̄ (contraction)
  intercept : 0.000000000000
  feature 00 | moyenne=0.685948642985 | échelle=0.163099481620 | coefficient=-0.374698701216
  feature 01 | moyenne=1.371395448461 | échelle=0.216233051035 | coefficient=0.402517307538
  feature 02 | moyenne=0.685841479555 | échelle=0.162983277241 | coefficient=-0.403869336496
  feature 03 | moyenne=1.371491212510 | échelle=0.217125111424 | coefficient=0.505957176655
  feature 04 | moyenne=0.501262500000 | échelle=0.151481296460 | coefficient=-0.017393712904
  feature 05 | moyenne=0.944425000000 | échelle=0.117316845728 | coefficient=0.094454243747
  feature 06 | moyenne=1.870494118210 | échelle=0.404515858827 | coefficient=0.578263804407
  feature 07 | moyenne=3.450092246855 | échelle=0.787016036102 | coefficient=-0.591637632919
  feature 08 | moyenne=0.501083333333 | échelle=0.151478385880 | coefficient=-0.021817442517
  feature 09 | moyenne=0.944266666667 | échelle=0.118146685546 | coefficient=0.100596335966
  feature 10 | moyenne=1.870415170196 | échelle=0.404341034094 | coefficient=0.635479370531
  feature 11 | moyenne=3.450510228941 | échelle=0.788796958002 | coefficient=-0.775283043434
  feature 12 | moyenne=3.500000000000 | échelle=0.500000000000 | coefficient=0.627350166666
  feature 13 | moyenne=0.948832328690 | échelle=0.078505024266 | coefficient=-0.008707852201
  feature 14 | moyenne=0.582059131773 | échelle=0.057939218899 | coefficient=-0.330662439449

U_7 — SK — BASELINE + δ + δ̄ + s2 + s3 (contraction + spectral s2/s3)
  intercept : 0.000000000000
  feature 00 | moyenne=0.685948642985 | échelle=0.163099481620 | coefficient=-0.222920150419
  feature 01 | moyenne=1.371395448461 | échelle=0.216233051035 | coefficient=0.180502130651
  feature 02 | moyenne=0.685841479555 | échelle=0.162983277241 | coefficient=-0.254571071988
  feature 03 | moyenne=1.371491212510 | échelle=0.217125111424 | coefficient=0.257290282953
  feature 04 | moyenne=0.501262500000 | échelle=0.151481296460 | coefficient=-0.001630383017
  feature 05 | moyenne=0.944425000000 | échelle=0.117316845728 | coefficient=0.080728479653
  feature 06 | moyenne=1.870494118210 | échelle=0.404515858827 | coefficient=0.367783328075
  feature 07 | moyenne=3.450092246855 | échelle=0.787016036102 | coefficient=-0.232033571154
  feature 08 | moyenne=0.501083333333 | échelle=0.151478385880 | coefficient=0.002550489083
  feature 09 | moyenne=0.944266666667 | échelle=0.118146685546 | coefficient=0.084000504975
  feature 10 | moyenne=1.870415170196 | échelle=0.404341034094 | coefficient=0.411159072072
  feature 11 | moyenne=3.450510228941 | échelle=0.788796958002 | coefficient=-0.373711660150
  feature 12 | moyenne=3.500000000000 | échelle=0.500000000000 | coefficient=0.375389246748
  feature 13 | moyenne=0.948832328690 | échelle=0.078505024266 | coefficient=-0.010780298461
  feature 14 | moyenne=0.582059131773 | échelle=0.057939218899 | coefficient=-0.309951753261
  feature 15 | moyenne=1.121740756245 | échelle=0.207272693130 | coefficient=-0.191904444510
  feature 16 | moyenne=1.017705028858 | échelle=0.127075390814 | coefficient=-0.092581206640

U_7 — SKT — BASELINE + δ + δ̄ + s2 + s3 + O1 + O2 (contraction + spectral s2/s3 + TDI)
  intercept : 0.000000000000
  feature 00 | moyenne=0.685948642985 | échelle=0.163099481620 | coefficient=-0.247177988200
  feature 01 | moyenne=1.371395448461 | échelle=0.216233051035 | coefficient=0.057960098398
  feature 02 | moyenne=0.685841479555 | échelle=0.162983277241 | coefficient=-0.273011375519
  feature 03 | moyenne=1.371491212510 | échelle=0.217125111424 | coefficient=0.093590622081
  feature 04 | moyenne=0.501262500000 | échelle=0.151481296460 | coefficient=0.069329821704
  feature 05 | moyenne=0.944425000000 | échelle=0.117316845728 | coefficient=0.015817018077
  feature 06 | moyenne=1.870494118210 | échelle=0.404515858827 | coefficient=0.176595929960
  feature 07 | moyenne=3.450092246855 | échelle=0.787016036102 | coefficient=-0.039698482932
  feature 08 | moyenne=0.501083333333 | échelle=0.151478385880 | coefficient=0.090899733361
  feature 09 | moyenne=0.944266666667 | échelle=0.118146685546 | coefficient=0.020781440922
  feature 10 | moyenne=1.870415170196 | échelle=0.404341034094 | coefficient=0.174814801853
  feature 11 | moyenne=3.450510228941 | échelle=0.788796958002 | coefficient=-0.100181158908
  feature 12 | moyenne=3.500000000000 | échelle=0.500000000000 | coefficient=0.354033739510
  feature 13 | moyenne=0.948832328690 | échelle=0.078505024266 | coefficient=-0.014725715072
  feature 14 | moyenne=0.582059131773 | échelle=0.057939218899 | coefficient=-0.249261686554
  feature 15 | moyenne=1.121740756245 | échelle=0.207272693130 | coefficient=-0.177935686293
  feature 16 | moyenne=1.017705028858 | échelle=0.127075390814 | coefficient=-0.083846602303
  feature 17 | moyenne=0.416774425019 | échelle=0.182071496701 | coefficient=-0.002576961812
  feature 18 | moyenne=0.793004030743 | échelle=0.114578513744 | coefficient=0.364264612357

U_7 — SK4 — BASELINE + δ + δ̄ + s2 + s3 + s4 (full exact spectral baseline)
  intercept : 0.000000000000
  feature 00 | moyenne=0.685948642985 | échelle=0.163099481620 | coefficient=-0.168776307626
  feature 01 | moyenne=1.371395448461 | échelle=0.216233051035 | coefficient=0.073188056769
  feature 02 | moyenne=0.685841479555 | échelle=0.162983277241 | coefficient=-0.173890748779
  feature 03 | moyenne=1.371491212510 | échelle=0.217125111424 | coefficient=0.109468147284
  feature 04 | moyenne=0.501262500000 | échelle=0.151481296460 | coefficient=0.015665160368
  feature 05 | moyenne=0.944425000000 | échelle=0.117316845728 | coefficient=0.081153935470
  feature 06 | moyenne=1.870494118210 | échelle=0.404515858827 | coefficient=0.263917961421
  feature 07 | moyenne=3.450092246855 | échelle=0.787016036102 | coefficient=-0.044781494371
  feature 08 | moyenne=0.501083333333 | échelle=0.151478385880 | coefficient=0.027725864199
  feature 09 | moyenne=0.944266666667 | échelle=0.118146685546 | coefficient=0.081819992117
  feature 10 | moyenne=1.870415170196 | échelle=0.404341034094 | coefficient=0.267185142014
  feature 11 | moyenne=3.450510228941 | échelle=0.788796958002 | coefficient=-0.127576777639
  feature 12 | moyenne=3.500000000000 | échelle=0.500000000000 | coefficient=0.249737072612
  feature 13 | moyenne=0.948832328690 | échelle=0.078505024266 | coefficient=-0.015186373590
  feature 14 | moyenne=0.582059131773 | échelle=0.057939218899 | coefficient=-0.297763356094
  feature 15 | moyenne=1.121740756245 | échelle=0.207272693130 | coefficient=-0.117430074919
  feature 16 | moyenne=1.017705028858 | échelle=0.127075390814 | coefficient=-0.036239218778
  feature 17 | moyenne=1.028612156620 | échelle=0.095329883119 | coefficient=-0.164129390594

U_7 — SKT4 — BASELINE + δ + δ̄ + s2 + s3 + s4 + O1 + O2 (full model)
  intercept : 0.000000000000
  feature 00 | moyenne=0.685948642985 | échelle=0.163099481620 | coefficient=-0.198625175669
  feature 01 | moyenne=1.371395448461 | échelle=0.216233051035 | coefficient=-0.034091740250
  feature 02 | moyenne=0.685841479555 | échelle=0.162983277241 | coefficient=-0.201070743443
  feature 03 | moyenne=1.371491212510 | échelle=0.217125111424 | coefficient=-0.033387956885
  feature 04 | moyenne=0.501262500000 | échelle=0.151481296460 | coefficient=0.083551096640
  feature 05 | moyenne=0.944425000000 | échelle=0.117316845728 | coefficient=0.018403303678
  feature 06 | moyenne=1.870494118210 | échelle=0.404515858827 | coefficient=0.086916855870
  feature 07 | moyenne=3.450092246855 | échelle=0.787016036102 | coefficient=0.121825912283
  feature 08 | moyenne=0.501083333333 | échelle=0.151478385880 | coefficient=0.111815582574
  feature 09 | moyenne=0.944266666667 | échelle=0.118146685546 | coefficient=0.021010978760
  feature 10 | moyenne=1.870415170196 | échelle=0.404341034094 | coefficient=0.050581611528
  feature 11 | moyenne=3.450510228941 | échelle=0.788796958002 | coefficient=0.111409861274
  feature 12 | moyenne=3.500000000000 | échelle=0.500000000000 | coefficient=0.246552091723
  feature 13 | moyenne=0.948832328690 | échelle=0.078505024266 | coefficient=-0.018507961113
  feature 14 | moyenne=0.582059131773 | échelle=0.057939218899 | coefficient=-0.240024487575
  feature 15 | moyenne=1.121740756245 | échelle=0.207272693130 | coefficient=-0.111702138264
  feature 16 | moyenne=1.017705028858 | échelle=0.127075390814 | coefficient=-0.033691984376
  feature 17 | moyenne=1.028612156620 | échelle=0.095329883119 | coefficient=-0.146891038652
  feature 18 | moyenne=0.416774425019 | échelle=0.182071496701 | coefficient=0.000844961368
  feature 19 | moyenne=0.793004030743 | échelle=0.114578513744 | coefficient=0.352642502294

U_8 | moyenne cible=12.249177372595 | échelle cible=2.950099452389

U_8 — B0 — BASELINE
  intercept : 0.000000000000
  feature 00 | moyenne=0.685948642985 | échelle=0.163099481620 | coefficient=-0.404650030739
  feature 01 | moyenne=1.371395448461 | échelle=0.216233051035 | coefficient=0.771315530463
  feature 02 | moyenne=0.685841479555 | échelle=0.162983277241 | coefficient=-0.407022460446
  feature 03 | moyenne=1.371491212510 | échelle=0.217125111424 | coefficient=0.801495290779
  feature 04 | moyenne=0.501262500000 | échelle=0.151481296460 | coefficient=-0.133343249008
  feature 05 | moyenne=0.944425000000 | échelle=0.117316845728 | coefficient=-0.024616960148
  feature 06 | moyenne=1.870494118210 | échelle=0.404515858827 | coefficient=0.456429190030
  feature 07 | moyenne=3.450092246855 | échelle=0.787016036102 | coefficient=-0.458293263885
  feature 08 | moyenne=0.501083333333 | échelle=0.151478385880 | coefficient=-0.151020019944
  feature 09 | moyenne=0.944266666667 | échelle=0.118146685546 | coefficient=-0.018251892120
  feature 10 | moyenne=1.870415170196 | échelle=0.404341034094 | coefficient=0.499275283397
  feature 11 | moyenne=3.450510228941 | échelle=0.788796958002 | coefficient=-0.529844380429
  feature 12 | moyenne=3.500000000000 | échelle=0.500000000000 | coefficient=0.349167040886

U_8 — B1 — BASELINE + O1
  intercept : 0.000000000000
  feature 00 | moyenne=0.685948642985 | échelle=0.163099481620 | coefficient=-0.431840006540
  feature 01 | moyenne=1.371395448461 | échelle=0.216233051035 | coefficient=0.760669309134
  feature 02 | moyenne=0.685841479555 | échelle=0.162983277241 | coefficient=-0.442632611797
  feature 03 | moyenne=1.371491212510 | échelle=0.217125111424 | coefficient=0.794322560008
  feature 04 | moyenne=0.501262500000 | échelle=0.151481296460 | coefficient=-0.086211627497
  feature 05 | moyenne=0.944425000000 | échelle=0.117316845728 | coefficient=-0.014714522844
  feature 06 | moyenne=1.870494118210 | échelle=0.404515858827 | coefficient=0.339413552848
  feature 07 | moyenne=3.450092246855 | échelle=0.787016036102 | coefficient=-0.458741291118
  feature 08 | moyenne=0.501083333333 | échelle=0.151478385880 | coefficient=-0.095219071295
  feature 09 | moyenne=0.944266666667 | échelle=0.118146685546 | coefficient=-0.007152123931
  feature 10 | moyenne=1.870415170196 | échelle=0.404341034094 | coefficient=0.378833839410
  feature 11 | moyenne=3.450510228941 | échelle=0.788796958002 | coefficient=-0.536547590511
  feature 12 | moyenne=3.500000000000 | échelle=0.500000000000 | coefficient=0.542376731590
  feature 13 | moyenne=0.416774425019 | échelle=0.182071496701 | coefficient=0.141807002038

U_8 — B2 — BASELINE + O2
  intercept : 0.000000000000
  feature 00 | moyenne=0.685948642985 | échelle=0.163099481620 | coefficient=-0.415474652973
  feature 01 | moyenne=1.371395448461 | échelle=0.216233051035 | coefficient=0.539755286452
  feature 02 | moyenne=0.685841479555 | échelle=0.162983277241 | coefficient=-0.416896155130
  feature 03 | moyenne=1.371491212510 | échelle=0.217125111424 | coefficient=0.537850569666
  feature 04 | moyenne=0.501262500000 | échelle=0.151481296460 | coefficient=-0.027618461086
  feature 05 | moyenne=0.944425000000 | échelle=0.117316845728 | coefficient=-0.076205628402
  feature 06 | moyenne=1.870494118210 | échelle=0.404515858827 | coefficient=0.242828883801
  feature 07 | moyenne=3.450092246855 | échelle=0.787016036102 | coefficient=-0.237754536415
  feature 08 | moyenne=0.501083333333 | échelle=0.151478385880 | coefficient=-0.023298722851
  feature 09 | moyenne=0.944266666667 | échelle=0.118146685546 | coefficient=-0.068461276646
  feature 10 | moyenne=1.870415170196 | échelle=0.404341034094 | coefficient=0.237985037249
  feature 11 | moyenne=3.450510228941 | échelle=0.788796958002 | coefficient=-0.239781916438
  feature 12 | moyenne=3.500000000000 | échelle=0.500000000000 | coefficient=0.369445996953
  feature 13 | moyenne=0.793004030743 | échelle=0.114578513744 | coefficient=0.414389079529

U_8 — B12 — BASELINE + O1 + O2
  intercept : 0.000000000000
  feature 00 | moyenne=0.685948642985 | échelle=0.163099481620 | coefficient=-0.410603933520
  feature 01 | moyenne=1.371395448461 | échelle=0.216233051035 | coefficient=0.531566317571
  feature 02 | moyenne=0.685841479555 | échelle=0.162983277241 | coefficient=-0.410325960074
  feature 03 | moyenne=1.371491212510 | échelle=0.217125111424 | coefficient=0.527552980424
  feature 04 | moyenne=0.501262500000 | échelle=0.151481296460 | coefficient=-0.032199232607
  feature 05 | moyenne=0.944425000000 | échelle=0.117316845728 | coefficient=-0.080445824975
  feature 06 | moyenne=1.870494118210 | échelle=0.404515858827 | coefficient=0.256372985977
  feature 07 | moyenne=3.450092246855 | échelle=0.787016036102 | coefficient=-0.227871521131
  feature 08 | moyenne=0.501083333333 | échelle=0.151478385880 | coefficient=-0.028608837883
  feature 09 | moyenne=0.944266666667 | échelle=0.118146685546 | coefficient=-0.072875871017
  feature 10 | moyenne=1.870415170196 | échelle=0.404341034094 | coefficient=0.250085335870
  feature 11 | moyenne=3.450510228941 | échelle=0.788796958002 | coefficient=-0.225579995624
  feature 12 | moyenne=3.500000000000 | échelle=0.500000000000 | coefficient=0.332319511890
  feature 13 | moyenne=0.416774425019 | échelle=0.182071496701 | coefficient=-0.027910166077
  feature 14 | moyenne=0.793004030743 | échelle=0.114578513744 | coefficient=0.432793433735

U_8 — BD — BASELINE + (O2 - O1), EXPLORATOIRE
  intercept : 0.000000000000
  feature 00 | moyenne=0.685948642985 | échelle=0.163099481620 | coefficient=-0.401513791611
  feature 01 | moyenne=1.371395448461 | échelle=0.216233051035 | coefficient=0.766367346417
  feature 02 | moyenne=0.685841479555 | échelle=0.162983277241 | coefficient=-0.402798080685
  feature 03 | moyenne=1.371491212510 | échelle=0.217125111424 | coefficient=0.795237171972
  feature 04 | moyenne=0.501262500000 | échelle=0.151481296460 | coefficient=-0.136416990838
  feature 05 | moyenne=0.944425000000 | échelle=0.117316845728 | coefficient=-0.027267897765
  feature 06 | moyenne=1.870494118210 | échelle=0.404515858827 | coefficient=0.465388723086
  feature 07 | moyenne=3.450092246855 | échelle=0.787016036102 | coefficient=-0.452244856284
  feature 08 | moyenne=0.501083333333 | échelle=0.151478385880 | coefficient=-0.154589869944
  feature 09 | moyenne=0.944266666667 | échelle=0.118146685546 | coefficient=-0.021016412991
  feature 10 | moyenne=1.870415170196 | échelle=0.404341034094 | coefficient=0.507371319979
  feature 11 | moyenne=3.450510228941 | échelle=0.788796958002 | coefficient=-0.521117896119
  feature 12 | moyenne=3.500000000000 | échelle=0.500000000000 | coefficient=0.325342321598
  feature 13 | moyenne=0.376229605724 | échelle=0.140416251623 | coefficient=0.013797519036

U_8 — CK — BASELINE + δ + δ̄ (contraction)
  intercept : 0.000000000000
  feature 00 | moyenne=0.685948642985 | échelle=0.163099481620 | coefficient=-0.384800072851
  feature 01 | moyenne=1.371395448461 | échelle=0.216233051035 | coefficient=0.414245495386
  feature 02 | moyenne=0.685841479555 | échelle=0.162983277241 | coefficient=-0.413705697111
  feature 03 | moyenne=1.371491212510 | échelle=0.217125111424 | coefficient=0.529564387528
  feature 04 | moyenne=0.501262500000 | échelle=0.151481296460 | coefficient=-0.017508651162
  feature 05 | moyenne=0.944425000000 | échelle=0.117316845728 | coefficient=0.092333308241
  feature 06 | moyenne=1.870494118210 | échelle=0.404515858827 | coefficient=0.574998904422
  feature 07 | moyenne=3.450092246855 | échelle=0.787016036102 | coefficient=-0.613287232071
  feature 08 | moyenne=0.501083333333 | échelle=0.151478385880 | coefficient=-0.028689204791
  feature 09 | moyenne=0.944266666667 | échelle=0.118146685546 | coefficient=0.097488576895
  feature 10 | moyenne=1.870415170196 | échelle=0.404341034094 | coefficient=0.642926839032
  feature 11 | moyenne=3.450510228941 | échelle=0.788796958002 | coefficient=-0.817654248537
  feature 12 | moyenne=3.500000000000 | échelle=0.500000000000 | coefficient=0.677801818058
  feature 13 | moyenne=0.948832328690 | échelle=0.078505024266 | coefficient=-0.008730884319
  feature 14 | moyenne=0.582059131773 | échelle=0.057939218899 | coefficient=-0.334104365238

U_8 — SK — BASELINE + δ + δ̄ + s2 + s3 (contraction + spectral s2/s3)
  intercept : 0.000000000000
  feature 00 | moyenne=0.685948642985 | échelle=0.163099481620 | coefficient=-0.224756625974
  feature 01 | moyenne=1.371395448461 | échelle=0.216233051035 | coefficient=0.179927200200
  feature 02 | moyenne=0.685841479555 | échelle=0.162983277241 | coefficient=-0.256030788863
  feature 03 | moyenne=1.371491212510 | échelle=0.217125111424 | coefficient=0.266858204441
  feature 04 | moyenne=0.501262500000 | échelle=0.151481296460 | coefficient=-0.000768418285
  feature 05 | moyenne=0.944425000000 | échelle=0.117316845728 | coefficient=0.077937529489
  feature 06 | moyenne=1.870494118210 | échelle=0.404515858827 | coefficient=0.352887805255
  feature 07 | moyenne=3.450092246855 | échelle=0.787016036102 | coefficient=-0.233850584745
  feature 08 | moyenne=0.501083333333 | échelle=0.151478385880 | coefficient=-0.002818387931
  feature 09 | moyenne=0.944266666667 | échelle=0.118146685546 | coefficient=0.079998973832
  feature 10 | moyenne=1.870415170196 | échelle=0.404341034094 | coefficient=0.405745237666
  feature 11 | moyenne=3.450510228941 | échelle=0.788796958002 | coefficient=-0.393299052811
  feature 12 | moyenne=3.500000000000 | échelle=0.500000000000 | coefficient=0.412102378984
  feature 13 | moyenne=0.948832328690 | échelle=0.078505024266 | coefficient=-0.010933212090
  feature 14 | moyenne=0.582059131773 | échelle=0.057939218899 | coefficient=-0.312330127494
  feature 15 | moyenne=1.121740756245 | échelle=0.207272693130 | coefficient=-0.201068861277
  feature 16 | moyenne=1.017705028858 | échelle=0.127075390814 | coefficient=-0.098787777937

U_8 — SKT — BASELINE + δ + δ̄ + s2 + s3 + O1 + O2 (contraction + spectral s2/s3 + TDI)
  intercept : 0.000000000000
  feature 00 | moyenne=0.685948642985 | échelle=0.163099481620 | coefficient=-0.245396476308
  feature 01 | moyenne=1.371395448461 | échelle=0.216233051035 | coefficient=0.065753438849
  feature 02 | moyenne=0.685841479555 | échelle=0.162983277241 | coefficient=-0.270764311269
  feature 03 | moyenne=1.371491212510 | échelle=0.217125111424 | coefficient=0.114376088594
  feature 04 | moyenne=0.501262500000 | échelle=0.151481296460 | coefficient=0.062370556520
  feature 05 | moyenne=0.944425000000 | échelle=0.117316845728 | coefficient=0.017200705970
  feature 06 | moyenne=1.870494118210 | échelle=0.404515858827 | coefficient=0.183087412818
  feature 07 | moyenne=3.450092246855 | échelle=0.787016036102 | coefficient=-0.055224650558
  feature 08 | moyenne=0.501083333333 | échelle=0.151478385880 | coefficient=0.075932638073
  feature 09 | moyenne=0.944266666667 | échelle=0.118146685546 | coefficient=0.020752433144
  feature 10 | moyenne=1.870415170196 | échelle=0.404341034094 | coefficient=0.194235654633
  feature 11 | moyenne=3.450510228941 | échelle=0.788796958002 | coefficient=-0.139058395940
  feature 12 | moyenne=3.500000000000 | échelle=0.500000000000 | coefficient=0.380122096926
  feature 13 | moyenne=0.948832328690 | échelle=0.078505024266 | coefficient=-0.014701175980
  feature 14 | moyenne=0.582059131773 | échelle=0.057939218899 | coefficient=-0.256647675643
  feature 15 | moyenne=1.121740756245 | échelle=0.207272693130 | coefficient=-0.188156000072
  feature 16 | moyenne=1.017705028858 | échelle=0.127075390814 | coefficient=-0.090691050992
  feature 17 | moyenne=0.416774425019 | échelle=0.182071496701 | coefficient=-0.011829382623
  feature 18 | moyenne=0.793004030743 | échelle=0.114578513744 | coefficient=0.338706280730

U_8 — SK4 — BASELINE + δ + δ̄ + s2 + s3 + s4 (full exact spectral baseline)
  intercept : 0.000000000000
  feature 00 | moyenne=0.685948642985 | échelle=0.163099481620 | coefficient=-0.167102382685
  feature 01 | moyenne=1.371395448461 | échelle=0.216233051035 | coefficient=0.065655449161
  feature 02 | moyenne=0.685841479555 | échelle=0.162983277241 | coefficient=-0.170119580071
  feature 03 | moyenne=1.371491212510 | échelle=0.217125111424 | coefficient=0.109452063062
  feature 04 | moyenne=0.501262500000 | échelle=0.151481296460 | coefficient=0.017648476688
  feature 05 | moyenne=0.944425000000 | échelle=0.117316845728 | coefficient=0.078390569611
  feature 06 | moyenne=1.870494118210 | échelle=0.404515858827 | coefficient=0.242288357386
  feature 07 | moyenne=3.450092246855 | échelle=0.787016036102 | coefficient=-0.034458073345
  feature 08 | moyenne=0.501083333333 | échelle=0.151478385880 | coefficient=0.023989225399
  feature 09 | moyenne=0.944266666667 | échelle=0.118146685546 | coefficient=0.077677088049
  feature 10 | moyenne=1.870415170196 | échelle=0.404341034094 | coefficient=0.252436799204
  feature 11 | moyenne=3.450510228941 | échelle=0.788796958002 | coefficient=-0.131206085886
  feature 12 | moyenne=3.500000000000 | échelle=0.500000000000 | coefficient=0.278303582227
  feature 13 | moyenne=0.948832328690 | échelle=0.078505024266 | coefficient=-0.015624953835
  feature 14 | moyenne=0.582059131773 | échelle=0.057939218899 | coefficient=-0.299351499098
  feature 15 | moyenne=1.121740756245 | échelle=0.207272693130 | coefficient=-0.121765967323
  feature 16 | moyenne=1.017705028858 | échelle=0.127075390814 | coefficient=-0.038792873474
  feature 17 | moyenne=1.028612156620 | échelle=0.095329883119 | coefficient=-0.174770672493

U_8 — SKT4 — BASELINE + δ + δ̄ + s2 + s3 + s4 + O1 + O2 (full model)
  intercept : 0.000000000000
  feature 00 | moyenne=0.685948642985 | échelle=0.163099481620 | coefficient=-0.192870235695
  feature 01 | moyenne=1.371395448461 | échelle=0.216233051035 | coefficient=-0.033831668040
  feature 02 | moyenne=0.685841479555 | échelle=0.162983277241 | coefficient=-0.192936256554
  feature 03 | moyenne=1.371491212510 | échelle=0.217125111424 | coefficient=-0.022994066579
  feature 04 | moyenne=0.501262500000 | échelle=0.151481296460 | coefficient=0.077755661320
  feature 05 | moyenne=0.944425000000 | échelle=0.117316845728 | coefficient=0.019998646042
  feature 06 | moyenne=1.870494118210 | échelle=0.404515858827 | coefficient=0.086069250985
  feature 07 | moyenne=3.450092246855 | échelle=0.787016036102 | coefficient=0.119518455056
  feature 08 | moyenne=0.501083333333 | échelle=0.151478385880 | coefficient=0.098560182619
  feature 09 | moyenne=0.944266666667 | échelle=0.118146685546 | coefficient=0.021000755725
  feature 10 | moyenne=1.870415170196 | échelle=0.404341034094 | coefficient=0.059835563125
  feature 11 | moyenne=3.450510228941 | échelle=0.788796958002 | coefficient=0.089848648951
  feature 12 | moyenne=3.500000000000 | échelle=0.500000000000 | coefficient=0.263844447933
  feature 13 | moyenne=0.948832328690 | échelle=0.078505024266 | coefficient=-0.018792950591
  feature 14 | moyenne=0.582059131773 | échelle=0.057939218899 | coefficient=-0.246654529812
  feature 15 | moyenne=1.121740756245 | échelle=0.207272693130 | coefficient=-0.116502081400
  feature 16 | moyenne=1.017705028858 | échelle=0.127075390814 | coefficient=-0.036431917653
  feature 17 | moyenne=1.028612156620 | échelle=0.095329883119 | coefficient=-0.158912195565
  feature 18 | moyenne=0.416774425019 | échelle=0.182071496701 | coefficient=-0.008127418700
  feature 19 | moyenne=0.793004030743 | échelle=0.114578513744 | coefficient=0.326133049278

### BLOC Z — normalisations et modèles (Section 18) ###

=== NORMALISATIONS ET MODÈLES ===

U_3 | moyenne cible=4.116224705825 | échelle cible=1.012053391156

U_3 — B0 — BASELINE
  intercept : 0.000000000000
  feature 00 | moyenne=0.686097484863 | échelle=0.164308240391 | coefficient=-0.288583791731
  feature 01 | moyenne=1.372274913067 | échelle=0.217321528162 | coefficient=0.612652264494
  feature 02 | moyenne=0.684513408014 | échelle=0.164491460664 | coefficient=-0.347900545806
  feature 03 | moyenne=1.370267656435 | échelle=0.217457320886 | coefficient=0.589013263188
  feature 04 | moyenne=0.501820833333 | échelle=0.150821766994 | coefficient=-0.125920559463
  feature 05 | moyenne=0.944229166667 | échelle=0.118378935975 | coefficient=-0.005003646630
  feature 06 | moyenne=1.872000671501 | échelle=0.407959250453 | coefficient=0.556100869769
  feature 07 | moyenne=3.452625907012 | échelle=0.792075696276 | coefficient=-0.301399893167
  feature 08 | moyenne=0.500035416667 | échelle=0.152368877358 | coefficient=-0.099035598380
  feature 09 | moyenne=0.943664583333 | échelle=0.118030244164 | coefficient=0.016629240433
  feature 10 | moyenne=1.868012438832 | échelle=0.406136267890 | coefficient=0.619477401777
  feature 11 | moyenne=3.447466097244 | échelle=0.789249446298 | coefficient=-0.332145953729
  feature 12 | moyenne=3.500000000000 | échelle=0.500000000000 | coefficient=-0.151885514501

U_3 — B1 — BASELINE + O1
  intercept : 0.000000000000
  feature 00 | moyenne=0.686097484863 | échelle=0.164308240391 | coefficient=-0.360902769862
  feature 01 | moyenne=1.372274913067 | échelle=0.217321528162 | coefficient=0.559139962085
  feature 02 | moyenne=0.684513408014 | échelle=0.164491460664 | coefficient=-0.407887879346
  feature 03 | moyenne=1.370267656435 | échelle=0.217457320886 | coefficient=0.558076239237
  feature 04 | moyenne=0.501820833333 | échelle=0.150821766994 | coefficient=0.021444094367
  feature 05 | moyenne=0.944229166667 | échelle=0.118378935975 | coefficient=0.033586861589
  feature 06 | moyenne=1.872000671501 | échelle=0.407959250453 | coefficient=0.221582399884
  feature 07 | moyenne=3.452625907012 | échelle=0.792075696276 | coefficient=-0.268666676029
  feature 08 | moyenne=0.500035416667 | échelle=0.152368877358 | coefficient=0.039543598837
  feature 09 | moyenne=0.943664583333 | échelle=0.118030244164 | coefficient=0.046125142039
  feature 10 | moyenne=1.868012438832 | échelle=0.406136267890 | coefficient=0.278008896049
  feature 11 | moyenne=3.447466097244 | échelle=0.789249446298 | coefficient=-0.318370223549
  feature 12 | moyenne=3.500000000000 | échelle=0.500000000000 | coefficient=0.338366960115
  feature 13 | moyenne=0.415961204999 | échelle=0.182702216089 | coefficient=0.348366320663

U_3 — B2 — BASELINE + O2
  intercept : 0.000000000000
  feature 00 | moyenne=0.686097484863 | échelle=0.164308240391 | coefficient=-0.262632894115
  feature 01 | moyenne=1.372274913067 | échelle=0.217321528162 | coefficient=0.117547393955
  feature 02 | moyenne=0.684513408014 | échelle=0.164491460664 | coefficient=-0.325013256859
  feature 03 | moyenne=1.370267656435 | échelle=0.217457320886 | coefficient=0.158626223794
  feature 04 | moyenne=0.501820833333 | échelle=0.150821766994 | coefficient=0.130976090454
  feature 05 | moyenne=0.944229166667 | échelle=0.118378935975 | coefficient=-0.070223429407
  feature 06 | moyenne=1.872000671501 | échelle=0.407959250453 | coefficient=0.015692973034
  feature 07 | moyenne=3.452625907012 | échelle=0.792075696276 | coefficient=0.201505819114
  feature 08 | moyenne=0.500035416667 | échelle=0.152368877358 | coefficient=0.108272628205
  feature 09 | moyenne=0.943664583333 | échelle=0.118030244164 | coefficient=-0.070603503814
  feature 10 | moyenne=1.868012438832 | échelle=0.406136267890 | coefficient=0.124609094012
  feature 11 | moyenne=3.447466097244 | échelle=0.789249446298 | coefficient=0.151255398606
  feature 12 | moyenne=3.500000000000 | échelle=0.500000000000 | coefficient=-0.045652091242
  feature 13 | moyenne=0.792652249565 | échelle=0.114716958657 | coefficient=0.710755309374

U_3 — B12 — BASELINE + O1 + O2
  intercept : 0.000000000000
  feature 00 | moyenne=0.686097484863 | échelle=0.164308240391 | coefficient=-0.281967949480
  feature 01 | moyenne=1.372274913067 | échelle=0.217321528162 | coefficient=0.143067913023
  feature 02 | moyenne=0.684513408014 | échelle=0.164491460664 | coefficient=-0.341156779754
  feature 03 | moyenne=1.370267656435 | échelle=0.217457320886 | coefficient=0.184543410340
  feature 04 | moyenne=0.501820833333 | échelle=0.150821766994 | coefficient=0.146386377697
  feature 05 | moyenne=0.944229166667 | échelle=0.118378935975 | coefficient=-0.055927751445
  feature 06 | moyenne=1.872000671501 | échelle=0.407959250453 | coefficient=-0.022598873697
  feature 07 | moyenne=3.452625907012 | échelle=0.792075696276 | coefficient=0.170403169149
  feature 08 | moyenne=0.500035416667 | échelle=0.152368877358 | coefficient=0.125418265769
  feature 09 | moyenne=0.943664583333 | échelle=0.118030244164 | coefficient=-0.056781956069
  feature 10 | moyenne=1.868012438832 | échelle=0.406136267890 | coefficient=0.081125686188
  feature 11 | moyenne=3.447466097244 | échelle=0.789249446298 | coefficient=0.117121506518
  feature 12 | moyenne=3.500000000000 | échelle=0.500000000000 | coefficient=0.063570976817
  feature 13 | moyenne=0.415961204999 | échelle=0.182702216089 | coefficient=0.083458046933
  feature 14 | moyenne=0.792652249565 | échelle=0.114716958657 | coefficient=0.655715094305

U_3 — BD — BASELINE + (O2 - O1), EXPLORATOIRE
  intercept : 0.000000000000
  feature 00 | moyenne=0.686097484863 | échelle=0.164308240391 | coefficient=-0.312128653776
  feature 01 | moyenne=1.372274913067 | échelle=0.217321528162 | coefficient=0.641636254904
  feature 02 | moyenne=0.684513408014 | échelle=0.164491460664 | coefficient=-0.367553444661
  feature 03 | moyenne=1.370267656435 | échelle=0.217457320886 | coefficient=0.618776639775
  feature 04 | moyenne=0.501820833333 | échelle=0.150821766994 | coefficient=-0.105894293864
  feature 05 | moyenne=0.944229166667 | échelle=0.118378935975 | coefficient=0.012195548120
  feature 06 | moyenne=1.872000671501 | échelle=0.407959250453 | coefficient=0.506783930476
  feature 07 | moyenne=3.452625907012 | échelle=0.792075696276 | coefficient=-0.337180005554
  feature 08 | moyenne=0.500035416667 | échelle=0.152368877358 | coefficient=-0.077110787585
  feature 09 | moyenne=0.943664583333 | échelle=0.118030244164 | coefficient=0.033148204566
  feature 10 | moyenne=1.868012438832 | échelle=0.406136267890 | coefficient=0.564013730959
  feature 11 | moyenne=3.447466097244 | échelle=0.789249446298 | coefficient=-0.371724360859
  feature 12 | moyenne=3.500000000000 | échelle=0.500000000000 | coefficient=-0.017733096080
  feature 13 | moyenne=0.376691044566 | échelle=0.139915973350 | coefficient=-0.078218781380

U_3 — CK — BASELINE + δ + δ̄ (contraction)
  intercept : 0.000000000000
  feature 00 | moyenne=0.686097484863 | échelle=0.164308240391 | coefficient=-0.300943834513
  feature 01 | moyenne=1.372274913067 | échelle=0.217321528162 | coefficient=0.373372356411
  feature 02 | moyenne=0.684513408014 | échelle=0.164491460664 | coefficient=-0.340359262512
  feature 03 | moyenne=1.370267656435 | échelle=0.217457320886 | coefficient=0.323842520202
  feature 04 | moyenne=0.501820833333 | échelle=0.150821766994 | coefficient=-0.033496940357
  feature 05 | moyenne=0.944229166667 | échelle=0.118378935975 | coefficient=0.092572982141
  feature 06 | moyenne=1.872000671501 | échelle=0.407959250453 | coefficient=0.700519763172
  feature 07 | moyenne=3.452625907012 | échelle=0.792075696276 | coefficient=-0.532890628550
  feature 08 | moyenne=0.500035416667 | échelle=0.152368877358 | coefficient=0.000876974520
  feature 09 | moyenne=0.943664583333 | échelle=0.118030244164 | coefficient=0.110852943515
  feature 10 | moyenne=1.868012438832 | échelle=0.406136267890 | coefficient=0.732658010107
  feature 11 | moyenne=3.447466097244 | échelle=0.789249446298 | coefficient=-0.524176081599
  feature 12 | moyenne=3.500000000000 | échelle=0.500000000000 | coefficient=0.133503734700
  feature 13 | moyenne=0.949583630906 | échelle=0.078265486245 | coefficient=-0.009877416858
  feature 14 | moyenne=0.582637497767 | échelle=0.058194345625 | coefficient=-0.281796655463

U_3 — SK — BASELINE + δ + δ̄ + s2 + s3 (contraction + spectral s2/s3)
  intercept : 0.000000000000
  feature 00 | moyenne=0.686097484863 | échelle=0.164308240391 | coefficient=-0.243845916088
  feature 01 | moyenne=1.372274913067 | échelle=0.217321528162 | coefficient=0.269678451063
  feature 02 | moyenne=0.684513408014 | échelle=0.164491460664 | coefficient=-0.279275132668
  feature 03 | moyenne=1.370267656435 | échelle=0.217457320886 | coefficient=0.237727291673
  feature 04 | moyenne=0.501820833333 | échelle=0.150821766994 | coefficient=-0.020230403246
  feature 05 | moyenne=0.944229166667 | échelle=0.118378935975 | coefficient=0.087075284370
  feature 06 | moyenne=1.872000671501 | échelle=0.407959250453 | coefficient=0.609186373010
  feature 07 | moyenne=3.452625907012 | échelle=0.792075696276 | coefficient=-0.365061848200
  feature 08 | moyenne=0.500035416667 | échelle=0.152368877358 | coefficient=0.003414508555
  feature 09 | moyenne=0.943664583333 | échelle=0.118030244164 | coefficient=0.103758332492
  feature 10 | moyenne=1.868012438832 | échelle=0.406136267890 | coefficient=0.654630768623
  feature 11 | moyenne=3.447466097244 | échelle=0.789249446298 | coefficient=-0.386591616562
  feature 12 | moyenne=3.500000000000 | échelle=0.500000000000 | coefficient=0.028465811134
  feature 13 | moyenne=0.949583630906 | échelle=0.078265486245 | coefficient=-0.011659202602
  feature 14 | moyenne=0.582637497767 | échelle=0.058194345625 | coefficient=-0.270220661405
  feature 15 | moyenne=1.123215453877 | échelle=0.211879461734 | coefficient=-0.088551684318
  feature 16 | moyenne=1.018457391144 | échelle=0.129499539965 | coefficient=-0.029732480765

U_3 — SKT — BASELINE + δ + δ̄ + s2 + s3 + O1 + O2 (contraction + spectral s2/s3 + TDI)
  intercept : 0.000000000000
  feature 00 | moyenne=0.686097484863 | échelle=0.164308240391 | coefficient=-0.255523839047
  feature 01 | moyenne=1.372274913067 | échelle=0.217321528162 | coefficient=-0.041632631576
  feature 02 | moyenne=0.684513408014 | échelle=0.164491460664 | coefficient=-0.298517770932
  feature 03 | moyenne=1.370267656435 | échelle=0.217457320886 | coefficient=-0.008689764347
  feature 04 | moyenne=0.501820833333 | échelle=0.150821766994 | coefficient=0.199801853067
  feature 05 | moyenne=0.944229166667 | échelle=0.118378935975 | coefficient=0.006909809791
  feature 06 | moyenne=1.872000671501 | échelle=0.407959250453 | coefficient=0.035459989813
  feature 07 | moyenne=3.452625907012 | échelle=0.792075696276 | coefficient=0.100176418272
  feature 08 | moyenne=0.500035416667 | échelle=0.152368877358 | coefficient=0.179765389909
  feature 09 | moyenne=0.943664583333 | échelle=0.118030244164 | coefficient=0.004172084896
  feature 10 | moyenne=1.868012438832 | échelle=0.406136267890 | coefficient=0.124308433988
  feature 11 | moyenne=3.447466097244 | échelle=0.789249446298 | coefficient=0.052296578331
  feature 12 | moyenne=3.500000000000 | échelle=0.500000000000 | coefficient=0.182338787614
  feature 13 | moyenne=0.949583630906 | échelle=0.078265486245 | coefficient=-0.017494446332
  feature 14 | moyenne=0.582637497767 | échelle=0.058194345625 | coefficient=-0.162734905106
  feature 15 | moyenne=1.123215453877 | échelle=0.211879461734 | coefficient=-0.062064072216
  feature 16 | moyenne=1.018457391144 | échelle=0.129499539965 | coefficient=-0.015003012018
  feature 17 | moyenne=0.415961204999 | échelle=0.182702216089 | coefficient=0.090674406697
  feature 18 | moyenne=0.792652249565 | échelle=0.114716958657 | coefficient=0.609081069561

U_3 — SK4 — BASELINE + δ + δ̄ + s2 + s3 + s4 (full exact spectral baseline)
  intercept : 0.000000000000
  feature 00 | moyenne=0.686097484863 | échelle=0.164308240391 | coefficient=-0.225805672244
  feature 01 | moyenne=1.372274913067 | échelle=0.217321528162 | coefficient=0.224119695742
  feature 02 | moyenne=0.684513408014 | échelle=0.164491460664 | coefficient=-0.263114415704
  feature 03 | moyenne=1.370267656435 | échelle=0.217457320886 | coefficient=0.204171416026
  feature 04 | moyenne=0.501820833333 | échelle=0.150821766994 | coefficient=-0.010651349452
  feature 05 | moyenne=0.944229166667 | échelle=0.118378935975 | coefficient=0.086357747083
  feature 06 | moyenne=1.872000671501 | échelle=0.407959250453 | coefficient=0.568427611599
  feature 07 | moyenne=3.452625907012 | échelle=0.792075696276 | coefficient=-0.287355137048
  feature 08 | moyenne=0.500035416667 | échelle=0.152368877358 | coefficient=0.009472085435
  feature 09 | moyenne=0.943664583333 | échelle=0.118030244164 | coefficient=0.103028008123
  feature 10 | moyenne=1.868012438832 | échelle=0.406136267890 | coefficient=0.622533449059
  feature 11 | moyenne=3.447466097244 | échelle=0.789249446298 | coefficient=-0.327699308830
  feature 12 | moyenne=3.500000000000 | échelle=0.500000000000 | coefficient=-0.012815492877
  feature 13 | moyenne=0.949583630906 | échelle=0.078265486245 | coefficient=-0.013259524538
  feature 14 | moyenne=0.582637497767 | échelle=0.058194345625 | coefficient=-0.266355464651
  feature 15 | moyenne=1.123215453877 | échelle=0.211879461734 | coefficient=-0.062785974918
  feature 16 | moyenne=1.018457391144 | échelle=0.129499539965 | coefficient=-0.010498863395
  feature 17 | moyenne=1.029492398919 | échelle=0.099578558334 | coefficient=-0.055552117032

U_3 — SKT4 — BASELINE + δ + δ̄ + s2 + s3 + s4 + O1 + O2 (full model)
  intercept : 0.000000000000
  feature 00 | moyenne=0.686097484863 | échelle=0.164308240391 | coefficient=-0.248284191134
  feature 01 | moyenne=1.372274913067 | échelle=0.217321528162 | coefficient=-0.059470146841
  feature 02 | moyenne=0.684513408014 | échelle=0.164491460664 | coefficient=-0.291989378390
  feature 03 | moyenne=1.370267656435 | échelle=0.217457320886 | coefficient=-0.021693991418
  feature 04 | moyenne=0.501820833333 | échelle=0.150821766994 | coefficient=0.203496752228
  feature 05 | moyenne=0.944229166667 | échelle=0.118378935975 | coefficient=0.007019576126
  feature 06 | moyenne=1.872000671501 | échelle=0.407959250453 | coefficient=0.019318759755
  feature 07 | moyenne=3.452625907012 | échelle=0.792075696276 | coefficient=0.130883169198
  feature 08 | moyenne=0.500035416667 | échelle=0.152368877358 | coefficient=0.182124851438
  feature 09 | moyenne=0.943664583333 | échelle=0.118030244164 | coefficient=0.004314078538
  feature 10 | moyenne=1.868012438832 | échelle=0.406136267890 | coefficient=0.111582263994
  feature 11 | moyenne=3.447466097244 | échelle=0.789249446298 | coefficient=0.075213668902
  feature 12 | moyenne=3.500000000000 | échelle=0.500000000000 | coefficient=0.166465636270
  feature 13 | moyenne=0.949583630906 | échelle=0.078265486245 | coefficient=-0.018123114943
  feature 14 | moyenne=0.582637497767 | échelle=0.058194345625 | coefficient=-0.161417665192
  feature 15 | moyenne=1.123215453877 | échelle=0.211879461734 | coefficient=-0.051482550202
  feature 16 | moyenne=1.018457391144 | échelle=0.129499539965 | coefficient=-0.007091144823
  feature 17 | moyenne=1.029492398919 | échelle=0.099578558334 | coefficient=-0.023019472911
  feature 18 | moyenne=0.415961204999 | échelle=0.182702216089 | coefficient=0.091708477058
  feature 19 | moyenne=0.792652249565 | échelle=0.114716958657 | coefficient=0.606826784020

U_4 | moyenne cible=5.775721494063 | échelle cible=1.368857440786

U_4 — B0 — BASELINE
  intercept : 0.000000000000
  feature 00 | moyenne=0.686097484863 | échelle=0.164308240391 | coefficient=-0.324028064216
  feature 01 | moyenne=1.372274913067 | échelle=0.217321528162 | coefficient=0.705942871920
  feature 02 | moyenne=0.684513408014 | échelle=0.164491460664 | coefficient=-0.370521145377
  feature 03 | moyenne=1.370267656435 | échelle=0.217457320886 | coefficient=0.625316788115
  feature 04 | moyenne=0.501820833333 | échelle=0.150821766994 | coefficient=-0.157287467480
  feature 05 | moyenne=0.944229166667 | échelle=0.118378935975 | coefficient=-0.011178069672
  feature 06 | moyenne=1.872000671501 | échelle=0.407959250453 | coefficient=0.536425994131
  feature 07 | moyenne=3.452625907012 | échelle=0.792075696276 | coefficient=-0.397362812590
  feature 08 | moyenne=0.500035416667 | échelle=0.152368877358 | coefficient=-0.114357907911
  feature 09 | moyenne=0.943664583333 | échelle=0.118030244164 | coefficient=0.004358483538
  feature 10 | moyenne=1.868012438832 | échelle=0.406136267890 | coefficient=0.537689949854
  feature 11 | moyenne=3.447466097244 | échelle=0.789249446298 | coefficient=-0.285647936232
  feature 12 | moyenne=3.500000000000 | échelle=0.500000000000 | coefficient=-0.007121993142

U_4 — B1 — BASELINE + O1
  intercept : 0.000000000000
  feature 00 | moyenne=0.686097484863 | échelle=0.164308240391 | coefficient=-0.379927193430
  feature 01 | moyenne=1.372274913067 | échelle=0.217321528162 | coefficient=0.664580408233
  feature 02 | moyenne=0.684513408014 | échelle=0.164491460664 | coefficient=-0.416888500051
  feature 03 | moyenne=1.370267656435 | échelle=0.217457320886 | coefficient=0.601403940561
  feature 04 | moyenne=0.501820833333 | échelle=0.150821766994 | coefficient=-0.043381601568
  feature 05 | moyenne=0.944229166667 | échelle=0.118378935975 | coefficient=0.018650557074
  feature 06 | moyenne=1.872000671501 | échelle=0.407959250453 | coefficient=0.277859133047
  feature 07 | moyenne=3.452625907012 | échelle=0.792075696276 | coefficient=-0.372061593165
  feature 08 | moyenne=0.500035416667 | échelle=0.152368877358 | coefficient=-0.007242781956
  feature 09 | moyenne=0.943664583333 | échelle=0.118030244164 | coefficient=0.027157412087
  feature 10 | moyenne=1.868012438832 | échelle=0.406136267890 | coefficient=0.273751041740
  feature 11 | moyenne=3.447466097244 | échelle=0.789249446298 | coefficient=-0.274999952241
  feature 12 | moyenne=3.500000000000 | échelle=0.500000000000 | coefficient=0.371819843893
  feature 13 | moyenne=0.415961204999 | échelle=0.182702216089 | coefficient=0.269270590865

U_4 — B2 — BASELINE + O2
  intercept : 0.000000000000
  feature 00 | moyenne=0.686097484863 | échelle=0.164308240391 | coefficient=-0.301991857111
  feature 01 | moyenne=1.372274913067 | échelle=0.217321528162 | coefficient=0.285524525397
  feature 02 | moyenne=0.684513408014 | échelle=0.164491460664 | coefficient=-0.351086401855
  feature 03 | moyenne=1.370267656435 | échelle=0.217457320886 | coefficient=0.259853593882
  feature 04 | moyenne=0.501820833333 | échelle=0.150821766994 | coefficient=0.060856346512
  feature 05 | moyenne=0.944229166667 | échelle=0.118378935975 | coefficient=-0.066559454238
  feature 06 | moyenne=1.872000671501 | échelle=0.407959250453 | coefficient=0.077538578732
  feature 07 | moyenne=3.452625907012 | échelle=0.792075696276 | coefficient=0.029679619418
  feature 08 | moyenne=0.500035416667 | échelle=0.152368877358 | coefficient=0.061677891831
  feature 09 | moyenne=0.943664583333 | échelle=0.118030244164 | coefficient=-0.069715209292
  feature 10 | moyenne=1.868012438832 | échelle=0.406136267890 | coefficient=0.117472480631
  feature 11 | moyenne=3.447466097244 | échelle=0.789249446298 | coefficient=0.124832366729
  feature 12 | moyenne=3.500000000000 | échelle=0.500000000000 | coefficient=0.083086128026
  feature 13 | moyenne=0.792652249565 | échelle=0.114716958657 | coefficient=0.603537936567

U_4 — B12 — BASELINE + O1 + O2
  intercept : 0.000000000000
  feature 00 | moyenne=0.686097484863 | échelle=0.164308240391 | coefficient=-0.310026886261
  feature 01 | moyenne=1.372274913067 | échelle=0.217321528162 | coefficient=0.296130034963
  feature 02 | moyenne=0.684513408014 | échelle=0.164491460664 | coefficient=-0.357795132428
  feature 03 | moyenne=1.370267656435 | échelle=0.217457320886 | coefficient=0.270623945736
  feature 04 | moyenne=0.501820833333 | échelle=0.150821766994 | coefficient=0.067260367855
  feature 05 | moyenne=0.944229166667 | échelle=0.118378935975 | coefficient=-0.060618628780
  feature 06 | moyenne=1.872000671501 | échelle=0.407959250453 | coefficient=0.061625714822
  feature 07 | moyenne=3.452625907012 | échelle=0.792075696276 | coefficient=0.016754355207
  feature 08 | moyenne=0.500035416667 | échelle=0.152368877358 | coefficient=0.068803069133
  feature 09 | moyenne=0.943664583333 | échelle=0.118030244164 | coefficient=-0.063971417152
  feature 10 | moyenne=1.868012438832 | échelle=0.406136267890 | coefficient=0.099402170367
  feature 11 | moyenne=3.447466097244 | échelle=0.789249446298 | coefficient=0.110647415470
  feature 12 | moyenne=3.500000000000 | échelle=0.500000000000 | coefficient=0.128475733547
  feature 13 | moyenne=0.415961204999 | échelle=0.182702216089 | coefficient=0.034682488738
  feature 14 | moyenne=0.792652249565 | échelle=0.114716958657 | coefficient=0.580664987710

U_4 — BD — BASELINE + (O2 - O1), EXPLORATOIRE
  intercept : 0.000000000000
  feature 00 | moyenne=0.686097484863 | échelle=0.164308240391 | coefficient=-0.335686054517
  feature 01 | moyenne=1.372274913067 | échelle=0.217321528162 | coefficient=0.720293989307
  feature 02 | moyenne=0.684513408014 | échelle=0.164491460664 | coefficient=-0.380252071122
  feature 03 | moyenne=1.370267656435 | échelle=0.217457320886 | coefficient=0.640053810354
  feature 04 | moyenne=0.501820833333 | échelle=0.150821766994 | coefficient=-0.147371673126
  feature 05 | moyenne=0.944229166667 | échelle=0.118378935975 | coefficient=-0.002662069655
  feature 06 | moyenne=1.872000671501 | échelle=0.407959250453 | coefficient=0.512007231394
  feature 07 | moyenne=3.452625907012 | échelle=0.792075696276 | coefficient=-0.415078958150
  feature 08 | moyenne=0.500035416667 | échelle=0.152368877358 | coefficient=-0.103502068913
  feature 09 | moyenne=0.943664583333 | échelle=0.118030244164 | coefficient=0.012537674534
  feature 10 | moyenne=1.868012438832 | échelle=0.406136267890 | coefficient=0.510227697783
  feature 11 | moyenne=3.447466097244 | échelle=0.789249446298 | coefficient=-0.305244767402
  feature 12 | moyenne=3.500000000000 | échelle=0.500000000000 | coefficient=0.059302162999
  feature 13 | moyenne=0.376691044566 | échelle=0.139915973350 | coefficient=-0.038729205248

U_4 — CK — BASELINE + δ + δ̄ (contraction)
  intercept : 0.000000000000
  feature 00 | moyenne=0.686097484863 | échelle=0.164308240391 | coefficient=-0.337276953137
  feature 01 | moyenne=1.372274913067 | échelle=0.217321528162 | coefficient=0.442918026789
  feature 02 | moyenne=0.684513408014 | échelle=0.164491460664 | coefficient=-0.361817658062
  feature 03 | moyenne=1.370267656435 | échelle=0.217457320886 | coefficient=0.333844813841
  feature 04 | moyenne=0.501820833333 | échelle=0.150821766994 | coefficient=-0.055453023577
  feature 05 | moyenne=0.944229166667 | échelle=0.118378935975 | coefficient=0.096131692170
  feature 06 | moyenne=1.872000671501 | échelle=0.407959250453 | coefficient=0.694022705830
  feature 07 | moyenne=3.452625907012 | échelle=0.792075696276 | coefficient=-0.651293976183
  feature 08 | moyenne=0.500035416667 | échelle=0.152368877358 | coefficient=-0.004267252880
  feature 09 | moyenne=0.943664583333 | échelle=0.118030244164 | coefficient=0.107974515199
  feature 10 | moyenne=1.868012438832 | échelle=0.406136267890 | coefficient=0.660818817821
  feature 11 | moyenne=3.447466097244 | échelle=0.789249446298 | coefficient=-0.496247087156
  feature 12 | moyenne=3.500000000000 | échelle=0.500000000000 | coefficient=0.307405325621
  feature 13 | moyenne=0.949583630906 | échelle=0.078265486245 | coefficient=-0.013972113804
  feature 14 | moyenne=0.582637497767 | échelle=0.058194345625 | coefficient=-0.307722442696

U_4 — SK — BASELINE + δ + δ̄ + s2 + s3 (contraction + spectral s2/s3)
  intercept : 0.000000000000
  feature 00 | moyenne=0.686097484863 | échelle=0.164308240391 | coefficient=-0.245493460322
  feature 01 | moyenne=1.372274913067 | échelle=0.217321528162 | coefficient=0.275749033060
  feature 02 | moyenne=0.684513408014 | échelle=0.164491460664 | coefficient=-0.264329541418
  feature 03 | moyenne=1.370267656435 | échelle=0.217457320886 | coefficient=0.194455425249
  feature 04 | moyenne=0.501820833333 | échelle=0.150821766994 | coefficient=-0.033960594102
  feature 05 | moyenne=0.944229166667 | échelle=0.118378935975 | coefficient=0.087696523214
  feature 06 | moyenne=1.872000671501 | échelle=0.407959250453 | coefficient=0.546275151618
  feature 07 | moyenne=3.452625907012 | échelle=0.792075696276 | coefficient=-0.380173696296
  feature 08 | moyenne=0.500035416667 | échelle=0.152368877358 | coefficient=0.000142323613
  feature 09 | moyenne=0.943664583333 | échelle=0.118030244164 | coefficient=0.096955707979
  feature 10 | moyenne=1.868012438832 | échelle=0.406136267890 | coefficient=0.534690306030
  feature 11 | moyenne=3.447466097244 | échelle=0.789249446298 | coefficient=-0.272294298637
  feature 12 | moyenne=3.500000000000 | échelle=0.500000000000 | coefficient=0.138086783332
  feature 13 | moyenne=0.949583630906 | échelle=0.078265486245 | coefficient=-0.016849450309
  feature 14 | moyenne=0.582637497767 | échelle=0.058194345625 | coefficient=-0.289775379890
  feature 15 | moyenne=1.123215453877 | échelle=0.211879461734 | coefficient=-0.133226976823
  feature 16 | moyenne=1.018457391144 | échelle=0.129499539965 | coefficient=-0.053993501218

U_4 — SKT — BASELINE + δ + δ̄ + s2 + s3 + O1 + O2 (contraction + spectral s2/s3 + TDI)
  intercept : 0.000000000000
  feature 00 | moyenne=0.686097484863 | échelle=0.164308240391 | coefficient=-0.249317430216
  feature 01 | moyenne=1.372274913067 | échelle=0.217321528162 | coefficient=0.015424984367
  feature 02 | moyenne=0.684513408014 | échelle=0.164491460664 | coefficient=-0.275393251587
  feature 03 | moyenne=1.370267656435 | échelle=0.217457320886 | coefficient=-0.013258257087
  feature 04 | moyenne=0.501820833333 | échelle=0.150821766994 | coefficient=0.140062561638
  feature 05 | moyenne=0.944229166667 | échelle=0.118378935975 | coefficient=0.017655004855
  feature 06 | moyenne=1.872000671501 | échelle=0.407959250453 | coefficient=0.091809958946
  feature 07 | moyenne=3.452625907012 | échelle=0.792075696276 | coefficient=0.007514237838
  feature 08 | moyenne=0.500035416667 | échelle=0.152368877358 | coefficient=0.138119959810
  feature 09 | moyenne=0.943664583333 | échelle=0.118030244164 | coefficient=0.011266748612
  feature 10 | moyenne=1.868012438832 | échelle=0.406136267890 | coefficient=0.117145159240
  feature 11 | moyenne=3.447466097244 | échelle=0.789249446298 | coefficient=0.095121602858
  feature 12 | moyenne=3.500000000000 | échelle=0.500000000000 | coefficient=0.228986027023
  feature 13 | moyenne=0.949583630906 | échelle=0.078265486245 | coefficient=-0.022052269012
  feature 14 | moyenne=0.582637497767 | échelle=0.058194345625 | coefficient=-0.201515080715
  feature 15 | moyenne=1.123215453877 | échelle=0.211879461734 | coefficient=-0.110934754216
  feature 16 | moyenne=1.018457391144 | échelle=0.129499539965 | coefficient=-0.041485493750
  feature 17 | moyenne=0.415961204999 | échelle=0.182702216089 | coefficient=0.046916215646
  feature 18 | moyenne=0.792652249565 | échelle=0.114716958657 | coefficient=0.514030119945

U_4 — SK4 — BASELINE + δ + δ̄ + s2 + s3 + s4 (full exact spectral baseline)
  intercept : 0.000000000000
  feature 00 | moyenne=0.686097484863 | échelle=0.164308240391 | coefficient=-0.216914089784
  feature 01 | moyenne=1.372274913067 | échelle=0.217321528162 | coefficient=0.203574811866
  feature 02 | moyenne=0.684513408014 | échelle=0.164491460664 | coefficient=-0.238727719055
  feature 03 | moyenne=1.370267656435 | échelle=0.217457320886 | coefficient=0.141296176841
  feature 04 | moyenne=0.501820833333 | échelle=0.150821766994 | coefficient=-0.018785448458
  feature 05 | moyenne=0.944229166667 | échelle=0.118378935975 | coefficient=0.086559799998
  feature 06 | moyenne=1.872000671501 | échelle=0.407959250453 | coefficient=0.481705085098
  feature 07 | moyenne=3.452625907012 | échelle=0.792075696276 | coefficient=-0.257070654533
  feature 08 | moyenne=0.500035416667 | échelle=0.152368877358 | coefficient=0.009738742359
  feature 09 | moyenne=0.943664583333 | échelle=0.118030244164 | coefficient=0.095798727456
  feature 10 | moyenne=1.868012438832 | échelle=0.406136267890 | coefficient=0.483841703482
  feature 11 | moyenne=3.447466097244 | échelle=0.789249446298 | coefficient=-0.178997051711
  feature 12 | moyenne=3.500000000000 | échelle=0.500000000000 | coefficient=0.072688904354
  feature 13 | moyenne=0.949583630906 | échelle=0.078265486245 | coefficient=-0.019384681761
  feature 14 | moyenne=0.582637497767 | échelle=0.058194345625 | coefficient=-0.283652131712
  feature 15 | moyenne=1.123215453877 | échelle=0.211879461734 | coefficient=-0.092408916796
  feature 16 | moyenne=1.018457391144 | échelle=0.129499539965 | coefficient=-0.023523587266
  feature 17 | moyenne=1.029492398919 | échelle=0.099578558334 | coefficient=-0.088005713813

U_4 — SKT4 — BASELINE + δ + δ̄ + s2 + s3 + s4 + O1 + O2 (full model)
  intercept : 0.000000000000
  feature 00 | moyenne=0.686097484863 | échelle=0.164308240391 | coefficient=-0.230277773481
  feature 01 | moyenne=1.372274913067 | échelle=0.217321528162 | coefficient=-0.031486159891
  feature 02 | moyenne=0.684513408014 | échelle=0.164491460664 | coefficient=-0.258224135834
  feature 03 | moyenne=1.370267656435 | échelle=0.217457320886 | coefficient=-0.047458265501
  feature 04 | moyenne=0.501820833333 | échelle=0.150821766994 | coefficient=0.149779831392
  feature 05 | moyenne=0.944229166667 | échelle=0.118378935975 | coefficient=0.017943680958
  feature 06 | moyenne=1.872000671501 | échelle=0.407959250453 | coefficient=0.049359900148
  feature 07 | moyenne=3.452625907012 | échelle=0.792075696276 | coefficient=0.088270374613
  feature 08 | moyenne=0.500035416667 | échelle=0.152368877358 | coefficient=0.144325142455
  feature 09 | moyenne=0.943664583333 | échelle=0.118030244164 | coefficient=0.011640179783
  feature 10 | moyenne=1.868012438832 | échelle=0.406136267890 | coefficient=0.083676417231
  feature 11 | moyenne=3.447466097244 | échelle=0.789249446298 | coefficient=0.155391597071
  feature 12 | moyenne=3.500000000000 | échelle=0.500000000000 | coefficient=0.187240992386
  feature 13 | moyenne=0.949583630906 | échelle=0.078265486245 | coefficient=-0.023705613859
  feature 14 | moyenne=0.582637497767 | échelle=0.058194345625 | coefficient=-0.198050852054
  feature 15 | moyenne=1.123215453877 | échelle=0.211879461734 | coefficient=-0.083106253537
  feature 16 | moyenne=1.018457391144 | échelle=0.129499539965 | coefficient=-0.020677957617
  feature 17 | moyenne=1.029492398919 | échelle=0.099578558334 | coefficient=-0.060539251039
  feature 18 | moyenne=0.415961204999 | échelle=0.182702216089 | coefficient=0.049635732527
  feature 19 | moyenne=0.792652249565 | échelle=0.114716958657 | coefficient=0.508101541181

U_5 | moyenne cible=7.418865619561 | échelle cible=1.753679990176

U_5 — B0 — BASELINE
  intercept : 0.000000000000
  feature 00 | moyenne=0.686097484863 | échelle=0.164308240391 | coefficient=-0.326015445961
  feature 01 | moyenne=1.372274913067 | échelle=0.217321528162 | coefficient=0.749933215381
  feature 02 | moyenne=0.684513408014 | échelle=0.164491460664 | coefficient=-0.381092937444
  feature 03 | moyenne=1.370267656435 | échelle=0.217457320886 | coefficient=0.653176994922
  feature 04 | moyenne=0.501820833333 | échelle=0.150821766994 | coefficient=-0.173796639731
  feature 05 | moyenne=0.944229166667 | échelle=0.118378935975 | coefficient=-0.022086883871
  feature 06 | moyenne=1.872000671501 | échelle=0.407959250453 | coefficient=0.492074685124
  feature 07 | moyenne=3.452625907012 | échelle=0.792075696276 | coefficient=-0.423734088778
  feature 08 | moyenne=0.500035416667 | échelle=0.152368877358 | coefficient=-0.127191294256
  feature 09 | moyenne=0.943664583333 | échelle=0.118030244164 | coefficient=-0.003546493262
  feature 10 | moyenne=1.868012438832 | échelle=0.406136267890 | coefficient=0.506065869306
  feature 11 | moyenne=3.447466097244 | échelle=0.789249446298 | coefficient=-0.298646296184
  feature 12 | moyenne=3.500000000000 | échelle=0.500000000000 | coefficient=0.090485249581

U_5 — B1 — BASELINE + O1
  intercept : 0.000000000000
  feature 00 | moyenne=0.686097484863 | échelle=0.164308240391 | coefficient=-0.371722559252
  feature 01 | moyenne=1.372274913067 | échelle=0.217321528162 | coefficient=0.716112316194
  feature 02 | moyenne=0.684513408014 | échelle=0.164491460664 | coefficient=-0.419006192318
  feature 03 | moyenne=1.370267656435 | échelle=0.217457320886 | coefficient=0.633624145931
  feature 04 | moyenne=0.501820833333 | échelle=0.150821766994 | coefficient=-0.080659083010
  feature 05 | moyenne=0.944229166667 | échelle=0.118378935975 | coefficient=0.002303127945
  feature 06 | moyenne=1.872000671501 | échelle=0.407959250453 | coefficient=0.280651985357
  feature 07 | moyenne=3.452625907012 | échelle=0.792075696276 | coefficient=-0.403046007962
  feature 08 | moyenne=0.500035416667 | échelle=0.152368877358 | coefficient=-0.039606330660
  feature 09 | moyenne=0.943664583333 | échelle=0.118030244164 | coefficient=0.015095536136
  feature 10 | moyenne=1.868012438832 | échelle=0.406136267890 | coefficient=0.290250600894
  feature 11 | moyenne=3.447466097244 | échelle=0.789249446298 | coefficient=-0.289939745340
  feature 12 | moyenne=3.500000000000 | échelle=0.500000000000 | coefficient=0.400335111644
  feature 13 | moyenne=0.415961204999 | échelle=0.182702216089 | coefficient=0.220174832344

U_5 — B2 — BASELINE + O2
  intercept : 0.000000000000
  feature 00 | moyenne=0.686097484863 | échelle=0.164308240391 | coefficient=-0.306576233512
  feature 01 | moyenne=1.372274913067 | échelle=0.217321528162 | coefficient=0.379061698511
  feature 02 | moyenne=0.684513408014 | échelle=0.164491460664 | coefficient=-0.363948602831
  feature 03 | moyenne=1.370267656435 | échelle=0.217457320886 | coefficient=0.330784096691
  feature 04 | moyenne=0.501820833333 | échelle=0.150821766994 | coefficient=0.018638652069
  feature 05 | moyenne=0.944229166667 | échelle=0.118378935975 | coefficient=-0.070941502776
  feature 06 | moyenne=1.872000671501 | échelle=0.407959250453 | coefficient=0.087267727414
  feature 07 | moyenne=3.452625907012 | échelle=0.792075696276 | coefficient=-0.047019143209
  feature 08 | moyenne=0.500035416667 | échelle=0.152368877358 | coefficient=0.028098465607
  feature 09 | moyenne=0.943664583333 | échelle=0.118030244164 | coefficient=-0.068890508449
  feature 10 | moyenne=1.868012438832 | échelle=0.406136267890 | coefficient=0.135371556095
  feature 11 | moyenne=3.447466097244 | échelle=0.789249446298 | coefficient=0.063458388027
  feature 12 | moyenne=3.500000000000 | échelle=0.500000000000 | coefficient=0.170062230481
  feature 13 | moyenne=0.792652249565 | échelle=0.114716958657 | coefficient=0.532410233460

U_5 — B12 — BASELINE + O1 + O2
  intercept : 0.000000000000
  feature 00 | moyenne=0.686097484863 | échelle=0.164308240391 | coefficient=-0.308181103502
  feature 01 | moyenne=1.372274913067 | échelle=0.217321528162 | coefficient=0.381179981309
  feature 02 | moyenne=0.684513408014 | échelle=0.164491460664 | coefficient=-0.365288565657
  feature 03 | moyenne=1.370267656435 | échelle=0.217457320886 | coefficient=0.332935304128
  feature 04 | moyenne=0.501820833333 | échelle=0.150821766994 | coefficient=0.019917754045
  feature 05 | moyenne=0.944229166667 | échelle=0.118378935975 | coefficient=-0.069754916852
  feature 06 | moyenne=1.872000671501 | échelle=0.407959250453 | coefficient=0.084089384528
  feature 07 | moyenne=3.452625907012 | échelle=0.792075696276 | coefficient=-0.049600760307
  feature 08 | moyenne=0.500035416667 | échelle=0.152368877358 | coefficient=0.029521607081
  feature 09 | moyenne=0.943664583333 | échelle=0.118030244164 | coefficient=-0.067743276813
  feature 10 | moyenne=1.868012438832 | échelle=0.406136267890 | coefficient=0.131762297422
  feature 11 | moyenne=3.447466097244 | échelle=0.789249446298 | coefficient=0.060625168364
  feature 12 | moyenne=3.500000000000 | échelle=0.500000000000 | coefficient=0.179128086297
  feature 13 | moyenne=0.415961204999 | échelle=0.182702216089 | coefficient=0.006927278583
  feature 14 | moyenne=0.792652249565 | échelle=0.114716958657 | coefficient=0.527841723687

U_5 — BD — BASELINE + (O2 - O1), EXPLORATOIRE
  intercept : 0.000000000000
  feature 00 | moyenne=0.686097484863 | échelle=0.164308240391 | coefficient=-0.330847834609
  feature 01 | moyenne=1.372274913067 | échelle=0.217321528162 | coefficient=0.755881940244
  feature 02 | moyenne=0.684513408014 | échelle=0.164491460664 | coefficient=-0.385126532763
  feature 03 | moyenne=1.370267656435 | échelle=0.217457320886 | coefficient=0.659285682366
  feature 04 | moyenne=0.501820833333 | échelle=0.150821766994 | coefficient=-0.169686413968
  feature 05 | moyenne=0.944229166667 | échelle=0.118378935975 | coefficient=-0.018556891072
  feature 06 | moyenne=1.872000671501 | échelle=0.407959250453 | coefficient=0.481952790285
  feature 07 | moyenne=3.452625907012 | échelle=0.792075696276 | coefficient=-0.431077661597
  feature 08 | moyenne=0.500035416667 | échelle=0.152368877358 | coefficient=-0.122691407759
  feature 09 | moyenne=0.943664583333 | échelle=0.118030244164 | coefficient=-0.000156112184
  feature 10 | moyenne=1.868012438832 | échelle=0.406136267890 | coefficient=0.494682408542
  feature 11 | moyenne=3.447466097244 | échelle=0.789249446298 | coefficient=-0.306769437656
  feature 12 | moyenne=3.500000000000 | échelle=0.500000000000 | coefficient=0.118018926470
  feature 13 | moyenne=0.376691044566 | échelle=0.139915973350 | coefficient=-0.016053759437

U_5 — CK — BASELINE + δ + δ̄ (contraction)
  intercept : 0.000000000000
  feature 00 | moyenne=0.686097484863 | échelle=0.164308240391 | coefficient=-0.339741458924
  feature 01 | moyenne=1.372274913067 | échelle=0.217321528162 | coefficient=0.478324530235
  feature 02 | moyenne=0.684513408014 | échelle=0.164491460664 | coefficient=-0.372160245172
  feature 03 | moyenne=1.370267656435 | échelle=0.217457320886 | coefficient=0.352191085816
  feature 04 | moyenne=0.501820833333 | échelle=0.150821766994 | coefficient=-0.068670509070
  feature 05 | moyenne=0.944229166667 | échelle=0.118378935975 | coefficient=0.088718301294
  feature 06 | moyenne=1.872000671501 | échelle=0.407959250453 | coefficient=0.654967429557
  feature 07 | moyenne=3.452625907012 | échelle=0.792075696276 | coefficient=-0.686022749302
  feature 08 | moyenne=0.500035416667 | échelle=0.152368877358 | coefficient=-0.013542702317
  feature 09 | moyenne=0.943664583333 | échelle=0.118030244164 | coefficient=0.103445486692
  feature 10 | moyenne=1.868012438832 | échelle=0.406136267890 | coefficient=0.633383084377
  feature 11 | moyenne=3.447466097244 | échelle=0.789249446298 | coefficient=-0.516182907913
  feature 12 | moyenne=3.500000000000 | échelle=0.500000000000 | coefficient=0.415168881749
  feature 13 | moyenne=0.949583630906 | échelle=0.078265486245 | coefficient=-0.014015424476
  feature 14 | moyenne=0.582637497767 | échelle=0.058194345625 | coefficient=-0.318035065988

U_5 — SK — BASELINE + δ + δ̄ + s2 + s3 (contraction + spectral s2/s3)
  intercept : 0.000000000000
  feature 00 | moyenne=0.686097484863 | échelle=0.164308240391 | coefficient=-0.223575090499
  feature 01 | moyenne=1.372274913067 | échelle=0.217321528162 | coefficient=0.266477201981
  feature 02 | moyenne=0.684513408014 | échelle=0.164491460664 | coefficient=-0.249164614397
  feature 03 | moyenne=1.370267656435 | échelle=0.217457320886 | coefficient=0.175237668905
  feature 04 | moyenne=0.501820833333 | échelle=0.150821766994 | coefficient=-0.041375760668
  feature 05 | moyenne=0.944229166667 | échelle=0.118378935975 | coefficient=0.078265866606
  feature 06 | moyenne=1.872000671501 | échelle=0.407959250453 | coefficient=0.467452066859
  feature 07 | moyenne=3.452625907012 | échelle=0.792075696276 | coefficient=-0.342132958145
  feature 08 | moyenne=0.500035416667 | échelle=0.152368877358 | coefficient=-0.007777952410
  feature 09 | moyenne=0.943664583333 | échelle=0.118030244164 | coefficient=0.089713804291
  feature 10 | moyenne=1.868012438832 | échelle=0.406136267890 | coefficient=0.473357703418
  feature 11 | moyenne=3.447466097244 | échelle=0.789249446298 | coefficient=-0.231185239047
  feature 12 | moyenne=3.500000000000 | échelle=0.500000000000 | coefficient=0.200607037683
  feature 13 | moyenne=0.949583630906 | échelle=0.078265486245 | coefficient=-0.017664459023
  feature 14 | moyenne=0.582637497767 | échelle=0.058194345625 | coefficient=-0.295687707544
  feature 15 | moyenne=1.123215453877 | échelle=0.211879461734 | coefficient=-0.163551442035
  feature 16 | moyenne=1.018457391144 | échelle=0.129499539965 | coefficient=-0.071783144935

U_5 — SKT — BASELINE + δ + δ̄ + s2 + s3 + O1 + O2 (contraction + spectral s2/s3 + TDI)
  intercept : 0.000000000000
  feature 00 | moyenne=0.686097484863 | échelle=0.164308240391 | coefficient=-0.223155505822
  feature 01 | moyenne=1.372274913067 | échelle=0.217321528162 | coefficient=0.040456142275
  feature 02 | moyenne=0.684513408014 | échelle=0.164491460664 | coefficient=-0.255606080613
  feature 03 | moyenne=1.370267656435 | échelle=0.217457320886 | coefficient=-0.006147356021
  feature 04 | moyenne=0.501820833333 | échelle=0.150821766994 | coefficient=0.103439680273
  feature 05 | moyenne=0.944229166667 | échelle=0.118378935975 | coefficient=0.015561870202
  feature 06 | moyenne=1.872000671501 | échelle=0.407959250453 | coefficient=0.088793652707
  feature 07 | moyenne=3.452625907012 | échelle=0.792075696276 | coefficient=-0.006382327885
  feature 08 | moyenne=0.500035416667 | échelle=0.152368877358 | coefficient=0.106044865481
  feature 09 | moyenne=0.943664583333 | échelle=0.118030244164 | coefficient=0.013797216667
  feature 10 | moyenne=1.868012438832 | échelle=0.406136267890 | coefficient=0.127147627326
  feature 11 | moyenne=3.447466097244 | échelle=0.789249446298 | coefficient=0.088073913334
  feature 12 | moyenne=3.500000000000 | échelle=0.500000000000 | coefficient=0.255753386689
  feature 13 | moyenne=0.949583630906 | échelle=0.078265486245 | coefficient=-0.022385184223
  feature 14 | moyenne=0.582637497767 | échelle=0.058194345625 | coefficient=-0.220077977234
  feature 15 | moyenne=1.123215453877 | échelle=0.211879461734 | coefficient=-0.144106793534
  feature 16 | moyenne=1.018457391144 | échelle=0.129499539965 | coefficient=-0.060803128405
  feature 17 | moyenne=0.415961204999 | échelle=0.182702216089 | coefficient=0.022538768212
  feature 18 | moyenne=0.792652249565 | échelle=0.114716958657 | coefficient=0.449257891372

U_5 — SK4 — BASELINE + δ + δ̄ + s2 + s3 + s4 (full exact spectral baseline)
  intercept : 0.000000000000
  feature 00 | moyenne=0.686097484863 | échelle=0.164308240391 | coefficient=-0.185076232687
  feature 01 | moyenne=1.372274913067 | échelle=0.217321528162 | coefficient=0.169252349678
  feature 02 | moyenne=0.684513408014 | échelle=0.164491460664 | coefficient=-0.214676768781
  feature 03 | moyenne=1.370267656435 | échelle=0.217457320886 | coefficient=0.103627612163
  feature 04 | moyenne=0.501820833333 | échelle=0.150821766994 | coefficient=-0.020933540863
  feature 05 | moyenne=0.944229166667 | échelle=0.118378935975 | coefficient=0.076734603159
  feature 06 | moyenne=1.872000671501 | échelle=0.407959250453 | coefficient=0.380470661632
  feature 07 | moyenne=3.452625907012 | échelle=0.792075696276 | coefficient=-0.176302626269
  feature 08 | moyenne=0.500035416667 | échelle=0.152368877358 | coefficient=0.005149244861
  feature 09 | moyenne=0.943664583333 | échelle=0.118030244164 | coefficient=0.088155252518
  feature 10 | moyenne=1.868012438832 | échelle=0.406136267890 | coefficient=0.404860284383
  feature 11 | moyenne=3.447466097244 | échelle=0.789249446298 | coefficient=-0.105505863466
  feature 12 | moyenne=3.500000000000 | échelle=0.500000000000 | coefficient=0.112510498235
  feature 13 | moyenne=0.949583630906 | échelle=0.078265486245 | coefficient=-0.021079632743
  feature 14 | moyenne=0.582637497767 | échelle=0.058194345625 | coefficient=-0.287439168247
  feature 15 | moyenne=1.123215453877 | échelle=0.211879461734 | coefficient=-0.108566022148
  feature 16 | moyenne=1.018457391144 | échelle=0.129499539965 | coefficient=-0.030737563360
  feature 17 | moyenne=1.029492398919 | échelle=0.099578558334 | coefficient=-0.118551227651

U_5 — SKT4 — BASELINE + δ + δ̄ + s2 + s3 + s4 + O1 + O2 (full model)
  intercept : 0.000000000000
  feature 00 | moyenne=0.686097484863 | échelle=0.164308240391 | coefficient=-0.193393797692
  feature 01 | moyenne=1.372274913067 | échelle=0.217321528162 | coefficient=-0.032872689382
  feature 02 | moyenne=0.684513408014 | échelle=0.164491460664 | coefficient=-0.228768295719
  feature 03 | moyenne=1.370267656435 | échelle=0.217457320886 | coefficient=-0.059606863337
  feature 04 | moyenne=0.501820833333 | échelle=0.150821766994 | coefficient=0.118629163480
  feature 05 | moyenne=0.944229166667 | échelle=0.118378935975 | coefficient=0.016013112262
  feature 06 | moyenne=1.872000671501 | échelle=0.407959250453 | coefficient=0.022438136025
  feature 07 | moyenne=3.452625907012 | échelle=0.792075696276 | coefficient=0.119851070436
  feature 08 | moyenne=0.500035416667 | échelle=0.152368877358 | coefficient=0.115744453942
  feature 09 | moyenne=0.943664583333 | échelle=0.118030244164 | coefficient=0.014380943027
  feature 10 | moyenne=1.868012438832 | échelle=0.406136267890 | coefficient=0.074831194048
  feature 11 | moyenne=3.447466097244 | échelle=0.789249446298 | coefficient=0.182284539177
  feature 12 | moyenne=3.500000000000 | échelle=0.500000000000 | coefficient=0.190499923663
  feature 13 | moyenne=0.949583630906 | échelle=0.078265486245 | coefficient=-0.024969598819
  feature 14 | moyenne=0.582637497767 | échelle=0.058194345625 | coefficient=-0.214662892091
  feature 15 | moyenne=1.123215453877 | échelle=0.211879461734 | coefficient=-0.100606864598
  feature 16 | moyenne=1.018457391144 | échelle=0.129499539965 | coefficient=-0.028277971784
  feature 17 | moyenne=1.029492398919 | échelle=0.099578558334 | coefficient=-0.094631512795
  feature 18 | moyenne=0.415961204999 | échelle=0.182702216089 | coefficient=0.026789762271
  feature 19 | moyenne=0.792652249565 | échelle=0.114716958657 | coefficient=0.439990674359

U_6 | moyenne cible=9.045583859982 | échelle cible=2.150084244445

U_6 — B0 — BASELINE
  intercept : 0.000000000000
  feature 00 | moyenne=0.686097484863 | échelle=0.164308240391 | coefficient=-0.350243756741
  feature 01 | moyenne=1.372274913067 | échelle=0.217321528162 | coefficient=0.793741650222
  feature 02 | moyenne=0.684513408014 | échelle=0.164491460664 | coefficient=-0.395713448922
  feature 03 | moyenne=1.370267656435 | échelle=0.217457320886 | coefficient=0.678101713571
  feature 04 | moyenne=0.501820833333 | échelle=0.150821766994 | coefficient=-0.176625473149
  feature 05 | moyenne=0.944229166667 | échelle=0.118378935975 | coefficient=-0.024129599010
  feature 06 | moyenne=1.872000671501 | échelle=0.407959250453 | coefficient=0.491602376507
  feature 07 | moyenne=3.452625907012 | échelle=0.792075696276 | coefficient=-0.492341717351
  feature 08 | moyenne=0.500035416667 | échelle=0.152368877358 | coefficient=-0.129808595041
  feature 09 | moyenne=0.943664583333 | échelle=0.118030244164 | coefficient=-0.005348952614
  feature 10 | moyenne=1.868012438832 | échelle=0.406136267890 | coefficient=0.492669594499
  feature 11 | moyenne=3.447466097244 | échelle=0.789249446298 | coefficient=-0.332407005862
  feature 12 | moyenne=3.500000000000 | échelle=0.500000000000 | coefficient=0.189197171376

U_6 — B1 — BASELINE + O1
  intercept : 0.000000000000
  feature 00 | moyenne=0.686097484863 | échelle=0.164308240391 | coefficient=-0.389200919517
  feature 01 | moyenne=1.372274913067 | échelle=0.217321528162 | coefficient=0.764915365209
  feature 02 | moyenne=0.684513408014 | échelle=0.164491460664 | coefficient=-0.428027737336
  feature 03 | moyenne=1.370267656435 | échelle=0.217457320886 | coefficient=0.661436396818
  feature 04 | moyenne=0.501820833333 | échelle=0.150821766994 | coefficient=-0.097242315989
  feature 05 | moyenne=0.944229166667 | échelle=0.118378935975 | coefficient=-0.003341463597
  feature 06 | moyenne=1.872000671501 | échelle=0.407959250453 | coefficient=0.311402229608
  feature 07 | moyenne=3.452625907012 | échelle=0.792075696276 | coefficient=-0.474708817922
  feature 08 | moyenne=0.500035416667 | échelle=0.152368877358 | coefficient=-0.055158033282
  feature 09 | moyenne=0.943664583333 | échelle=0.118030244164 | coefficient=0.010540052869
  feature 10 | moyenne=1.868012438832 | échelle=0.406136267890 | coefficient=0.308725566192
  feature 11 | moyenne=3.447466097244 | échelle=0.789249446298 | coefficient=-0.324986223975
  feature 12 | moyenne=3.500000000000 | échelle=0.500000000000 | coefficient=0.453288920850
  feature 13 | moyenne=0.415961204999 | échelle=0.182702216089 | coefficient=0.187659779084

U_6 — B2 — BASELINE + O2
  intercept : 0.000000000000
  feature 00 | moyenne=0.686097484863 | échelle=0.164308240391 | coefficient=-0.332582640111
  feature 01 | moyenne=1.372274913067 | échelle=0.217321528162 | coefficient=0.456793580366
  feature 02 | moyenne=0.684513408014 | échelle=0.164491460664 | coefficient=-0.380137298708
  feature 03 | moyenne=1.370267656435 | échelle=0.217457320886 | coefficient=0.385197945411
  feature 04 | moyenne=0.501820833333 | échelle=0.150821766994 | coefficient=-0.001792148953
  feature 05 | moyenne=0.944229166667 | échelle=0.118378935975 | coefficient=-0.068515508401
  feature 06 | moyenne=1.872000671501 | échelle=0.407959250453 | coefficient=0.123822924970
  feature 07 | moyenne=3.452625907012 | échelle=0.792075696276 | coefficient=-0.150084714530
  feature 08 | moyenne=0.500035416667 | échelle=0.152368877358 | coefficient=0.011276881935
  feature 09 | moyenne=0.943664583333 | échelle=0.118030244164 | coefficient=-0.064715980796
  feature 10 | moyenne=1.868012438832 | échelle=0.406136267890 | coefficient=0.155882519565
  feature 11 | moyenne=3.447466097244 | échelle=0.789249446298 | coefficient=-0.003423870515
  feature 12 | moyenne=3.500000000000 | échelle=0.500000000000 | coefficient=0.261495282446
  feature 13 | moyenne=0.792652249565 | échelle=0.114716958657 | coefficient=0.483710914362

U_6 — B12 — BASELINE + O1 + O2
  intercept : 0.000000000000
  feature 00 | moyenne=0.686097484863 | échelle=0.164308240391 | coefficient=-0.330132206103
  feature 01 | moyenne=1.372274913067 | échelle=0.217321528162 | coefficient=0.453559229770
  feature 02 | moyenne=0.684513408014 | échelle=0.164491460664 | coefficient=-0.378091344519
  feature 03 | moyenne=1.370267656435 | échelle=0.217457320886 | coefficient=0.381913323045
  feature 04 | moyenne=0.501820833333 | échelle=0.150821766994 | coefficient=-0.003745176303
  feature 05 | moyenne=0.944229166667 | échelle=0.118378935975 | coefficient=-0.070327275412
  feature 06 | moyenne=1.872000671501 | échelle=0.407959250453 | coefficient=0.128675853587
  feature 07 | moyenne=3.452625907012 | échelle=0.792075696276 | coefficient=-0.146142910910
  feature 08 | moyenne=0.500035416667 | échelle=0.152368877358 | coefficient=0.009103924445
  feature 09 | moyenne=0.943664583333 | échelle=0.118030244164 | coefficient=-0.066467658772
  feature 10 | moyenne=1.868012438832 | échelle=0.406136267890 | coefficient=0.161393402224
  feature 11 | moyenne=3.447466097244 | échelle=0.789249446298 | coefficient=0.000902098479
  feature 12 | moyenne=3.500000000000 | échelle=0.500000000000 | coefficient=0.247652864339
  feature 13 | moyenne=0.415961204999 | échelle=0.182702216089 | coefficient=-0.010577080470
  feature 14 | moyenne=0.792652249565 | échelle=0.114716958657 | coefficient=0.490686452435

U_6 — BD — BASELINE + (O2 - O1), EXPLORATOIRE
  intercept : 0.000000000000
  feature 00 | moyenne=0.686097484863 | échelle=0.164308240391 | coefficient=-0.350748095309
  feature 01 | moyenne=1.372274913067 | échelle=0.217321528162 | coefficient=0.794362496680
  feature 02 | moyenne=0.684513408014 | échelle=0.164491460664 | coefficient=-0.396134420378
  feature 03 | moyenne=1.370267656435 | échelle=0.217457320886 | coefficient=0.678739254734
  feature 04 | moyenne=0.501820833333 | échelle=0.150821766994 | coefficient=-0.176196504057
  feature 05 | moyenne=0.944229166667 | échelle=0.118378935975 | coefficient=-0.023761186690
  feature 06 | moyenne=1.872000671501 | échelle=0.407959250453 | coefficient=0.490545991700
  feature 07 | moyenne=3.452625907012 | échelle=0.792075696276 | coefficient=-0.493108138942
  feature 08 | moyenne=0.500035416667 | échelle=0.152368877358 | coefficient=-0.129338958495
  feature 09 | moyenne=0.943664583333 | échelle=0.118030244164 | coefficient=-0.004995111054
  feature 10 | moyenne=1.868012438832 | échelle=0.406136267890 | coefficient=0.491481544713
  feature 11 | moyenne=3.447466097244 | échelle=0.789249446298 | coefficient=-0.333254788157
  feature 12 | moyenne=3.500000000000 | échelle=0.500000000000 | coefficient=0.192070759611
  feature 13 | moyenne=0.376691044566 | échelle=0.139915973350 | coefficient=-0.001675471621

U_6 — CK — BASELINE + δ + δ̄ (contraction)
  intercept : 0.000000000000
  feature 00 | moyenne=0.686097484863 | échelle=0.164308240391 | coefficient=-0.364424125425
  feature 01 | moyenne=1.372274913067 | échelle=0.217321528162 | coefficient=0.516949453056
  feature 02 | moyenne=0.684513408014 | échelle=0.164491460664 | coefficient=-0.386846063865
  feature 03 | moyenne=1.370267656435 | échelle=0.217457320886 | coefficient=0.371364246758
  feature 04 | moyenne=0.501820833333 | échelle=0.150821766994 | coefficient=-0.069629327819
  feature 05 | moyenne=0.944229166667 | échelle=0.118378935975 | coefficient=0.088761691878
  feature 06 | moyenne=1.872000671501 | échelle=0.407959250453 | coefficient=0.658261087616
  feature 07 | moyenne=3.452625907012 | échelle=0.792075696276 | coefficient=-0.759938866340
  feature 08 | moyenne=0.500035416667 | échelle=0.152368877358 | coefficient=-0.014141067279
  feature 09 | moyenne=0.943664583333 | échelle=0.118030244164 | coefficient=0.103660961760
  feature 10 | moyenne=1.868012438832 | échelle=0.406136267890 | coefficient=0.623147689556
  feature 11 | moyenne=3.447466097244 | échelle=0.789249446298 | coefficient=-0.554372701436
  feature 12 | moyenne=3.500000000000 | échelle=0.500000000000 | coefficient=0.519611478472
  feature 13 | moyenne=0.949583630906 | échelle=0.078265486245 | coefficient=-0.012508446932
  feature 14 | moyenne=0.582637497767 | échelle=0.058194345625 | coefficient=-0.325265897047

U_6 — SK — BASELINE + δ + δ̄ + s2 + s3 (contraction + spectral s2/s3)
  intercept : 0.000000000000
  feature 00 | moyenne=0.686097484863 | échelle=0.164308240391 | coefficient=-0.231555370682
  feature 01 | moyenne=1.372274913067 | échelle=0.217321528162 | coefficient=0.274424980448
  feature 02 | moyenne=0.684513408014 | échelle=0.164491460664 | coefficient=-0.246482740028
  feature 03 | moyenne=1.370267656435 | échelle=0.217457320886 | coefficient=0.168535632271
  feature 04 | moyenne=0.501820833333 | échelle=0.150821766994 | coefficient=-0.038335036107
  feature 05 | moyenne=0.944229166667 | échelle=0.118378935975 | coefficient=0.076987533569
  feature 06 | moyenne=1.872000671501 | échelle=0.407959250453 | coefficient=0.443365395812
  feature 07 | moyenne=3.452625907012 | échelle=0.792075696276 | coefficient=-0.366001407458
  feature 08 | moyenne=0.500035416667 | échelle=0.152368877358 | coefficient=-0.007398617873
  feature 09 | moyenne=0.943664583333 | échelle=0.118030244164 | coefficient=0.088128573241
  feature 10 | moyenne=1.868012438832 | échelle=0.406136267890 | coefficient=0.439797933858
  feature 11 | moyenne=3.447466097244 | échelle=0.789249446298 | coefficient=-0.227142174119
  feature 12 | moyenne=3.500000000000 | échelle=0.500000000000 | coefficient=0.273987117835
  feature 13 | moyenne=0.949583630906 | échelle=0.078265486245 | coefficient=-0.016688065004
  feature 14 | moyenne=0.582637497767 | échelle=0.058194345625 | coefficient=-0.300003106814
  feature 15 | moyenne=1.123215453877 | échelle=0.211879461734 | coefficient=-0.182961264004
  feature 16 | moyenne=1.018457391144 | échelle=0.129499539965 | coefficient=-0.084895580720

U_6 — SKT — BASELINE + δ + δ̄ + s2 + s3 + O1 + O2 (contraction + spectral s2/s3 + TDI)
  intercept : 0.000000000000
  feature 00 | moyenne=0.686097484863 | échelle=0.164308240391 | coefficient=-0.228542871529
  feature 01 | moyenne=1.372274913067 | échelle=0.217321528162 | coefficient=0.072160518840
  feature 02 | moyenne=0.684513408014 | échelle=0.164491460664 | coefficient=-0.250015807739
  feature 03 | moyenne=1.370267656435 | échelle=0.217457320886 | coefficient=0.005480951448
  feature 04 | moyenne=0.501820833333 | échelle=0.150821766994 | coefficient=0.086833216001
  feature 05 | moyenne=0.944229166667 | échelle=0.118378935975 | coefficient=0.019540173852
  feature 06 | moyenne=1.872000671501 | échelle=0.407959250453 | coefficient=0.115734141120
  feature 07 | moyenne=3.452625907012 | échelle=0.792075696276 | coefficient=-0.066141274917
  feature 08 | moyenne=0.500035416667 | échelle=0.152368877358 | coefficient=0.090248357215
  feature 09 | moyenne=0.943664583333 | échelle=0.118030244164 | coefficient=0.019120376491
  feature 10 | moyenne=1.868012438832 | échelle=0.406136267890 | coefficient=0.141481746255
  feature 11 | moyenne=3.447466097244 | échelle=0.789249446298 | coefficient=0.058742086104
  feature 12 | moyenne=3.500000000000 | échelle=0.500000000000 | coefficient=0.306572231046
  feature 13 | moyenne=0.949583630906 | échelle=0.078265486245 | coefficient=-0.021056090626
  feature 14 | moyenne=0.582637497767 | échelle=0.058194345625 | coefficient=-0.233060143910
  feature 15 | moyenne=1.123215453877 | échelle=0.211879461734 | coefficient=-0.165497023204
  feature 16 | moyenne=1.018457391144 | échelle=0.129499539965 | coefficient=-0.074984896553
  feature 17 | moyenne=0.415961204999 | échelle=0.182702216089 | coefficient=0.007339417734
  feature 18 | moyenne=0.792652249565 | échelle=0.114716958657 | coefficient=0.404125770704

U_6 — SK4 — BASELINE + δ + δ̄ + s2 + s3 + s4 (full exact spectral baseline)
  intercept : 0.000000000000
  feature 00 | moyenne=0.686097484863 | échelle=0.164308240391 | coefficient=-0.185681638188
  feature 01 | moyenne=1.372274913067 | échelle=0.217321528162 | coefficient=0.158575650890
  feature 02 | moyenne=0.684513408014 | échelle=0.164491460664 | coefficient=-0.205388372715
  feature 03 | moyenne=1.370267656435 | échelle=0.217457320886 | coefficient=0.083207890786
  feature 04 | moyenne=0.501820833333 | échelle=0.150821766994 | coefficient=-0.013976886899
  feature 05 | moyenne=0.944229166667 | échelle=0.118378935975 | coefficient=0.075162939964
  feature 06 | moyenne=1.872000671501 | échelle=0.407959250453 | coefficient=0.339721756960
  feature 07 | moyenne=3.452625907012 | échelle=0.792075696276 | coefficient=-0.168404473000
  feature 08 | moyenne=0.500035416667 | échelle=0.152368877358 | coefficient=0.008004924549
  feature 09 | moyenne=0.943664583333 | échelle=0.118030244164 | coefficient=0.086271463934
  feature 10 | moyenne=1.868012438832 | échelle=0.406136267890 | coefficient=0.358179089667
  feature 11 | moyenne=3.447466097244 | échelle=0.789249446298 | coefficient=-0.077387548060
  feature 12 | moyenne=3.500000000000 | échelle=0.500000000000 | coefficient=0.169014728681
  feature 13 | moyenne=0.949583630906 | échelle=0.078265486245 | coefficient=-0.020757452373
  feature 14 | moyenne=0.582637497767 | échelle=0.058194345625 | coefficient=-0.290174470156
  feature 15 | moyenne=1.123215453877 | échelle=0.211879461734 | coefficient=-0.117442789267
  feature 16 | moyenne=1.018457391144 | échelle=0.129499539965 | coefficient=-0.035987271845
  feature 17 | moyenne=1.029492398919 | échelle=0.099578558334 | coefficient=-0.141261003913

U_6 — SKT4 — BASELINE + δ + δ̄ + s2 + s3 + s4 + O1 + O2 (full model)
  intercept : 0.000000000000
  feature 00 | moyenne=0.686097484863 | échelle=0.164308240391 | coefficient=-0.190854376978
  feature 01 | moyenne=1.372274913067 | échelle=0.217321528162 | coefficient=-0.020698844616
  feature 02 | moyenne=0.684513408014 | échelle=0.164491460664 | coefficient=-0.216029999353
  feature 03 | moyenne=1.370267656435 | échelle=0.217457320886 | coefficient=-0.062217056387
  feature 04 | moyenne=0.501820833333 | échelle=0.150821766994 | coefficient=0.106068293254
  feature 05 | moyenne=0.944229166667 | échelle=0.118378935975 | coefficient=0.020111600527
  feature 06 | moyenne=1.872000671501 | échelle=0.407959250453 | coefficient=0.031705377785
  feature 07 | moyenne=3.452625907012 | échelle=0.792075696276 | coefficient=0.093713351840
  feature 08 | moyenne=0.500035416667 | échelle=0.152368877358 | coefficient=0.102531351366
  feature 09 | moyenne=0.943664583333 | échelle=0.118030244164 | coefficient=0.019859573570
  feature 10 | moyenne=1.868012438832 | échelle=0.406136267890 | coefficient=0.075231260836
  feature 11 | moyenne=3.447466097244 | échelle=0.789249446298 | coefficient=0.178044938051
  feature 12 | moyenne=3.500000000000 | échelle=0.500000000000 | coefficient=0.223939044303
  feature 13 | moyenne=0.949583630906 | échelle=0.078265486245 | coefficient=-0.024328842815
  feature 14 | moyenne=0.582637497767 | échelle=0.058194345625 | coefficient=-0.226202795332
  feature 15 | moyenne=1.123215453877 | échelle=0.211879461734 | coefficient=-0.110411245617
  feature 16 | moyenne=1.018457391144 | échelle=0.129499539965 | coefficient=-0.033796931712
  feature 17 | moyenne=1.029492398919 | échelle=0.099578558334 | coefficient=-0.119835838681
  feature 18 | moyenne=0.415961204999 | échelle=0.182702216089 | coefficient=0.012722629132
  feature 19 | moyenne=0.792652249565 | échelle=0.114716958657 | coefficient=0.392390306585

U_7 | moyenne cible=10.651592978220 | échelle cible=2.557318371169

U_7 — B0 — BASELINE
  intercept : 0.000000000000
  feature 00 | moyenne=0.686097484863 | échelle=0.164308240391 | coefficient=-0.367503446455
  feature 01 | moyenne=1.372274913067 | échelle=0.217321528162 | coefficient=0.818876135373
  feature 02 | moyenne=0.684513408014 | échelle=0.164491460664 | coefficient=-0.393842379425
  feature 03 | moyenne=1.370267656435 | échelle=0.217457320886 | coefficient=0.689375972341
  feature 04 | moyenne=0.501820833333 | échelle=0.150821766994 | coefficient=-0.179391648950
  feature 05 | moyenne=0.944229166667 | échelle=0.118378935975 | coefficient=-0.026243671659
  feature 06 | moyenne=1.872000671501 | échelle=0.407959250453 | coefficient=0.491387444989
  feature 07 | moyenne=3.452625907012 | échelle=0.792075696276 | coefficient=-0.525075188563
  feature 08 | moyenne=0.500035416667 | échelle=0.152368877358 | coefficient=-0.135575776540
  feature 09 | moyenne=0.943664583333 | échelle=0.118030244164 | coefficient=-0.012184112855
  feature 10 | moyenne=1.868012438832 | échelle=0.406136267890 | coefficient=0.469577714685
  feature 11 | moyenne=3.447466097244 | échelle=0.789249446298 | coefficient=-0.334795684883
  feature 12 | moyenne=3.500000000000 | échelle=0.500000000000 | coefficient=0.238825040990

U_7 — B1 — BASELINE + O1
  intercept : 0.000000000000
  feature 00 | moyenne=0.686097484863 | échelle=0.164308240391 | coefficient=-0.401755009270
  feature 01 | moyenne=1.372274913067 | échelle=0.217321528162 | coefficient=0.793531750888
  feature 02 | moyenne=0.684513408014 | échelle=0.164491460664 | coefficient=-0.422253454581
  feature 03 | moyenne=1.370267656435 | échelle=0.217457320886 | coefficient=0.674723643913
  feature 04 | moyenne=0.501820833333 | échelle=0.150821766994 | coefficient=-0.109597110534
  feature 05 | moyenne=0.944229166667 | échelle=0.118378935975 | coefficient=-0.007966516056
  feature 06 | moyenne=1.872000671501 | échelle=0.407959250453 | coefficient=0.332953508556
  feature 07 | moyenne=3.452625907012 | échelle=0.792075696276 | coefficient=-0.509572150883
  feature 08 | moyenne=0.500035416667 | échelle=0.152368877358 | coefficient=-0.069942187667
  feature 09 | moyenne=0.943664583333 | échelle=0.118030244164 | coefficient=0.001785674229
  feature 10 | moyenne=1.868012438832 | échelle=0.406136267890 | coefficient=0.307852116845
  feature 11 | moyenne=3.447466097244 | échelle=0.789249446298 | coefficient=-0.328271252433
  feature 12 | moyenne=3.500000000000 | échelle=0.500000000000 | coefficient=0.471017390268
  feature 13 | moyenne=0.415961204999 | échelle=0.182702216089 | coefficient=0.164992526489

U_7 — B2 — BASELINE + O2
  intercept : 0.000000000000
  feature 00 | moyenne=0.686097484863 | échelle=0.164308240391 | coefficient=-0.351306875774
  feature 01 | moyenne=1.372274913067 | échelle=0.217321528162 | coefficient=0.509869443239
  feature 02 | moyenne=0.684513408014 | échelle=0.164491460664 | coefficient=-0.379557879574
  feature 03 | moyenne=1.370267656435 | échelle=0.217457320886 | coefficient=0.420761213540
  feature 04 | moyenne=0.501820833333 | échelle=0.150821766994 | coefficient=-0.019056356904
  feature 05 | moyenne=0.944229166667 | échelle=0.118378935975 | coefficient=-0.066948884911
  feature 06 | moyenne=1.872000671501 | échelle=0.407959250453 | coefficient=0.154106059751
  feature 07 | moyenne=3.452625907012 | échelle=0.792075696276 | coefficient=-0.211199806084
  feature 08 | moyenne=0.500035416667 | échelle=0.152368877358 | coefficient=-0.006189795587
  feature 09 | moyenne=0.943664583333 | échelle=0.118030244164 | coefficient=-0.066628137444
  feature 10 | moyenne=1.868012438832 | échelle=0.406136267890 | coefficient=0.160718666988
  feature 11 | moyenne=3.447466097244 | échelle=0.789249446298 | coefficient=-0.033093436032
  feature 12 | moyenne=3.500000000000 | échelle=0.500000000000 | coefficient=0.305127839990
  feature 13 | moyenne=0.792652249565 | échelle=0.114716958657 | coefficient=0.443599245605

U_7 — B12 — BASELINE + O1 + O2
  intercept : 0.000000000000
  feature 00 | moyenne=0.686097484863 | échelle=0.164308240391 | coefficient=-0.346815560323
  feature 01 | moyenne=1.372274913067 | échelle=0.217321528162 | coefficient=0.503941314281
  feature 02 | moyenne=0.684513408014 | échelle=0.164491460664 | coefficient=-0.375807921146
  feature 03 | moyenne=1.370267656435 | échelle=0.217457320886 | coefficient=0.414740943198
  feature 04 | moyenne=0.501820833333 | échelle=0.150821766994 | coefficient=-0.022635992953
  feature 05 | moyenne=0.944229166667 | échelle=0.118378935975 | coefficient=-0.070269609787
  feature 06 | moyenne=1.872000671501 | échelle=0.407959250453 | coefficient=0.163000824190
  feature 07 | moyenne=3.452625907012 | échelle=0.792075696276 | coefficient=-0.203975011031
  feature 08 | moyenne=0.500035416667 | échelle=0.152368877358 | coefficient=-0.010172533958
  feature 09 | moyenne=0.943664583333 | échelle=0.118030244164 | coefficient=-0.069838727214
  feature 10 | moyenne=1.868012438832 | échelle=0.406136267890 | coefficient=0.170819372558
  feature 11 | moyenne=3.447466097244 | échelle=0.789249446298 | coefficient=-0.025164517595
  feature 12 | moyenne=3.500000000000 | échelle=0.500000000000 | coefficient=0.279756552247
  feature 13 | moyenne=0.415961204999 | échelle=0.182702216089 | coefficient=-0.019386363713
  feature 14 | moyenne=0.792652249565 | échelle=0.114716958657 | coefficient=0.456384467251

U_7 — BD — BASELINE + (O2 - O1), EXPLORATOIRE
  intercept : 0.000000000000
  feature 00 | moyenne=0.686097484863 | échelle=0.164308240391 | coefficient=-0.365734782700
  feature 01 | moyenne=1.372274913067 | échelle=0.217321528162 | coefficient=0.816698890367
  feature 02 | moyenne=0.684513408014 | échelle=0.164491460664 | coefficient=-0.392366075601
  feature 03 | moyenne=1.370267656435 | échelle=0.217457320886 | coefficient=0.687140180716
  feature 04 | moyenne=0.501820833333 | échelle=0.150821766994 | coefficient=-0.180895999667
  feature 05 | moyenne=0.944229166667 | échelle=0.118378935975 | coefficient=-0.027535655970
  feature 06 | moyenne=1.872000671501 | échelle=0.407959250453 | coefficient=0.495092078418
  feature 07 | moyenne=3.452625907012 | échelle=0.792075696276 | coefficient=-0.522387426460
  feature 08 | moyenne=0.500035416667 | échelle=0.152368877358 | coefficient=-0.137222743853
  feature 09 | moyenne=0.943664583333 | échelle=0.118030244164 | coefficient=-0.013424999001
  feature 10 | moyenne=1.868012438832 | échelle=0.406136267890 | coefficient=0.473744083724
  feature 11 | moyenne=3.447466097244 | échelle=0.789249446298 | coefficient=-0.331822599119
  feature 12 | moyenne=3.500000000000 | échelle=0.500000000000 | coefficient=0.228747661068
  feature 13 | moyenne=0.376691044566 | échelle=0.139915973350 | coefficient=0.005875707544

U_7 — CK — BASELINE + δ + δ̄ (contraction)
  intercept : 0.000000000000
  feature 00 | moyenne=0.686097484863 | échelle=0.164308240391 | coefficient=-0.381793368903
  feature 01 | moyenne=1.372274913067 | échelle=0.217321528162 | coefficient=0.539060135719
  feature 02 | moyenne=0.684513408014 | échelle=0.164491460664 | coefficient=-0.384822536926
  feature 03 | moyenne=1.370267656435 | échelle=0.217457320886 | coefficient=0.379289311171
  feature 04 | moyenne=0.501820833333 | échelle=0.150821766994 | coefficient=-0.071194505318
  feature 05 | moyenne=0.944229166667 | échelle=0.118378935975 | coefficient=0.087887626173
  feature 06 | moyenne=1.872000671501 | échelle=0.407959250453 | coefficient=0.659711865134
  feature 07 | moyenne=3.452625907012 | échelle=0.792075696276 | coefficient=-0.795524293283
  feature 08 | moyenne=0.500035416667 | échelle=0.152368877358 | coefficient=-0.018609284559
  feature 09 | moyenne=0.943664583333 | échelle=0.118030244164 | coefficient=0.098022321690
  feature 10 | moyenne=1.868012438832 | échelle=0.406136267890 | coefficient=0.601308854284
  feature 11 | moyenne=3.447466097244 | échelle=0.789249446298 | coefficient=-0.559120810369
  feature 12 | moyenne=3.500000000000 | échelle=0.500000000000 | coefficient=0.572958742609
  feature 13 | moyenne=0.949583630906 | échelle=0.078265486245 | coefficient=-0.013063424676
  feature 14 | moyenne=0.582637497767 | échelle=0.058194345625 | coefficient=-0.328545471236

U_7 — SK — BASELINE + δ + δ̄ + s2 + s3 (contraction + spectral s2/s3)
  intercept : 0.000000000000
  feature 00 | moyenne=0.686097484863 | échelle=0.164308240391 | coefficient=-0.238580007560
  feature 01 | moyenne=1.372274913067 | échelle=0.217321528162 | coefficient=0.277536836022
  feature 02 | moyenne=0.684513408014 | échelle=0.164491460664 | coefficient=-0.233701048684
  feature 03 | moyenne=1.370267656435 | échelle=0.217457320886 | coefficient=0.160436970196
  feature 04 | moyenne=0.501820833333 | échelle=0.150821766994 | coefficient=-0.037423456393
  feature 05 | moyenne=0.944229166667 | échelle=0.118378935975 | coefficient=0.075294001083
  feature 06 | moyenne=1.872000671501 | échelle=0.407959250453 | coefficient=0.427860181284
  feature 07 | moyenne=3.452625907012 | échelle=0.792075696276 | coefficient=-0.370592719819
  feature 08 | moyenne=0.500035416667 | échelle=0.152368877358 | coefficient=-0.011262003462
  feature 09 | moyenne=0.943664583333 | échelle=0.118030244164 | coefficient=0.081373844565
  feature 10 | moyenne=1.868012438832 | échelle=0.406136267890 | coefficient=0.403514667551
  feature 11 | moyenne=3.447466097244 | échelle=0.789249446298 | coefficient=-0.205739356751
  feature 12 | moyenne=3.500000000000 | échelle=0.500000000000 | coefficient=0.308096851655
  feature 13 | moyenne=0.949583630906 | échelle=0.078265486245 | coefficient=-0.017571631046
  feature 14 | moyenne=0.582637497767 | échelle=0.058194345625 | coefficient=-0.301475600210
  feature 15 | moyenne=1.123215453877 | échelle=0.211879461734 | coefficient=-0.195002179001
  feature 16 | moyenne=1.018457391144 | échelle=0.129499539965 | coefficient=-0.093003523224

U_7 — SKT — BASELINE + δ + δ̄ + s2 + s3 + O1 + O2 (contraction + spectral s2/s3 + TDI)
  intercept : 0.000000000000
  feature 00 | moyenne=0.686097484863 | échelle=0.164308240391 | coefficient=-0.234513193116
  feature 01 | moyenne=1.372274913067 | échelle=0.217321528162 | coefficient=0.095630657312
  feature 02 | moyenne=0.684513408014 | échelle=0.164491460664 | coefficient=-0.235729814058
  feature 03 | moyenne=1.370267656435 | échelle=0.217457320886 | coefficient=0.013415839077
  feature 04 | moyenne=0.501820833333 | échelle=0.150821766994 | coefficient=0.072867922162
  feature 05 | moyenne=0.944229166667 | échelle=0.118378935975 | coefficient=0.022942057209
  feature 06 | moyenne=1.872000671501 | échelle=0.407959250453 | coefficient=0.138985320123
  feature 07 | moyenne=3.452625907012 | échelle=0.792075696276 | coefficient=-0.101223163259
  feature 08 | moyenne=0.500035416667 | échelle=0.152368877358 | coefficient=0.074388215874
  feature 09 | moyenne=0.943664583333 | échelle=0.118030244164 | coefficient=0.018760077802
  feature 10 | moyenne=1.868012438832 | échelle=0.406136267890 | coefficient=0.141147015261
  feature 11 | moyenne=3.447466097244 | échelle=0.789249446298 | coefficient=0.051463709510
  feature 12 | moyenne=3.500000000000 | échelle=0.500000000000 | coefficient=0.328771679526
  feature 13 | moyenne=0.949583630906 | échelle=0.078265486245 | coefficient=-0.021573873171
  feature 14 | moyenne=0.582637497767 | échelle=0.058194345625 | coefficient=-0.241641009078
  feature 15 | moyenne=1.123215453877 | échelle=0.211879461734 | coefficient=-0.179263118512
  feature 16 | moyenne=1.018457391144 | échelle=0.129499539965 | coefficient=-0.084046736127
  feature 17 | moyenne=0.415961204999 | échelle=0.182702216089 | coefficient=-0.000004336277
  feature 18 | moyenne=0.792652249565 | échelle=0.114716958657 | coefficient=0.364524901647

U_7 — SK4 — BASELINE + δ + δ̄ + s2 + s3 + s4 (full exact spectral baseline)
  intercept : 0.000000000000
  feature 00 | moyenne=0.686097484863 | échelle=0.164308240391 | coefficient=-0.187635089915
  feature 01 | moyenne=1.372274913067 | échelle=0.217321528162 | coefficient=0.148880756980
  feature 02 | moyenne=0.684513408014 | échelle=0.164491460664 | coefficient=-0.188063838789
  feature 03 | moyenne=1.370267656435 | échelle=0.217457320886 | coefficient=0.065676537012
  feature 04 | moyenne=0.501820833333 | échelle=0.150821766994 | coefficient=-0.010372596611
  feature 05 | moyenne=0.944229166667 | échelle=0.118378935975 | coefficient=0.073267704859
  feature 06 | moyenne=1.872000671501 | échelle=0.407959250453 | coefficient=0.312759090556
  feature 07 | moyenne=3.452625907012 | échelle=0.792075696276 | coefficient=-0.151152116107
  feature 08 | moyenne=0.500035416667 | échelle=0.152368877358 | coefficient=0.005844348202
  feature 09 | moyenne=0.943664583333 | échelle=0.118030244164 | coefficient=0.079311438139
  feature 10 | moyenne=1.868012438832 | échelle=0.406136267890 | coefficient=0.312873137647
  feature 11 | moyenne=3.447466097244 | échelle=0.789249446298 | coefficient=-0.039429865962
  feature 12 | moyenne=3.500000000000 | échelle=0.500000000000 | coefficient=0.191520121797
  feature 13 | moyenne=0.949583630906 | échelle=0.078265486245 | coefficient=-0.022090875351
  feature 14 | moyenne=0.582637497767 | échelle=0.058194345625 | coefficient=-0.290560441187
  feature 15 | moyenne=1.123215453877 | échelle=0.211879461734 | coefficient=-0.122240859651
  feature 16 | moyenne=1.018457391144 | échelle=0.129499539965 | coefficient=-0.038688567096
  feature 17 | moyenne=1.029492398919 | échelle=0.099578558334 | coefficient=-0.156876927594

U_7 — SKT4 — BASELINE + δ + δ̄ + s2 + s3 + s4 + O1 + O2 (full model)
  intercept : 0.000000000000
  feature 00 | moyenne=0.686097484863 | échelle=0.164308240391 | coefficient=-0.191217105893
  feature 01 | moyenne=1.372274913067 | échelle=0.217321528162 | coefficient=-0.011045057585
  feature 02 | moyenne=0.684513408014 | échelle=0.164491460664 | coefficient=-0.196687327969
  feature 03 | moyenne=1.370267656435 | échelle=0.217457320886 | coefficient=-0.064354814460
  feature 04 | moyenne=0.501820833333 | échelle=0.150821766994 | coefficient=0.094964946530
  feature 05 | moyenne=0.944229166667 | échelle=0.118378935975 | coefficient=0.023598505269
  feature 06 | moyenne=1.872000671501 | échelle=0.407959250453 | coefficient=0.042454091962
  feature 07 | moyenne=3.452625907012 | échelle=0.792075696276 | coefficient=0.082415900744
  feature 08 | moyenne=0.500035416667 | échelle=0.152368877358 | coefficient=0.088498771163
  feature 09 | moyenne=0.943664583333 | échelle=0.118030244164 | coefficient=0.019609258476
  feature 10 | moyenne=1.868012438832 | échelle=0.406136267890 | coefficient=0.065039257989
  feature 11 | moyenne=3.447466097244 | échelle=0.789249446298 | coefficient=0.188517384520
  feature 12 | moyenne=3.500000000000 | échelle=0.500000000000 | coefficient=0.233843672893
  feature 13 | moyenne=0.949583630906 | échelle=0.078265486245 | coefficient=-0.025333571346
  feature 14 | moyenne=0.582637497767 | échelle=0.058194345625 | coefficient=-0.233763369876
  feature 15 | moyenne=1.123215453877 | échelle=0.211879461734 | coefficient=-0.115981242716
  feature 16 | moyenne=1.018457391144 | échelle=0.129499539965 | coefficient=-0.036730499711
  feature 17 | moyenne=1.029492398919 | échelle=0.099578558334 | coefficient=-0.137665963731
  feature 18 | moyenne=0.415961204999 | échelle=0.182702216089 | coefficient=0.006179831942
  feature 19 | moyenne=0.792652249565 | échelle=0.114716958657 | coefficient=0.351043342244

U_8 | moyenne cible=12.247740176704 | échelle cible=2.967661873926

U_8 — B0 — BASELINE
  intercept : 0.000000000000
  feature 00 | moyenne=0.686097484863 | échelle=0.164308240391 | coefficient=-0.372983736314
  feature 01 | moyenne=1.372274913067 | échelle=0.217321528162 | coefficient=0.832428215321
  feature 02 | moyenne=0.684513408014 | échelle=0.164491460664 | coefficient=-0.404589908224
  feature 03 | moyenne=1.370267656435 | échelle=0.217457320886 | coefficient=0.708355003079
  feature 04 | moyenne=0.501820833333 | échelle=0.150821766994 | coefficient=-0.177948791087
  feature 05 | moyenne=0.944229166667 | échelle=0.118378935975 | coefficient=-0.028665495433
  feature 06 | moyenne=1.872000671501 | échelle=0.407959250453 | coefficient=0.480249795440
  feature 07 | moyenne=3.452625907012 | échelle=0.792075696276 | coefficient=-0.549236692245
  feature 08 | moyenne=0.500035416667 | échelle=0.152368877358 | coefficient=-0.131762038115
  feature 09 | moyenne=0.943664583333 | échelle=0.118030244164 | coefficient=-0.014074258104
  feature 10 | moyenne=1.868012438832 | échelle=0.406136267890 | coefficient=0.457508065168
  feature 11 | moyenne=3.447466097244 | échelle=0.789249446298 | coefficient=-0.362540083090
  feature 12 | moyenne=3.500000000000 | échelle=0.500000000000 | coefficient=0.299482844684

U_8 — B1 — BASELINE + O1
  intercept : 0.000000000000
  feature 00 | moyenne=0.686097484863 | échelle=0.164308240391 | coefficient=-0.403353729350
  feature 01 | moyenne=1.372274913067 | échelle=0.217321528162 | coefficient=0.809955991659
  feature 02 | moyenne=0.684513408014 | échelle=0.164491460664 | coefficient=-0.429781288813
  feature 03 | moyenne=1.370267656435 | échelle=0.217457320886 | coefficient=0.695363154656
  feature 04 | moyenne=0.501820833333 | échelle=0.150821766994 | coefficient=-0.116063742012
  feature 05 | moyenne=0.944229166667 | échelle=0.118378935975 | coefficient=-0.012459604584
  feature 06 | moyenne=1.872000671501 | échelle=0.407959250453 | coefficient=0.339770437689
  feature 07 | moyenne=3.452625907012 | échelle=0.792075696276 | coefficient=-0.535490541481
  feature 08 | moyenne=0.500035416667 | échelle=0.152368877358 | coefficient=-0.073566397589
  feature 09 | moyenne=0.943664583333 | échelle=0.118030244164 | coefficient=-0.001687601800
  feature 10 | moyenne=1.868012438832 | échelle=0.406136267890 | coefficient=0.314110074638
  feature 11 | moyenne=3.447466097244 | échelle=0.789249446298 | coefficient=-0.356755034124
  feature 12 | moyenne=3.500000000000 | échelle=0.500000000000 | coefficient=0.505361918547
  feature 13 | moyenne=0.415961204999 | échelle=0.182702216089 | coefficient=0.146294693401

U_8 — B2 — BASELINE + O2
  intercept : 0.000000000000
  feature 00 | moyenne=0.686097484863 | échelle=0.164308240391 | coefficient=-0.357747376071
  feature 01 | moyenne=1.372274913067 | échelle=0.217321528162 | coefficient=0.541740922835
  feature 02 | moyenne=0.684513408014 | échelle=0.164491460664 | coefficient=-0.391152262076
  feature 03 | moyenne=1.370267656435 | échelle=0.217457320886 | coefficient=0.455665016276
  feature 04 | moyenne=0.501820833333 | échelle=0.150821766994 | coefficient=-0.027118944610
  feature 05 | moyenne=0.944229166667 | échelle=0.118378935975 | coefficient=-0.066957508297
  feature 06 | moyenne=1.872000671501 | échelle=0.407959250453 | coefficient=0.162964069350
  feature 07 | moyenne=3.452625907012 | échelle=0.792075696276 | coefficient=-0.253969348745
  feature 08 | moyenne=0.500035416667 | échelle=0.152368877358 | coefficient=-0.010046679042
  feature 09 | moyenne=0.943664583333 | échelle=0.118030244164 | coefficient=-0.065290579635
  feature 10 | moyenne=1.868012438832 | échelle=0.406136267890 | coefficient=0.166959664050
  feature 11 | moyenne=3.447466097244 | échelle=0.789249446298 | coefficient=-0.078724191436
  feature 12 | moyenne=3.500000000000 | échelle=0.500000000000 | coefficient=0.361854895570
  feature 13 | moyenne=0.792652249565 | échelle=0.114716958657 | coefficient=0.417300553470

U_8 — B12 — BASELINE + O1 + O2
  intercept : 0.000000000000
  feature 00 | moyenne=0.686097484863 | échelle=0.164308240391 | coefficient=-0.350706390823
  feature 01 | moyenne=1.372274913067 | échelle=0.217321528162 | coefficient=0.532447461044
  feature 02 | moyenne=0.684513408014 | échelle=0.164491460664 | coefficient=-0.385273493984
  feature 03 | moyenne=1.370267656435 | échelle=0.217457320886 | coefficient=0.446227105461
  feature 04 | moyenne=0.501820833333 | échelle=0.150821766994 | coefficient=-0.032730700206
  feature 05 | moyenne=0.944229166667 | échelle=0.118378935975 | coefficient=-0.072163371727
  feature 06 | moyenne=1.872000671501 | échelle=0.407959250453 | coefficient=0.176908292568
  feature 07 | moyenne=3.452625907012 | échelle=0.792075696276 | coefficient=-0.242643117946
  feature 08 | moyenne=0.500035416667 | échelle=0.152368877358 | coefficient=-0.016290373662
  feature 09 | moyenne=0.943664583333 | échelle=0.118030244164 | coefficient=-0.070323785485
  feature 10 | moyenne=1.868012438832 | échelle=0.406136267890 | coefficient=0.182794427758
  feature 11 | moyenne=3.447466097244 | échelle=0.789249446298 | coefficient=-0.066294114247
  feature 12 | moyenne=3.500000000000 | échelle=0.500000000000 | coefficient=0.322080610140
  feature 13 | moyenne=0.415961204999 | échelle=0.182702216089 | coefficient=-0.030391786636
  feature 14 | moyenne=0.792652249565 | échelle=0.114716958657 | coefficient=0.437343803153

U_8 — BD — BASELINE + (O2 - O1), EXPLORATOIRE
  intercept : 0.000000000000
  feature 00 | moyenne=0.686097484863 | échelle=0.164308240391 | coefficient=-0.368520182285
  feature 01 | moyenne=1.372274913067 | échelle=0.217321528162 | coefficient=0.826933530030
  feature 02 | moyenne=0.684513408014 | échelle=0.164491460664 | coefficient=-0.400864179202
  feature 03 | moyenne=1.370267656435 | échelle=0.217457320886 | coefficient=0.702712564435
  feature 04 | moyenne=0.501820833333 | échelle=0.150821766994 | coefficient=-0.181745301693
  feature 05 | moyenne=0.944229166667 | échelle=0.118378935975 | coefficient=-0.031926059664
  feature 06 | moyenne=1.872000671501 | échelle=0.407959250453 | coefficient=0.489599131301
  feature 07 | moyenne=3.452625907012 | échelle=0.792075696276 | coefficient=-0.542453621507
  feature 08 | moyenne=0.500035416667 | échelle=0.152368877358 | coefficient=-0.135918468395
  feature 09 | moyenne=0.943664583333 | échelle=0.118030244164 | coefficient=-0.017205866552
  feature 10 | moyenne=1.868012438832 | échelle=0.406136267890 | coefficient=0.468022677267
  feature 11 | moyenne=3.447466097244 | échelle=0.789249446298 | coefficient=-0.355036944688
  feature 12 | moyenne=3.500000000000 | échelle=0.500000000000 | coefficient=0.274050690250
  feature 13 | moyenne=0.376691044566 | échelle=0.139915973350 | coefficient=0.014828447755

U_8 — CK — BASELINE + δ + δ̄ (contraction)
  intercept : 0.000000000000
  feature 00 | moyenne=0.686097484863 | échelle=0.164308240391 | coefficient=-0.387481962968
  feature 01 | moyenne=1.372274913067 | échelle=0.217321528162 | coefficient=0.550179997001
  feature 02 | moyenne=0.684513408014 | échelle=0.164491460664 | coefficient=-0.395594717293
  feature 03 | moyenne=1.370267656435 | échelle=0.217457320886 | coefficient=0.395569771592
  feature 04 | moyenne=0.501820833333 | échelle=0.150821766994 | coefficient=-0.068870732244
  feature 05 | moyenne=0.944229166667 | échelle=0.118378935975 | coefficient=0.086445375073
  feature 06 | moyenne=1.872000671501 | échelle=0.407959250453 | coefficient=0.650324587880
  feature 07 | moyenne=3.452625907012 | échelle=0.792075696276 | coefficient=-0.822168961077
  feature 08 | moyenne=0.500035416667 | échelle=0.152368877358 | coefficient=-0.013844405005
  feature 09 | moyenne=0.943664583333 | échelle=0.118030244164 | coefficient=0.097079644684
  feature 10 | moyenne=1.868012438832 | échelle=0.406136267890 | coefficient=0.590703780110
  feature 11 | moyenne=3.447466097244 | échelle=0.789249446298 | coefficient=-0.588936380400
  feature 12 | moyenne=3.500000000000 | échelle=0.500000000000 | coefficient=0.636317342044
  feature 13 | moyenne=0.949583630906 | échelle=0.078265486245 | coefficient=-0.012401412165
  feature 14 | moyenne=0.582637497767 | échelle=0.058194345625 | coefficient=-0.331908825007

U_8 — SK — BASELINE + δ + δ̄ + s2 + s3 (contraction + spectral s2/s3)
  intercept : 0.000000000000
  feature 00 | moyenne=0.686097484863 | échelle=0.164308240391 | coefficient=-0.235923180453
  feature 01 | moyenne=1.372274913067 | échelle=0.217321528162 | coefficient=0.273298835686
  feature 02 | moyenne=0.684513408014 | échelle=0.164491460664 | coefficient=-0.235838842759
  feature 03 | moyenne=1.370267656435 | échelle=0.217457320886 | coefficient=0.163729358038
  feature 04 | moyenne=0.501820833333 | échelle=0.150821766994 | coefficient=-0.033090984228
  feature 05 | moyenne=0.944229166667 | échelle=0.118378935975 | coefficient=0.073216207055
  feature 06 | moyenne=1.872000671501 | échelle=0.407959250453 | coefficient=0.404734633917
  feature 07 | moyenne=3.452625907012 | échelle=0.792075696276 | coefficient=-0.372148046586
  feature 08 | moyenne=0.500035416667 | échelle=0.152368877358 | coefficient=-0.005988181029
  feature 09 | moyenne=0.943664583333 | échelle=0.118030244164 | coefficient=0.079555270435
  feature 10 | moyenne=1.868012438832 | échelle=0.406136267890 | coefficient=0.381212098513
  feature 11 | moyenne=3.447466097244 | échelle=0.789249446298 | coefficient=-0.214280698449
  feature 12 | moyenne=3.500000000000 | échelle=0.500000000000 | coefficient=0.355905711953
  feature 13 | moyenne=0.949583630906 | échelle=0.078265486245 | coefficient=-0.017175540337
  feature 14 | moyenne=0.582637497767 | échelle=0.058194345625 | coefficient=-0.303423104826
  feature 15 | moyenne=1.123215453877 | échelle=0.211879461734 | coefficient=-0.204136832958
  feature 16 | moyenne=1.018457391144 | échelle=0.129499539965 | coefficient=-0.099938377557

U_8 — SKT — BASELINE + δ + δ̄ + s2 + s3 + O1 + O2 (contraction + spectral s2/s3 + TDI)
  intercept : 0.000000000000
  feature 00 | moyenne=0.686097484863 | échelle=0.164308240391 | coefficient=-0.230102688618
  feature 01 | moyenne=1.372274913067 | échelle=0.217321528162 | coefficient=0.103672244360
  feature 02 | moyenne=0.684513408014 | échelle=0.164491460664 | coefficient=-0.236014458572
  feature 03 | moyenne=1.370267656435 | échelle=0.217457320886 | coefficient=0.026067852527
  feature 04 | moyenne=0.501820833333 | échelle=0.150821766994 | coefficient=0.066351043600
  feature 05 | moyenne=0.944229166667 | échelle=0.118378935975 | coefficient=0.023372227705
  feature 06 | moyenne=1.872000671501 | échelle=0.407959250453 | coefficient=0.143995439571
  feature 07 | moyenne=3.452625907012 | échelle=0.792075696276 | coefficient=-0.121424126042
  feature 08 | moyenne=0.500035416667 | échelle=0.152368877358 | coefficient=0.070640512486
  feature 09 | moyenne=0.943664583333 | échelle=0.118030244164 | coefficient=0.020344479336
  feature 10 | moyenne=1.868012438832 | échelle=0.406136267890 | coefficient=0.145404026343
  feature 11 | moyenne=3.447466097244 | échelle=0.789249446298 | coefficient=0.025699661013
  feature 12 | moyenne=3.500000000000 | échelle=0.500000000000 | coefficient=0.362290483929
  feature 13 | moyenne=0.949583630906 | échelle=0.078265486245 | coefficient=-0.021017970177
  feature 14 | moyenne=0.582637497767 | échelle=0.058194345625 | coefficient=-0.248181107740
  feature 15 | moyenne=1.123215453877 | échelle=0.211879461734 | coefficient=-0.189411492461
  feature 16 | moyenne=1.018457391144 | échelle=0.129499539965 | coefficient=-0.091521032012
  feature 17 | moyenne=0.415961204999 | échelle=0.182702216089 | coefficient=-0.009872247722
  feature 18 | moyenne=0.792652249565 | échelle=0.114716958657 | coefficient=0.341523901387

U_8 — SK4 — BASELINE + δ + δ̄ + s2 + s3 + s4 (full exact spectral baseline)
  intercept : 0.000000000000
  feature 00 | moyenne=0.686097484863 | échelle=0.164308240391 | coefficient=-0.181677281914
  feature 01 | moyenne=1.372274913067 | échelle=0.217321528162 | coefficient=0.136306473489
  feature 02 | moyenne=0.684513408014 | échelle=0.164491460664 | coefficient=-0.187244565411
  feature 03 | moyenne=1.370267656435 | échelle=0.217457320886 | coefficient=0.062828913369
  feature 04 | moyenne=0.501820833333 | échelle=0.150821766994 | coefficient=-0.004287361355
  feature 05 | moyenne=0.944229166667 | échelle=0.118378935975 | coefficient=0.071058616769
  feature 06 | moyenne=1.872000671501 | échelle=0.407959250453 | coefficient=0.282175556820
  feature 07 | moyenne=3.452625907012 | échelle=0.792075696276 | coefficient=-0.138488767612
  feature 08 | moyenne=0.500035416667 | échelle=0.152368877358 | coefficient=0.012226578354
  feature 09 | moyenne=0.943664583333 | échelle=0.118030244164 | coefficient=0.077359230184
  feature 10 | moyenne=1.868012438832 | échelle=0.406136267890 | coefficient=0.284697441864
  feature 11 | moyenne=3.447466097244 | échelle=0.789249446298 | coefficient=-0.037195168028
  feature 12 | moyenne=3.500000000000 | échelle=0.500000000000 | coefficient=0.231775381545
  feature 13 | moyenne=0.949583630906 | échelle=0.078265486245 | coefficient=-0.021987609516
  feature 14 | moyenne=0.582637497767 | échelle=0.058194345625 | coefficient=-0.291800697013
  feature 15 | moyenne=1.123215453877 | échelle=0.211879461734 | coefficient=-0.126660936844
  feature 16 | moyenne=1.018457391144 | échelle=0.129499539965 | coefficient=-0.042104078564
  feature 17 | moyenne=1.029492398919 | échelle=0.099578558334 | coefficient=-0.167041783376

U_8 — SKT4 — BASELINE + δ + δ̄ + s2 + s3 + s4 + O1 + O2 (full model)
  intercept : 0.000000000000
  feature 00 | moyenne=0.686097484863 | échelle=0.164308240391 | coefficient=-0.183218076539
  feature 01 | moyenne=1.372274913067 | échelle=0.217321528162 | coefficient=-0.011845111413
  feature 02 | moyenne=0.684513408014 | échelle=0.164491460664 | coefficient=-0.193736000348
  feature 03 | moyenne=1.370267656435 | échelle=0.217457320886 | coefficient=-0.058148693496
  feature 04 | moyenne=0.501820833333 | échelle=0.150821766994 | coefficient=0.090279543427
  feature 05 | moyenne=0.944229166667 | échelle=0.118378935975 | coefficient=0.024083084382
  feature 06 | moyenne=1.872000671501 | échelle=0.407959250453 | coefficient=0.039463379605
  feature 07 | moyenne=3.452625907012 | échelle=0.792075696276 | coefficient=0.077435559225
  feature 08 | moyenne=0.500035416667 | échelle=0.152368877358 | coefficient=0.085920597902
  feature 09 | moyenne=0.943664583333 | échelle=0.118030244164 | coefficient=0.021264042952
  feature 10 | moyenne=1.868012438832 | échelle=0.406136267890 | coefficient=0.062988203001
  feature 11 | moyenne=3.447466097244 | échelle=0.789249446298 | coefficient=0.174112804072
  feature 12 | moyenne=3.500000000000 | échelle=0.500000000000 | coefficient=0.259494525866
  feature 13 | moyenne=0.949583630906 | échelle=0.078265486245 | coefficient=-0.025089284741
  feature 14 | moyenne=0.582637497767 | échelle=0.058194345625 | coefficient=-0.239650543392
  feature 15 | moyenne=1.123215453877 | échelle=0.211879461734 | coefficient=-0.120884602650
  feature 16 | moyenne=1.018457391144 | échelle=0.129499539965 | coefficient=-0.040283067298
  feature 17 | moyenne=1.029492398919 | échelle=0.099578558334 | coefficient=-0.149076180322
  feature 18 | moyenne=0.415961204999 | échelle=0.182702216089 | coefficient=-0.003175514909
  feature 19 | moyenne=0.792652249565 | échelle=0.114716958657 | coefficient=0.326924945145

### BLOC AA — normalisations et modèles (Section 18) ###

=== NORMALISATIONS ET MODÈLES ===

U_3 | moyenne cible=4.111846339571 | échelle cible=1.010821738803

U_3 — B0 — BASELINE
  intercept : 0.000000000000
  feature 00 | moyenne=0.684585216287 | échelle=0.165035887851 | coefficient=-0.308383920839
  feature 01 | moyenne=1.370163405695 | échelle=0.218393266632 | coefficient=0.628810634202
  feature 02 | moyenne=0.685315118370 | échelle=0.162773099122 | coefficient=-0.284512496707
  feature 03 | moyenne=1.371348308688 | échelle=0.215275035740 | coefficient=0.489353205724
  feature 04 | moyenne=0.500235416667 | échelle=0.152237895646 | coefficient=-0.110543237914
  feature 05 | moyenne=0.943681250000 | échelle=0.118899885506 | coefficient=0.000975585027
  feature 06 | moyenne=1.868463781805 | échelle=0.406820672262 | coefficient=0.572915971570
  feature 07 | moyenne=3.447767590866 | échelle=0.789924442428 | coefficient=-0.362216378368
  feature 08 | moyenne=0.500372916667 | échelle=0.150700591322 | coefficient=-0.080601544031
  feature 09 | moyenne=0.944254166667 | échelle=0.117200220347 | coefficient=0.021745932966
  feature 10 | moyenne=1.869216539451 | échelle=0.403996767230 | coefficient=0.470846054568
  feature 11 | moyenne=3.449445680914 | échelle=0.785795970142 | coefficient=-0.111926355534
  feature 12 | moyenne=3.500000000000 | échelle=0.500000000000 | coefficient=-0.170736478741

U_3 — B1 — BASELINE + O1
  intercept : 0.000000000000
  feature 00 | moyenne=0.684585216287 | échelle=0.165035887851 | coefficient=-0.362187472301
  feature 01 | moyenne=1.370163405695 | échelle=0.218393266632 | coefficient=0.572190870421
  feature 02 | moyenne=0.685315118370 | échelle=0.162773099122 | coefficient=-0.352007695421
  feature 03 | moyenne=1.371348308688 | échelle=0.215275035740 | coefficient=0.477187938122
  feature 04 | moyenne=0.500235416667 | échelle=0.152237895646 | coefficient=0.029941996388
  feature 05 | moyenne=0.943681250000 | échelle=0.118899885506 | coefficient=0.028455741541
  feature 06 | moyenne=1.868463781805 | échelle=0.406820672262 | coefficient=0.220827814643
  feature 07 | moyenne=3.447767590866 | échelle=0.789924442428 | coefficient=-0.295857206280
  feature 08 | moyenne=0.500372916667 | échelle=0.150700591322 | coefficient=0.040221162024
  feature 09 | moyenne=0.944254166667 | échelle=0.117200220347 | coefficient=0.049415404138
  feature 10 | moyenne=1.869216539451 | échelle=0.403996767230 | coefficient=0.177579088738
  feature 11 | moyenne=3.449445680914 | échelle=0.785795970142 | coefficient=-0.136733376737
  feature 12 | moyenne=3.500000000000 | échelle=0.500000000000 | coefficient=0.295328326052
  feature 13 | moyenne=0.414456068839 | échelle=0.182566858755 | coefficient=0.339465270726

U_3 — B2 — BASELINE + O2
  intercept : 0.000000000000
  feature 00 | moyenne=0.684585216287 | échelle=0.165035887851 | coefficient=-0.274139425818
  feature 01 | moyenne=1.370163405695 | échelle=0.218393266632 | coefficient=0.127937287175
  feature 02 | moyenne=0.685315118370 | échelle=0.162773099122 | coefficient=-0.302893913843
  feature 03 | moyenne=1.371348308688 | échelle=0.215275035740 | coefficient=0.101673768014
  feature 04 | moyenne=0.500235416667 | échelle=0.152237895646 | coefficient=0.120326909182
  feature 05 | moyenne=0.943681250000 | échelle=0.118899885506 | coefficient=-0.075287785031
  feature 06 | moyenne=1.868463781805 | échelle=0.406820672262 | coefficient=0.039082988977
  feature 07 | moyenne=3.447767590866 | échelle=0.789924442428 | coefficient=0.209902208319
  feature 08 | moyenne=0.500372916667 | échelle=0.150700591322 | coefficient=0.133999767083
  feature 09 | moyenne=0.944254166667 | échelle=0.117200220347 | coefficient=-0.063773023355
  feature 10 | moyenne=1.869216539451 | échelle=0.403996767230 | coefficient=0.055517788070
  feature 11 | moyenne=3.449445680914 | échelle=0.785795970142 | coefficient=0.245565615505
  feature 12 | moyenne=3.500000000000 | échelle=0.500000000000 | coefficient=-0.084015049769
  feature 13 | moyenne=0.792278776477 | échelle=0.115791966388 | coefficient=0.709492970679

U_3 — B12 — BASELINE + O1 + O2
  intercept : 0.000000000000
  feature 00 | moyenne=0.684585216287 | échelle=0.165035887851 | coefficient=-0.288643161974
  feature 01 | moyenne=1.370163405695 | échelle=0.218393266632 | coefficient=0.150892248565
  feature 02 | moyenne=0.685315118370 | échelle=0.162773099122 | coefficient=-0.316722217677
  feature 03 | moyenne=1.371348308688 | échelle=0.215275035740 | coefficient=0.126540986852
  feature 04 | moyenne=0.500235416667 | échelle=0.152237895646 | coefficient=0.135399038374
  feature 05 | moyenne=0.943681250000 | échelle=0.118899885506 | coefficient=-0.063696477650
  feature 06 | moyenne=1.868463781805 | échelle=0.406820672262 | coefficient=-0.001878738796
  feature 07 | moyenne=3.447767590866 | échelle=0.789924442428 | coefficient=0.184060127427
  feature 08 | moyenne=0.500372916667 | échelle=0.150700591322 | coefficient=0.145820341289
  feature 09 | moyenne=0.944254166667 | échelle=0.117200220347 | coefficient=-0.051480436877
  feature 10 | moyenne=1.869216539451 | échelle=0.403996767230 | coefficient=0.019312214791
  feature 11 | moyenne=3.449445680914 | échelle=0.785795970142 | coefficient=0.214555636564
  feature 12 | moyenne=3.500000000000 | échelle=0.500000000000 | coefficient=0.014333373915
  feature 13 | moyenne=0.414456068839 | échelle=0.182566858755 | coefficient=0.076129688085
  feature 14 | moyenne=0.792278776477 | échelle=0.115791966388 | coefficient=0.658990487607

U_3 — BD — BASELINE + (O2 - O1), EXPLORATOIRE
  intercept : 0.000000000000
  feature 00 | moyenne=0.684585216287 | échelle=0.165035887851 | coefficient=-0.325973044994
  feature 01 | moyenne=1.370163405695 | échelle=0.218393266632 | coefficient=0.654943041430
  feature 02 | moyenne=0.685315118370 | échelle=0.162773099122 | coefficient=-0.301477382869
  feature 03 | moyenne=1.371348308688 | échelle=0.215275035740 | coefficient=0.518254176528
  feature 04 | moyenne=0.500235416667 | échelle=0.152237895646 | coefficient=-0.091247252935
  feature 05 | moyenne=0.943681250000 | échelle=0.118899885506 | coefficient=0.014845994641
  feature 06 | moyenne=1.868463781805 | échelle=0.406820672262 | coefficient=0.520832479496
  feature 07 | moyenne=3.447767590866 | échelle=0.789924442428 | coefficient=-0.391604041987
  feature 08 | moyenne=0.500372916667 | échelle=0.150700591322 | coefficient=-0.065340264997
  feature 09 | moyenne=0.944254166667 | échelle=0.117200220347 | coefficient=0.036437782782
  feature 10 | moyenne=1.869216539451 | échelle=0.403996767230 | coefficient=0.425025930223
  feature 11 | moyenne=3.449445680914 | échelle=0.785795970142 | coefficient=-0.148447506769
  feature 12 | moyenne=3.500000000000 | échelle=0.500000000000 | coefficient=-0.050248399111
  feature 13 | moyenne=0.377822707639 | échelle=0.139760781827 | coefficient=-0.071203076489

U_3 — CK — BASELINE + δ + δ̄ (contraction)
  intercept : 0.000000000000
  feature 00 | moyenne=0.684585216287 | échelle=0.165035887851 | coefficient=-0.313627228128
  feature 01 | moyenne=1.370163405695 | échelle=0.218393266632 | coefficient=0.366592348585
  feature 02 | moyenne=0.685315118370 | échelle=0.162773099122 | coefficient=-0.281313699736
  feature 03 | moyenne=1.371348308688 | échelle=0.215275035740 | coefficient=0.230171692017
  feature 04 | moyenne=0.500235416667 | échelle=0.152237895646 | coefficient=-0.010991110375
  feature 05 | moyenne=0.943681250000 | échelle=0.118899885506 | coefficient=0.103680771205
  feature 06 | moyenne=1.868463781805 | échelle=0.406820672262 | coefficient=0.692932087223
  feature 07 | moyenne=3.447767590866 | échelle=0.789924442428 | coefficient=-0.552946685187
  feature 08 | moyenne=0.500372916667 | échelle=0.150700591322 | coefficient=0.021091384051
  feature 09 | moyenne=0.944254166667 | échelle=0.117200220347 | coefficient=0.118310567144
  feature 10 | moyenne=1.869216539451 | échelle=0.403996767230 | coefficient=0.592971998223
  feature 11 | moyenne=3.449445680914 | échelle=0.785795970142 | coefficient=-0.325875912249
  feature 12 | moyenne=3.500000000000 | échelle=0.500000000000 | coefficient=0.116970517342
  feature 13 | moyenne=0.949264959763 | échelle=0.079010446871 | coefficient=-0.016440365126
  feature 14 | moyenne=0.582261567045 | échelle=0.058577548766 | coefficient=-0.280441693109

U_3 — SK — BASELINE + δ + δ̄ + s2 + s3 (contraction + spectral s2/s3)
  intercept : -0.000000000000
  feature 00 | moyenne=0.684585216287 | échelle=0.165035887851 | coefficient=-0.259230905062
  feature 01 | moyenne=1.370163405695 | échelle=0.218393266632 | coefficient=0.291903445705
  feature 02 | moyenne=0.685315118370 | échelle=0.162773099122 | coefficient=-0.216333384900
  feature 03 | moyenne=1.371348308688 | échelle=0.215275035740 | coefficient=0.145301630845
  feature 04 | moyenne=0.500235416667 | échelle=0.152237895646 | coefficient=-0.008180666065
  feature 05 | moyenne=0.943681250000 | échelle=0.118899885506 | coefficient=0.096168462586
  feature 06 | moyenne=1.868463781805 | échelle=0.406820672262 | coefficient=0.624495689877
  feature 07 | moyenne=3.447767590866 | échelle=0.789924442428 | coefficient=-0.436325270385
  feature 08 | moyenne=0.500372916667 | échelle=0.150700591322 | coefficient=0.023368018876
  feature 09 | moyenne=0.944254166667 | échelle=0.117200220347 | coefficient=0.109023657967
  feature 10 | moyenne=1.869216539451 | échelle=0.403996767230 | coefficient=0.510978891461
  feature 11 | moyenne=3.449445680914 | échelle=0.785795970142 | coefficient=-0.188503177590
  feature 12 | moyenne=3.500000000000 | échelle=0.500000000000 | coefficient=0.031690614755
  feature 13 | moyenne=0.949264959763 | échelle=0.079010446871 | coefficient=-0.016826588628
  feature 14 | moyenne=0.582261567045 | échelle=0.058577548766 | coefficient=-0.272268235054
  feature 15 | moyenne=1.119000801425 | échelle=0.206257568401 | coefficient=-0.082896581110
  feature 16 | moyenne=1.018289844557 | échelle=0.125272809326 | coefficient=-0.024482638835

U_3 — SKT — BASELINE + δ + δ̄ + s2 + s3 + O1 + O2 (contraction + spectral s2/s3 + TDI)
  intercept : 0.000000000000
  feature 00 | moyenne=0.684585216287 | échelle=0.165035887851 | coefficient=-0.254118312132
  feature 01 | moyenne=1.370163405695 | échelle=0.218393266632 | coefficient=-0.033716400664
  feature 02 | moyenne=0.685315118370 | échelle=0.162773099122 | coefficient=-0.266659971599
  feature 03 | moyenne=1.371348308688 | échelle=0.215275035740 | coefficient=-0.069077328397
  feature 04 | moyenne=0.500235416667 | échelle=0.152237895646 | coefficient=0.187449266278
  feature 05 | moyenne=0.943681250000 | échelle=0.118899885506 | coefficient=-0.000039524762
  feature 06 | moyenne=1.868463781805 | échelle=0.406820672262 | coefficient=0.045320436470
  feature 07 | moyenne=3.447767590866 | échelle=0.789924442428 | coefficient=0.118320059673
  feature 08 | moyenne=0.500372916667 | échelle=0.150700591322 | coefficient=0.199726556010
  feature 09 | moyenne=0.944254166667 | échelle=0.117200220347 | coefficient=0.007839448895
  feature 10 | moyenne=1.869216539451 | échelle=0.403996767230 | coefficient=0.051776789632
  feature 11 | moyenne=3.449445680914 | échelle=0.785795970142 | coefficient=0.159588460116
  feature 12 | moyenne=3.500000000000 | échelle=0.500000000000 | coefficient=0.136850631200
  feature 13 | moyenne=0.949264959763 | échelle=0.079010446871 | coefficient=-0.023320339138
  feature 14 | moyenne=0.582261567045 | échelle=0.058577548766 | coefficient=-0.158460292662
  feature 15 | moyenne=1.119000801425 | échelle=0.206257568401 | coefficient=-0.059726480861
  feature 16 | moyenne=1.018289844557 | échelle=0.125272809326 | coefficient=-0.017797478348
  feature 17 | moyenne=0.414456068839 | échelle=0.182566858755 | coefficient=0.083322135868
  feature 18 | moyenne=0.792278776477 | échelle=0.115791966388 | coefficient=0.611736910808

U_3 — SK4 — BASELINE + δ + δ̄ + s2 + s3 + s4 (full exact spectral baseline)
  intercept : -0.000000000000
  feature 00 | moyenne=0.684585216287 | échelle=0.165035887851 | coefficient=-0.246290945611
  feature 01 | moyenne=1.370163405695 | échelle=0.218393266632 | coefficient=0.261746750560
  feature 02 | moyenne=0.685315118370 | échelle=0.162773099122 | coefficient=-0.202461201466
  feature 03 | moyenne=1.371348308688 | échelle=0.215275035740 | coefficient=0.117477757559
  feature 04 | moyenne=0.500235416667 | échelle=0.152237895646 | coefficient=-0.002360837160
  feature 05 | moyenne=0.943681250000 | échelle=0.118899885506 | coefficient=0.096523575380
  feature 06 | moyenne=1.868463781805 | échelle=0.406820672262 | coefficient=0.597799901641
  feature 07 | moyenne=3.447767590866 | échelle=0.789924442428 | coefficient=-0.386282750029
  feature 08 | moyenne=0.500372916667 | échelle=0.150700591322 | coefficient=0.027478025574
  feature 09 | moyenne=0.944254166667 | échelle=0.117200220347 | coefficient=0.107463824989
  feature 10 | moyenne=1.869216539451 | échelle=0.403996767230 | coefficient=0.485681832890
  feature 11 | moyenne=3.449445680914 | échelle=0.785795970142 | coefficient=-0.140468238485
  feature 12 | moyenne=3.500000000000 | échelle=0.500000000000 | coefficient=0.001611636153
  feature 13 | moyenne=0.949264959763 | échelle=0.079010446871 | coefficient=-0.018296891884
  feature 14 | moyenne=0.582261567045 | échelle=0.058577548766 | coefficient=-0.269476999161
  feature 15 | moyenne=1.119000801425 | échelle=0.206257568401 | coefficient=-0.066421990064
  feature 16 | moyenne=1.018289844557 | échelle=0.125272809326 | coefficient=-0.011991265094
  feature 17 | moyenne=1.027588390308 | échelle=0.094908096148 | coefficient=-0.037451084884

U_3 — SKT4 — BASELINE + δ + δ̄ + s2 + s3 + s4 + O1 + O2 (full model)
  intercept : 0.000000000000
  feature 00 | moyenne=0.684585216287 | échelle=0.165035887851 | coefficient=-0.246565391996
  feature 01 | moyenne=1.370163405695 | échelle=0.218393266632 | coefficient=-0.051079067763
  feature 02 | moyenne=0.685315118370 | échelle=0.162773099122 | coefficient=-0.258463176217
  feature 03 | moyenne=1.371348308688 | échelle=0.215275035740 | coefficient=-0.085160973232
  feature 04 | moyenne=0.500235416667 | échelle=0.152237895646 | coefficient=0.190914066310
  feature 05 | moyenne=0.943681250000 | échelle=0.118899885506 | coefficient=0.000469275195
  feature 06 | moyenne=1.868463781805 | échelle=0.406820672262 | coefficient=0.029454258885
  feature 07 | moyenne=3.447767590866 | échelle=0.789924442428 | coefficient=0.147241953184
  feature 08 | moyenne=0.500372916667 | échelle=0.150700591322 | coefficient=0.202143846166
  feature 09 | moyenne=0.944254166667 | échelle=0.117200220347 | coefficient=0.007216743944
  feature 10 | moyenne=1.869216539451 | échelle=0.403996767230 | coefficient=0.036659922277
  feature 11 | moyenne=3.449445680914 | échelle=0.785795970142 | coefficient=0.187503735209
  feature 12 | moyenne=3.500000000000 | échelle=0.500000000000 | coefficient=0.120120410556
  feature 13 | moyenne=0.949264959763 | échelle=0.079010446871 | coefficient=-0.024181565710
  feature 14 | moyenne=0.582261567045 | échelle=0.058577548766 | coefficient=-0.156959038589
  feature 15 | moyenne=1.119000801425 | échelle=0.206257568401 | coefficient=-0.049918068623
  feature 16 | moyenne=1.018289844557 | échelle=0.125272809326 | coefficient=-0.010343408303
  feature 17 | moyenne=1.027588390308 | échelle=0.094908096148 | coefficient=-0.022428079306
  feature 18 | moyenne=0.414456068839 | échelle=0.182566858755 | coefficient=0.084328014050
  feature 19 | moyenne=0.792278776477 | échelle=0.115791966388 | coefficient=0.610219898683

U_4 | moyenne cible=5.774856456720 | échelle cible=1.361390402553

U_4 — B0 — BASELINE
  intercept : 0.000000000000
  feature 00 | moyenne=0.684585216287 | échelle=0.165035887851 | coefficient=-0.347892277498
  feature 01 | moyenne=1.370163405695 | échelle=0.218393266632 | coefficient=0.721620759488
  feature 02 | moyenne=0.685315118370 | échelle=0.162773099122 | coefficient=-0.310049635318
  feature 03 | moyenne=1.371348308688 | échelle=0.215275035740 | coefficient=0.556683044479
  feature 04 | moyenne=0.500235416667 | échelle=0.152237895646 | coefficient=-0.134465758656
  feature 05 | moyenne=0.943681250000 | échelle=0.118899885506 | coefficient=-0.018003715976
  feature 06 | moyenne=1.868463781805 | échelle=0.406820672262 | coefficient=0.532376922277
  feature 07 | moyenne=3.447767590866 | échelle=0.789924442428 | coefficient=-0.415088660381
  feature 08 | moyenne=0.500372916667 | échelle=0.150700591322 | coefficient=-0.105690246995
  feature 09 | moyenne=0.944254166667 | échelle=0.117200220347 | coefficient=0.013537833092
  feature 10 | moyenne=1.869216539451 | échelle=0.403996767230 | coefficient=0.425976010729
  feature 11 | moyenne=3.449445680914 | échelle=0.785795970142 | coefficient=-0.151981096256
  feature 12 | moyenne=3.500000000000 | échelle=0.500000000000 | coefficient=-0.009614014041

U_4 — B1 — BASELINE + O1
  intercept : 0.000000000000
  feature 00 | moyenne=0.684585216287 | échelle=0.165035887851 | coefficient=-0.389083303535
  feature 01 | moyenne=1.370163405695 | échelle=0.218393266632 | coefficient=0.678273692227
  feature 02 | moyenne=0.685315118370 | échelle=0.162773099122 | coefficient=-0.361722738896
  feature 03 | moyenne=1.371348308688 | échelle=0.215275035740 | coefficient=0.547369535595
  feature 04 | moyenne=0.500235416667 | échelle=0.152237895646 | coefficient=-0.026912803755
  feature 05 | moyenne=0.943681250000 | échelle=0.118899885506 | coefficient=0.003034594911
  feature 06 | moyenne=1.868463781805 | échelle=0.406820672262 | coefficient=0.262824596360
  feature 07 | moyenne=3.447767590866 | échelle=0.789924442428 | coefficient=-0.364285278244
  feature 08 | moyenne=0.500372916667 | échelle=0.150700591322 | coefficient=-0.013190568150
  feature 09 | moyenne=0.944254166667 | échelle=0.117200220347 | coefficient=0.034721079858
  feature 10 | moyenne=1.869216539451 | échelle=0.403996767230 | coefficient=0.201456125015
  feature 11 | moyenne=3.449445680914 | échelle=0.785795970142 | coefficient=-0.170972903088
  feature 12 | moyenne=3.500000000000 | échelle=0.500000000000 | coefficient=0.347196772373
  feature 13 | moyenne=0.414456068839 | échelle=0.182566858755 | coefficient=0.259888472509

U_4 — B2 — BASELINE + O2
  intercept : 0.000000000000
  feature 00 | moyenne=0.684585216287 | échelle=0.165035887851 | coefficient=-0.319026680178
  feature 01 | moyenne=1.370163405695 | échelle=0.218393266632 | coefficient=0.299421269177
  feature 02 | moyenne=0.685315118370 | échelle=0.162773099122 | coefficient=-0.325543821607
  feature 03 | moyenne=1.371348308688 | échelle=0.215275035740 | coefficient=0.229897716459
  feature 04 | moyenne=0.500235416667 | échelle=0.152237895646 | coefficient=0.060140840019
  feature 05 | moyenne=0.943681250000 | échelle=0.118899885506 | coefficient=-0.082288142686
  feature 06 | moyenne=1.868463781805 | échelle=0.406820672262 | coefficient=0.082394876918
  feature 07 | moyenne=3.447767590866 | échelle=0.789924442428 | coefficient=0.067165340815
  feature 08 | moyenne=0.500372916667 | échelle=0.150700591322 | coefficient=0.075202916337
  feature 09 | moyenne=0.944254166667 | échelle=0.117200220347 | coefficient=-0.058548373900
  feature 10 | moyenne=1.869216539451 | échelle=0.403996767230 | coefficient=0.075884748201
  feature 11 | moyenne=3.449445680914 | échelle=0.785795970142 | coefficient=0.149358411743
  feature 12 | moyenne=3.500000000000 | échelle=0.500000000000 | coefficient=0.063485789189
  feature 13 | moyenne=0.792278776477 | échelle=0.115791966388 | coefficient=0.598050529895

U_4 — B12 — BASELINE + O1 + O2
  intercept : 0.000000000000
  feature 00 | moyenne=0.684585216287 | échelle=0.165035887851 | coefficient=-0.324445885420
  feature 01 | moyenne=1.370163405695 | échelle=0.218393266632 | coefficient=0.307998207268
  feature 02 | moyenne=0.685315118370 | échelle=0.162773099122 | coefficient=-0.330710656953
  feature 03 | moyenne=1.371348308688 | échelle=0.215275035740 | coefficient=0.239189154281
  feature 04 | moyenne=0.500235416667 | échelle=0.152237895646 | coefficient=0.065772420782
  feature 05 | moyenne=0.943681250000 | échelle=0.118899885506 | coefficient=-0.077957143208
  feature 06 | moyenne=1.868463781805 | échelle=0.406820672262 | coefficient=0.067089854303
  feature 07 | moyenne=3.447767590866 | échelle=0.789924442428 | coefficient=0.057509653568
  feature 08 | moyenne=0.500372916667 | échelle=0.150700591322 | coefficient=0.079619579534
  feature 09 | moyenne=0.944254166667 | échelle=0.117200220347 | coefficient=-0.053955347085
  feature 10 | moyenne=1.869216539451 | échelle=0.403996767230 | coefficient=0.062356824748
  feature 11 | moyenne=3.449445680914 | échelle=0.785795970142 | coefficient=0.137771780642
  feature 12 | moyenne=3.500000000000 | échelle=0.500000000000 | coefficient=0.100232892655
  feature 13 | moyenne=0.414456068839 | échelle=0.182566858755 | coefficient=0.028445250265
  feature 14 | moyenne=0.792278776477 | échelle=0.115791966388 | coefficient=0.579180680219

U_4 — BD — BASELINE + (O2 - O1), EXPLORATOIRE
  intercept : 0.000000000000
  feature 00 | moyenne=0.684585216287 | échelle=0.165035887851 | coefficient=-0.355966753290
  feature 01 | moyenne=1.370163405695 | échelle=0.218393266632 | coefficient=0.733617120859
  feature 02 | moyenne=0.685315118370 | échelle=0.162773099122 | coefficient=-0.317837547975
  feature 03 | moyenne=1.371348308688 | échelle=0.215275035740 | coefficient=0.569950344606
  feature 04 | moyenne=0.500235416667 | échelle=0.152237895646 | coefficient=-0.125607730125
  feature 05 | moyenne=0.943681250000 | échelle=0.118899885506 | coefficient=-0.011636355914
  feature 06 | moyenne=1.868463781805 | échelle=0.406820672262 | coefficient=0.508467437517
  feature 07 | moyenne=3.447767590866 | échelle=0.789924442428 | coefficient=-0.428579382056
  feature 08 | moyenne=0.500372916667 | échelle=0.150700591322 | coefficient=-0.098684393433
  feature 09 | moyenne=0.944254166667 | échelle=0.117200220347 | coefficient=0.020282284074
  feature 10 | moyenne=1.869216539451 | échelle=0.403996767230 | coefficient=0.404941791994
  feature 11 | moyenne=3.449445680914 | échelle=0.785795970142 | coefficient=-0.168746521808
  feature 12 | moyenne=3.500000000000 | échelle=0.500000000000 | coefficient=0.045697329131
  feature 13 | moyenne=0.377822707639 | échelle=0.139760781827 | coefficient=-0.032686534724

U_4 — CK — BASELINE + δ + δ̄ (contraction)
  intercept : 0.000000000000
  feature 00 | moyenne=0.684585216287 | échelle=0.165035887851 | coefficient=-0.353702463501
  feature 01 | moyenne=1.370163405695 | échelle=0.218393266632 | coefficient=0.438892107386
  feature 02 | moyenne=0.685315118370 | échelle=0.162773099122 | coefficient=-0.306712271365
  feature 03 | moyenne=1.371348308688 | échelle=0.215275035740 | coefficient=0.277143771133
  feature 04 | moyenne=0.500235416667 | échelle=0.152237895646 | coefficient=-0.027175616198
  feature 05 | moyenne=0.943681250000 | échelle=0.118899885506 | coefficient=0.092763320772
  feature 06 | moyenne=1.868463781805 | échelle=0.406820672262 | coefficient=0.662267432888
  feature 07 | moyenne=3.447767590866 | échelle=0.789924442428 | coefficient=-0.621154435039
  feature 08 | moyenne=0.500372916667 | échelle=0.150700591322 | coefficient=0.003887674384
  feature 09 | moyenne=0.944254166667 | échelle=0.117200220347 | coefficient=0.117672899808
  feature 10 | moyenne=1.869216539451 | échelle=0.403996767230 | coefficient=0.558110920299
  feature 11 | moyenne=3.449445680914 | échelle=0.785795970142 | coefficient=-0.382907616326
  feature 12 | moyenne=3.500000000000 | échelle=0.500000000000 | coefficient=0.300483399211
  feature 13 | moyenne=0.949264959763 | échelle=0.079010446871 | coefficient=-0.016675680120
  feature 14 | moyenne=0.582261567045 | échelle=0.058577548766 | coefficient=-0.303175917387

U_4 — SK — BASELINE + δ + δ̄ + s2 + s3 (contraction + spectral s2/s3)
  intercept : 0.000000000000
  feature 00 | moyenne=0.684585216287 | échelle=0.165035887851 | coefficient=-0.263973114548
  feature 01 | moyenne=1.370163405695 | échelle=0.218393266632 | coefficient=0.313538334112
  feature 02 | moyenne=0.685315118370 | échelle=0.162773099122 | coefficient=-0.200300456589
  feature 03 | moyenne=1.371348308688 | échelle=0.215275035740 | coefficient=0.136188454942
  feature 04 | moyenne=0.500235416667 | échelle=0.152237895646 | coefficient=-0.021293941256
  feature 05 | moyenne=0.943681250000 | échelle=0.118899885506 | coefficient=0.080688457851
  feature 06 | moyenne=1.868463781805 | échelle=0.406820672262 | coefficient=0.547221162327
  feature 07 | moyenne=3.447767590866 | échelle=0.789924442428 | coefficient=-0.425226257334
  feature 08 | moyenne=0.500372916667 | échelle=0.150700591322 | coefficient=0.008582026654
  feature 09 | moyenne=0.944254166667 | échelle=0.117200220347 | coefficient=0.102715967434
  feature 10 | moyenne=1.869216539451 | échelle=0.403996767230 | coefficient=0.422100732799
  feature 11 | moyenne=3.449445680914 | échelle=0.785795970142 | coefficient=-0.154634494996
  feature 12 | moyenne=3.500000000000 | échelle=0.500000000000 | coefficient=0.159971250916
  feature 13 | moyenne=0.949264959763 | échelle=0.079010446871 | coefficient=-0.017420111784
  feature 14 | moyenne=0.582261567045 | échelle=0.058577548766 | coefficient=-0.290231635798
  feature 15 | moyenne=1.119000801425 | échelle=0.206257568401 | coefficient=-0.127125461078
  feature 16 | moyenne=1.018289844557 | échelle=0.125272809326 | coefficient=-0.048157663884

U_4 — SKT — BASELINE + δ + δ̄ + s2 + s3 + O1 + O2 (contraction + spectral s2/s3 + TDI)
  intercept : 0.000000000000
  feature 00 | moyenne=0.684585216287 | échelle=0.165035887851 | coefficient=-0.255172640776
  feature 01 | moyenne=1.370163405695 | échelle=0.218393266632 | coefficient=0.042594011017
  feature 02 | moyenne=0.685315118370 | échelle=0.162773099122 | coefficient=-0.236819057045
  feature 03 | moyenne=1.371348308688 | échelle=0.215275035740 | coefficient=-0.045139204468
  feature 04 | moyenne=0.500235416667 | échelle=0.152237895646 | coefficient=0.131720079269
  feature 05 | moyenne=0.943681250000 | échelle=0.118899885506 | coefficient=-0.001576373296
  feature 06 | moyenne=1.868463781805 | échelle=0.406820672262 | coefficient=0.092734165440
  feature 07 | moyenne=3.447767590866 | échelle=0.789924442428 | coefficient=0.032839114576
  feature 08 | moyenne=0.500372916667 | échelle=0.150700591322 | coefficient=0.147149930706
  feature 09 | moyenne=0.944254166667 | échelle=0.117200220347 | coefficient=0.016196875134
  feature 10 | moyenne=1.869216539451 | échelle=0.403996767230 | coefficient=0.063310176053
  feature 11 | moyenne=3.449445680914 | échelle=0.785795970142 | coefficient=0.137605400056
  feature 12 | moyenne=3.500000000000 | échelle=0.500000000000 | coefficient=0.210492662962
  feature 13 | moyenne=0.949264959763 | échelle=0.079010446871 | coefficient=-0.022955472018
  feature 14 | moyenne=0.582261567045 | échelle=0.058577548766 | coefficient=-0.197331342192
  feature 15 | moyenne=1.119000801425 | échelle=0.206257568401 | coefficient=-0.107649386943
  feature 16 | moyenne=1.018289844557 | échelle=0.125272809326 | coefficient=-0.042294787951
  feature 17 | moyenne=0.414456068839 | échelle=0.182566858755 | coefficient=0.040291610131
  feature 18 | moyenne=0.792278776477 | échelle=0.115791966388 | coefficient=0.514105563643

U_4 — SK4 — BASELINE + δ + δ̄ + s2 + s3 + s4 (full exact spectral baseline)
  intercept : -0.000000000000
  feature 00 | moyenne=0.684585216287 | échelle=0.165035887851 | coefficient=-0.238127399156
  feature 01 | moyenne=1.370163405695 | échelle=0.218393266632 | coefficient=0.253304655418
  feature 02 | moyenne=0.685315118370 | échelle=0.162773099122 | coefficient=-0.172592757329
  feature 03 | moyenne=1.371348308688 | échelle=0.215275035740 | coefficient=0.080614253742
  feature 04 | moyenne=0.500235416667 | échelle=0.152237895646 | coefficient=-0.009669666692
  feature 05 | moyenne=0.943681250000 | échelle=0.118899885506 | coefficient=0.081397744786
  feature 06 | moyenne=1.868463781805 | échelle=0.406820672262 | coefficient=0.493900149419
  feature 07 | moyenne=3.447767590866 | échelle=0.789924442428 | coefficient=-0.325273491368
  feature 08 | moyenne=0.500372916667 | échelle=0.150700591322 | coefficient=0.016791176287
  feature 09 | moyenne=0.944254166667 | échelle=0.117200220347 | coefficient=0.099600424502
  feature 10 | moyenne=1.869216539451 | échelle=0.403996767230 | coefficient=0.371573482032
  feature 11 | moyenne=3.449445680914 | échelle=0.785795970142 | coefficient=-0.058691584999
  feature 12 | moyenne=3.500000000000 | échelle=0.500000000000 | coefficient=0.099892799886
  feature 13 | moyenne=0.949264959763 | échelle=0.079010446871 | coefficient=-0.020356831922
  feature 14 | moyenne=0.582261567045 | échelle=0.058577548766 | coefficient=-0.284656541938
  feature 15 | moyenne=1.119000801425 | échelle=0.206257568401 | coefficient=-0.094219825401
  feature 16 | moyenne=1.018289844557 | échelle=0.125272809326 | coefficient=-0.023207934188
  feature 17 | moyenne=1.027588390308 | échelle=0.094908096148 | coefficient=-0.074803177297

U_4 — SKT4 — BASELINE + δ + δ̄ + s2 + s3 + s4 + O1 + O2 (full model)
  intercept : 0.000000000000
  feature 00 | moyenne=0.684585216287 | échelle=0.165035887851 | coefficient=-0.234425808550
  feature 01 | moyenne=1.370163405695 | échelle=0.218393266632 | coefficient=-0.005098846156
  feature 02 | moyenne=0.685315118370 | échelle=0.162773099122 | coefficient=-0.214303588125
  feature 03 | moyenne=1.371348308688 | échelle=0.215275035740 | coefficient=-0.089318763494
  feature 04 | moyenne=0.500235416667 | échelle=0.152237895646 | coefficient=0.141237408152
  feature 05 | moyenne=0.943681250000 | échelle=0.118899885506 | coefficient=-0.000178769834
  feature 06 | moyenne=1.868463781805 | échelle=0.406820672262 | coefficient=0.049151959021
  feature 07 | moyenne=3.447767590866 | échelle=0.789924442428 | coefficient=0.112283575991
  feature 08 | moyenne=0.500372916667 | échelle=0.150700591322 | coefficient=0.153789894111
  feature 09 | moyenne=0.944254166667 | échelle=0.117200220347 | coefficient=0.014486390327
  feature 10 | moyenne=1.869216539451 | échelle=0.403996767230 | coefficient=0.021786221724
  feature 11 | moyenne=3.449445680914 | échelle=0.785795970142 | coefficient=0.214284819202
  feature 12 | moyenne=3.500000000000 | échelle=0.500000000000 | coefficient=0.164537049167
  feature 13 | moyenne=0.949264959763 | échelle=0.079010446871 | coefficient=-0.025321142894
  feature 14 | moyenne=0.582261567045 | échelle=0.058577548766 | coefficient=-0.193207603846
  feature 15 | moyenne=1.119000801425 | échelle=0.206257568401 | coefficient=-0.080707028299
  feature 16 | moyenne=1.018289844557 | échelle=0.125272809326 | coefficient=-0.021819483322
  feature 17 | moyenne=1.027588390308 | échelle=0.094908096148 | coefficient=-0.061606847434
  feature 18 | moyenne=0.414456068839 | échelle=0.182566858755 | coefficient=0.043054619075
  feature 19 | moyenne=0.792278776477 | échelle=0.115791966388 | coefficient=0.509938540097

U_5 | moyenne cible=7.416346064012 | échelle cible=1.736738945750

U_5 — B0 — BASELINE
  intercept : 0.000000000000
  feature 00 | moyenne=0.684585216287 | échelle=0.165035887851 | coefficient=-0.373104417603
  feature 01 | moyenne=1.370163405695 | échelle=0.218393266632 | coefficient=0.778044337617
  feature 02 | moyenne=0.685315118370 | échelle=0.162773099122 | coefficient=-0.329833841086
  feature 03 | moyenne=1.371348308688 | échelle=0.215275035740 | coefficient=0.615188196783
  feature 04 | moyenne=0.500235416667 | échelle=0.152237895646 | coefficient=-0.145786804041
  feature 05 | moyenne=0.943681250000 | échelle=0.118899885506 | coefficient=-0.025106039084
  feature 06 | moyenne=1.868463781805 | échelle=0.406820672262 | coefficient=0.522557295998
  feature 07 | moyenne=3.447767590866 | échelle=0.789924442428 | coefficient=-0.480156806475
  feature 08 | moyenne=0.500372916667 | échelle=0.150700591322 | coefficient=-0.112864518818
  feature 09 | moyenne=0.944254166667 | échelle=0.117200220347 | coefficient=0.002676627147
  feature 10 | moyenne=1.869216539451 | échelle=0.403996767230 | coefficient=0.402197349781
  feature 11 | moyenne=3.449445680914 | échelle=0.785795970142 | coefficient=-0.214326768356
  feature 12 | moyenne=3.500000000000 | échelle=0.500000000000 | coefficient=0.123472834150

U_5 — B1 — BASELINE + O1
  intercept : 0.000000000000
  feature 00 | moyenne=0.684585216287 | échelle=0.165035887851 | coefficient=-0.407053528626
  feature 01 | moyenne=1.370163405695 | échelle=0.218393266632 | coefficient=0.742318245298
  feature 02 | moyenne=0.685315118370 | échelle=0.162773099122 | coefficient=-0.372422144876
  feature 03 | moyenne=1.371348308688 | échelle=0.215275035740 | coefficient=0.607512123193
  feature 04 | moyenne=0.500235416667 | échelle=0.152237895646 | coefficient=-0.057143049368
  feature 05 | moyenne=0.943681250000 | échelle=0.118899885506 | coefficient=-0.007766535295
  feature 06 | moyenne=1.868463781805 | échelle=0.406820672262 | coefficient=0.300395754530
  feature 07 | moyenne=3.447767590866 | échelle=0.789924442428 | coefficient=-0.438285315851
  feature 08 | moyenne=0.500372916667 | échelle=0.150700591322 | coefficient=-0.036627479618
  feature 09 | moyenne=0.944254166667 | échelle=0.117200220347 | coefficient=0.020135585212
  feature 10 | moyenne=1.869216539451 | échelle=0.403996767230 | coefficient=0.217150963219
  feature 11 | moyenne=3.449445680914 | échelle=0.785795970142 | coefficient=-0.229979569966
  feature 12 | moyenne=3.500000000000 | échelle=0.500000000000 | coefficient=0.417551670429
  feature 13 | moyenne=0.414456068839 | échelle=0.182566858755 | coefficient=0.214196718451

U_5 — B2 — BASELINE + O2
  intercept : 0.000000000000
  feature 00 | moyenne=0.684585216287 | échelle=0.165035887851 | coefficient=-0.347777548200
  feature 01 | moyenne=1.370163405695 | échelle=0.218393266632 | coefficient=0.407603662699
  feature 02 | moyenne=0.685315118370 | échelle=0.162773099122 | coefficient=-0.343428544438
  feature 03 | moyenne=1.371348308688 | échelle=0.215275035740 | coefficient=0.328464550158
  feature 04 | moyenne=0.500235416667 | échelle=0.152237895646 | coefficient=0.024962335670
  feature 05 | moyenne=0.943681250000 | échelle=0.118899885506 | coefficient=-0.081509627822
  feature 06 | moyenne=1.868463781805 | échelle=0.406820672262 | coefficient=0.127740020256
  feature 07 | moyenne=3.447767590866 | échelle=0.789924442428 | coefficient=-0.057023899438
  feature 08 | moyenne=0.500372916667 | échelle=0.150700591322 | coefficient=0.045852360407
  feature 09 | moyenne=0.944254166667 | échelle=0.117200220347 | coefficient=-0.060572296131
  feature 10 | moyenne=1.869216539451 | échelle=0.403996767230 | coefficient=0.095024919331
  feature 11 | moyenne=3.449445680914 | échelle=0.785795970142 | coefficient=0.050070544489
  feature 12 | moyenne=3.500000000000 | échelle=0.500000000000 | coefficient=0.187611093590
  feature 13 | moyenne=0.792278776477 | échelle=0.115791966388 | coefficient=0.524733560825

U_5 — B12 — BASELINE + O1 + O2
  intercept : 0.000000000000
  feature 00 | moyenne=0.684585216287 | échelle=0.165035887851 | coefficient=-0.348946899057
  feature 01 | moyenne=1.370163405695 | échelle=0.218393266632 | coefficient=0.409454386091
  feature 02 | moyenne=0.685315118370 | échelle=0.162773099122 | coefficient=-0.344543439164
  feature 03 | moyenne=1.371348308688 | échelle=0.215275035740 | coefficient=0.330469447610
  feature 04 | moyenne=0.500235416667 | échelle=0.152237895646 | coefficient=0.026177512711
  feature 05 | moyenne=0.943681250000 | échelle=0.118899885506 | coefficient=-0.080575088951
  feature 06 | moyenne=1.868463781805 | échelle=0.406820672262 | coefficient=0.124437517303
  feature 07 | moyenne=3.447767590866 | échelle=0.789924442428 | coefficient=-0.059107394277
  feature 08 | moyenne=0.500372916667 | échelle=0.150700591322 | coefficient=0.046805383713
  feature 09 | moyenne=0.944254166667 | échelle=0.117200220347 | coefficient=-0.059581217254
  feature 10 | moyenne=1.869216539451 | échelle=0.403996767230 | coefficient=0.092105877114
  feature 11 | moyenne=3.449445680914 | échelle=0.785795970142 | coefficient=0.047570392455
  feature 12 | moyenne=3.500000000000 | échelle=0.500000000000 | coefficient=0.195540347976
  feature 13 | moyenne=0.414456068839 | échelle=0.182566858755 | coefficient=0.006137888545
  feature 14 | moyenne=0.792278776477 | échelle=0.115791966388 | coefficient=0.520661842943

U_5 — BD — BASELINE + (O2 - O1), EXPLORATOIRE
  intercept : 0.000000000000
  feature 00 | moyenne=0.684585216287 | échelle=0.165035887851 | coefficient=-0.376632238269
  feature 01 | moyenne=1.370163405695 | échelle=0.218393266632 | coefficient=0.783285670014
  feature 02 | moyenne=0.685315118370 | échelle=0.162773099122 | coefficient=-0.333236459401
  feature 03 | moyenne=1.371348308688 | échelle=0.215275035740 | coefficient=0.620984815260
  feature 04 | moyenne=0.500235416667 | échelle=0.152237895646 | coefficient=-0.141916641207
  feature 05 | moyenne=0.943681250000 | échelle=0.118899885506 | coefficient=-0.022324074658
  feature 06 | moyenne=1.868463781805 | échelle=0.406820672262 | coefficient=0.512110998726
  feature 07 | moyenne=3.447767590866 | échelle=0.789924442428 | coefficient=-0.486051040100
  feature 08 | moyenne=0.500372916667 | échelle=0.150700591322 | coefficient=-0.109803590083
  feature 09 | moyenne=0.944254166667 | échelle=0.117200220347 | coefficient=0.005623346434
  feature 10 | moyenne=1.869216539451 | échelle=0.403996767230 | coefficient=0.393007285503
  feature 11 | moyenne=3.449445680914 | échelle=0.785795970142 | coefficient=-0.221651753439
  feature 12 | moyenne=3.500000000000 | échelle=0.500000000000 | coefficient=0.147638923010
  feature 13 | moyenne=0.377822707639 | échelle=0.139760781827 | coefficient=-0.014281079745

U_5 — CK — BASELINE + δ + δ̄ (contraction)
  intercept : 0.000000000000
  feature 00 | moyenne=0.684585216287 | échelle=0.165035887851 | coefficient=-0.379013204996
  feature 01 | moyenne=1.370163405695 | échelle=0.218393266632 | coefficient=0.487309019319
  feature 02 | moyenne=0.685315118370 | échelle=0.162773099122 | coefficient=-0.326355004551
  feature 03 | moyenne=1.371348308688 | échelle=0.215275035740 | coefficient=0.327768302041
  feature 04 | moyenne=0.500235416667 | échelle=0.152237895646 | coefficient=-0.035437747785
  feature 05 | moyenne=0.943681250000 | échelle=0.118899885506 | coefficient=0.088785897098
  feature 06 | moyenne=1.868463781805 | échelle=0.406820672262 | coefficient=0.655921397537
  feature 07 | moyenne=3.447767590866 | échelle=0.789924442428 | coefficient=-0.691882885679
  feature 08 | moyenne=0.500372916667 | échelle=0.150700591322 | coefficient=-0.000154283786
  feature 09 | moyenne=0.944254166667 | échelle=0.117200220347 | coefficient=0.109753455169
  feature 10 | moyenne=1.869216539451 | échelle=0.403996767230 | coefficient=0.537882221757
  feature 11 | moyenne=3.449445680914 | échelle=0.785795970142 | coefficient=-0.451691111612
  feature 12 | moyenne=3.500000000000 | échelle=0.500000000000 | coefficient=0.442399780450
  feature 13 | moyenne=0.949264959763 | échelle=0.079010446871 | coefficient=-0.017589870850
  feature 14 | moyenne=0.582261567045 | échelle=0.058577548766 | coefficient=-0.311425767571

U_5 — SK — BASELINE + δ + δ̄ + s2 + s3 (contraction + spectral s2/s3)
  intercept : 0.000000000000
  feature 00 | moyenne=0.684585216287 | échelle=0.165035887851 | coefficient=-0.264534104804
  feature 01 | moyenne=1.370163405695 | échelle=0.218393266632 | coefficient=0.326045496787
  feature 02 | moyenne=0.685315118370 | échelle=0.162773099122 | coefficient=-0.191073409893
  feature 03 | moyenne=1.371348308688 | échelle=0.215275035740 | coefficient=0.147339601845
  feature 04 | moyenne=0.500235416667 | échelle=0.152237895646 | coefficient=-0.027161228693
  feature 05 | moyenne=0.943681250000 | échelle=0.118899885506 | coefficient=0.073577081887
  feature 06 | moyenne=1.868463781805 | échelle=0.406820672262 | coefficient=0.507804551894
  feature 07 | moyenne=3.447767590866 | échelle=0.789924442428 | coefficient=-0.439707529480
  feature 08 | moyenne=0.500372916667 | échelle=0.150700591322 | coefficient=0.006417170551
  feature 09 | moyenne=0.944254166667 | échelle=0.117200220347 | coefficient=0.090895661347
  feature 10 | moyenne=1.869216539451 | échelle=0.403996767230 | coefficient=0.363886339167
  feature 11 | moyenne=3.449445680914 | échelle=0.785795970142 | coefficient=-0.159418404794
  feature 12 | moyenne=3.500000000000 | échelle=0.500000000000 | coefficient=0.263230564131
  feature 13 | moyenne=0.949264959763 | échelle=0.079010446871 | coefficient=-0.018606201344
  feature 14 | moyenne=0.582261567045 | échelle=0.058577548766 | coefficient=-0.295244887741
  feature 15 | moyenne=1.119000801425 | échelle=0.206257568401 | coefficient=-0.156226483535
  feature 16 | moyenne=1.018289844557 | échelle=0.125272809326 | coefficient=-0.066260827115

U_5 — SKT — BASELINE + δ + δ̄ + s2 + s3 + O1 + O2 (contraction + spectral s2/s3 + TDI)
  intercept : 0.000000000000
  feature 00 | moyenne=0.684585216287 | échelle=0.165035887851 | coefficient=-0.254823376434
  feature 01 | moyenne=1.370163405695 | échelle=0.218393266632 | coefficient=0.092796185423
  feature 02 | moyenne=0.685315118370 | échelle=0.162773099122 | coefficient=-0.219995884330
  feature 03 | moyenne=1.371348308688 | échelle=0.215275035740 | coefficient=-0.010143920239
  feature 04 | moyenne=0.500235416667 | échelle=0.152237895646 | coefficient=0.099978818845
  feature 05 | moyenne=0.943681250000 | échelle=0.118899885506 | coefficient=0.001719037398
  feature 06 | moyenne=1.868463781805 | échelle=0.406820672262 | coefficient=0.129430507557
  feature 07 | moyenne=3.447767590866 | échelle=0.789924442428 | coefficient=-0.046989351304
  feature 08 | moyenne=0.500372916667 | échelle=0.150700591322 | coefficient=0.121867161417
  feature 09 | moyenne=0.944254166667 | échelle=0.117200220347 | coefficient=0.015321886588
  feature 10 | moyenne=1.869216539451 | échelle=0.403996767230 | coefficient=0.065955049209
  feature 11 | moyenne=3.449445680914 | échelle=0.785795970142 | coefficient=0.093383125216
  feature 12 | moyenne=3.500000000000 | échelle=0.500000000000 | coefficient=0.289359777352
  feature 13 | moyenne=0.949264959763 | échelle=0.079010446871 | coefficient=-0.023433429020
  feature 14 | moyenne=0.582261567045 | échelle=0.058577548766 | coefficient=-0.216113470248
  feature 15 | moyenne=1.119000801425 | échelle=0.206257568401 | coefficient=-0.139367741449
  feature 16 | moyenne=1.018289844557 | échelle=0.125272809326 | coefficient=-0.061072653878
  feature 17 | moyenne=0.414456068839 | échelle=0.182566858755 | coefficient=0.021051223552
  feature 18 | moyenne=0.792278776477 | échelle=0.115791966388 | coefficient=0.444969175926

U_5 — SK4 — BASELINE + δ + δ̄ + s2 + s3 + s4 (full exact spectral baseline)
  intercept : 0.000000000000
  feature 00 | moyenne=0.684585216287 | échelle=0.165035887851 | coefficient=-0.227885239309
  feature 01 | moyenne=1.370163405695 | échelle=0.218393266632 | coefficient=0.240634976890
  feature 02 | moyenne=0.685315118370 | échelle=0.162773099122 | coefficient=-0.151784277131
  feature 03 | moyenne=1.371348308688 | échelle=0.215275035740 | coefficient=0.068536156325
  feature 04 | moyenne=0.500235416667 | échelle=0.152237895646 | coefficient=-0.010678168794
  feature 05 | moyenne=0.943681250000 | échelle=0.118899885506 | coefficient=0.074582840912
  feature 06 | moyenne=1.868463781805 | échelle=0.406820672262 | coefficient=0.432196096081
  feature 07 | moyenne=3.447767590866 | échelle=0.789924442428 | coefficient=-0.297975895426
  feature 08 | moyenne=0.500372916667 | échelle=0.150700591322 | coefficient=0.018057630726
  feature 09 | moyenne=0.944254166667 | échelle=0.117200220347 | coefficient=0.086477864736
  feature 10 | moyenne=1.869216539451 | échelle=0.403996767230 | coefficient=0.292239399272
  feature 11 | moyenne=3.449445680914 | échelle=0.785795970142 | coefficient=-0.023372690818
  feature 12 | moyenne=3.500000000000 | échelle=0.500000000000 | coefficient=0.178040154905
  feature 13 | moyenne=0.949264959763 | échelle=0.079010446871 | coefficient=-0.022770429715
  feature 14 | moyenne=0.582261567045 | échelle=0.058577548766 | coefficient=-0.287339482071
  feature 15 | moyenne=1.119000801425 | échelle=0.206257568401 | coefficient=-0.109566749120
  feature 16 | moyenne=1.018289844557 | échelle=0.125272809326 | coefficient=-0.030882456893
  feature 17 | moyenne=1.027588390308 | échelle=0.094908096148 | coefficient=-0.106069866584

U_5 — SKT4 — BASELINE + δ + δ̄ + s2 + s3 + s4 + O1 + O2 (full model)
  intercept : 0.000000000000
  feature 00 | moyenne=0.684585216287 | échelle=0.165035887851 | coefficient=-0.223017878091
  feature 01 | moyenne=1.370163405695 | échelle=0.218393266632 | coefficient=0.019681645656
  feature 02 | moyenne=0.685315118370 | échelle=0.162773099122 | coefficient=-0.185479014399
  feature 03 | moyenne=1.371348308688 | échelle=0.215275035740 | coefficient=-0.077872471571
  feature 04 | moyenne=0.500235416667 | échelle=0.152237895646 | coefficient=0.114569161347
  feature 05 | moyenne=0.943681250000 | échelle=0.118899885506 | coefficient=0.003861604229
  feature 06 | moyenne=1.868463781805 | échelle=0.406820672262 | coefficient=0.062617715177
  feature 07 | moyenne=3.447767590866 | échelle=0.789924442428 | coefficient=0.074801322975
  feature 08 | moyenne=0.500372916667 | échelle=0.150700591322 | coefficient=0.132046418798
  feature 09 | moyenne=0.944254166667 | échelle=0.117200220347 | coefficient=0.012699663538
  feature 10 | moyenne=1.869216539451 | échelle=0.403996767230 | coefficient=0.002297617258
  feature 11 | moyenne=3.449445680914 | échelle=0.785795970142 | coefficient=0.210934909128
  feature 12 | moyenne=3.500000000000 | échelle=0.500000000000 | coefficient=0.218908482305
  feature 13 | moyenne=0.949264959763 | échelle=0.079010446871 | coefficient=-0.027060071407
  feature 14 | moyenne=0.582261567045 | échelle=0.058577548766 | coefficient=-0.209791659203
  feature 15 | moyenne=1.119000801425 | échelle=0.206257568401 | coefficient=-0.098064320576
  feature 16 | moyenne=1.018289844557 | échelle=0.125272809326 | coefficient=-0.029683415253
  feature 17 | moyenne=1.027588390308 | échelle=0.094908096148 | coefficient=-0.094445092276
  feature 18 | moyenne=0.414456068839 | échelle=0.182566858755 | coefficient=0.025286996775
  feature 19 | moyenne=0.792278776477 | échelle=0.115791966388 | coefficient=0.438581007406

U_6 | moyenne cible=9.043882063305 | échelle cible=2.127369797941

U_6 — B0 — BASELINE
  intercept : 0.000000000000
  feature 00 | moyenne=0.684585216287 | échelle=0.165035887851 | coefficient=-0.376070242883
  feature 01 | moyenne=1.370163405695 | échelle=0.218393266632 | coefficient=0.782988404658
  feature 02 | moyenne=0.685315118370 | échelle=0.162773099122 | coefficient=-0.354264673605
  feature 03 | moyenne=1.371348308688 | échelle=0.215275035740 | coefficient=0.661154747467
  feature 04 | moyenne=0.500235416667 | échelle=0.152237895646 | coefficient=-0.140502626490
  feature 05 | moyenne=0.943681250000 | échelle=0.118899885506 | coefficient=-0.028317488407
  feature 06 | moyenne=1.868463781805 | échelle=0.406820672262 | coefficient=0.472970146511
  feature 07 | moyenne=3.447767590866 | échelle=0.789924442428 | coefficient=-0.466367017473
  feature 08 | moyenne=0.500372916667 | échelle=0.150700591322 | coefficient=-0.129102435245
  feature 09 | moyenne=0.944254166667 | échelle=0.117200220347 | coefficient=-0.000594062223
  feature 10 | moyenne=1.869216539451 | échelle=0.403996767230 | coefficient=0.416368148121
  feature 11 | moyenne=3.449445680914 | échelle=0.785795970142 | coefficient=-0.279213925477
  feature 12 | moyenne=3.500000000000 | échelle=0.500000000000 | coefficient=0.199897405028

U_6 — B1 — BASELINE + O1
  intercept : 0.000000000000
  feature 00 | moyenne=0.684585216287 | échelle=0.165035887851 | coefficient=-0.404405695978
  feature 01 | moyenne=1.370163405695 | échelle=0.218393266632 | coefficient=0.753169803148
  feature 02 | moyenne=0.685315118370 | échelle=0.162773099122 | coefficient=-0.389810785067
  feature 03 | moyenne=1.371348308688 | échelle=0.215275035740 | coefficient=0.654747951630
  feature 04 | moyenne=0.500235416667 | échelle=0.152237895646 | coefficient=-0.066516566854
  feature 05 | moyenne=0.943681250000 | échelle=0.118899885506 | coefficient=-0.013845159633
  feature 06 | moyenne=1.868463781805 | échelle=0.406820672262 | coefficient=0.287544144233
  feature 07 | moyenne=3.447767590866 | échelle=0.789924442428 | coefficient=-0.431419190479
  feature 08 | moyenne=0.500372916667 | échelle=0.150700591322 | coefficient=-0.065471577667
  feature 09 | moyenne=0.944254166667 | échelle=0.117200220347 | coefficient=0.013977968457
  feature 10 | moyenne=1.869216539451 | échelle=0.403996767230 | coefficient=0.261920121386
  feature 11 | moyenne=3.449445680914 | échelle=0.785795970142 | coefficient=-0.292278456844
  feature 12 | moyenne=3.500000000000 | échelle=0.500000000000 | coefficient=0.445348812169
  feature 13 | moyenne=0.414456068839 | échelle=0.182566858755 | coefficient=0.178778203199

U_6 — B2 — BASELINE + O2
  intercept : 0.000000000000
  feature 00 | moyenne=0.684585216287 | échelle=0.165035887851 | coefficient=-0.353145612714
  feature 01 | moyenne=1.370163405695 | échelle=0.218393266632 | coefficient=0.447683818185
  feature 02 | moyenne=0.685315118370 | échelle=0.162773099122 | coefficient=-0.366569927035
  feature 03 | moyenne=1.371348308688 | échelle=0.215275035740 | coefficient=0.401626676516
  feature 04 | moyenne=0.500235416667 | échelle=0.152237895646 | coefficient=0.014051053917
  feature 05 | moyenne=0.943681250000 | échelle=0.118899885506 | coefficient=-0.079371228663
  feature 06 | moyenne=1.868463781805 | échelle=0.406820672262 | coefficient=0.115601066012
  feature 07 | moyenne=3.447767590866 | échelle=0.789924442428 | coefficient=-0.083368027287
  feature 08 | moyenne=0.500372916667 | échelle=0.150700591322 | coefficient=0.014560237778
  feature 09 | moyenne=0.944254166667 | échelle=0.117200220347 | coefficient=-0.057843860910
  feature 10 | moyenne=1.869216539451 | échelle=0.403996767230 | coefficient=0.138330848922
  feature 11 | moyenne=3.449445680914 | échelle=0.785795970142 | coefficient=-0.039894548177
  feature 12 | moyenne=3.500000000000 | échelle=0.500000000000 | coefficient=0.257952186846
  feature 13 | moyenne=0.792278776477 | échelle=0.115791966388 | coefficient=0.474962879440

U_6 — B12 — BASELINE + O1 + O2
  intercept : 0.000000000000
  feature 00 | moyenne=0.684585216287 | échelle=0.165035887851 | coefficient=-0.350289095664
  feature 01 | moyenne=1.370163405695 | échelle=0.218393266632 | coefficient=0.443162828704
  feature 02 | moyenne=0.685315118370 | échelle=0.162773099122 | coefficient=-0.363846436670
  feature 03 | moyenne=1.371348308688 | échelle=0.215275035740 | coefficient=0.396729067111
  feature 04 | moyenne=0.500235416667 | échelle=0.152237895646 | coefficient=0.011082591614
  feature 05 | moyenne=0.943681250000 | échelle=0.118899885506 | coefficient=-0.081654141618
  feature 06 | moyenne=1.868463781805 | échelle=0.406820672262 | coefficient=0.123668495848
  feature 07 | moyenne=3.447767590866 | échelle=0.789924442428 | coefficient=-0.078278418383
  feature 08 | moyenne=0.500372916667 | échelle=0.150700591322 | coefficient=0.012232170623
  feature 09 | moyenne=0.944254166667 | échelle=0.117200220347 | coefficient=-0.060264891084
  feature 10 | moyenne=1.869216539451 | échelle=0.403996767230 | coefficient=0.145461552093
  feature 11 | moyenne=3.449445680914 | échelle=0.785795970142 | coefficient=-0.033787119538
  feature 12 | moyenne=3.500000000000 | échelle=0.500000000000 | coefficient=0.238582422661
  feature 13 | moyenne=0.414456068839 | échelle=0.182566858755 | coefficient=-0.014993774688
  feature 14 | moyenne=0.792278776477 | échelle=0.115791966388 | coefficient=0.484909365120

U_6 — BD — BASELINE + (O2 - O1), EXPLORATOIRE
  intercept : 0.000000000000
  feature 00 | moyenne=0.684585216287 | échelle=0.165035887851 | coefficient=-0.375379852428
  feature 01 | moyenne=1.370163405695 | échelle=0.218393266632 | coefficient=0.781962681923
  feature 02 | moyenne=0.685315118370 | échelle=0.162773099122 | coefficient=-0.353598785106
  feature 03 | moyenne=1.371348308688 | échelle=0.215275035740 | coefficient=0.660020355885
  feature 04 | moyenne=0.500235416667 | échelle=0.152237895646 | coefficient=-0.141260012915
  feature 05 | moyenne=0.943681250000 | échelle=0.118899885506 | coefficient=-0.028861915652
  feature 06 | moyenne=1.868463781805 | échelle=0.406820672262 | coefficient=0.475014474898
  feature 07 | moyenne=3.447767590866 | échelle=0.789924442428 | coefficient=-0.465213522717
  feature 08 | moyenne=0.500372916667 | échelle=0.150700591322 | coefficient=-0.129701455485
  feature 09 | moyenne=0.944254166667 | échelle=0.117200220347 | coefficient=-0.001170731806
  feature 10 | moyenne=1.869216539451 | échelle=0.403996767230 | coefficient=0.418166633153
  feature 11 | moyenne=3.449445680914 | échelle=0.785795970142 | coefficient=-0.277780434303
  feature 12 | moyenne=3.500000000000 | échelle=0.500000000000 | coefficient=0.195168129175
  feature 13 | moyenne=0.377822707639 | échelle=0.139760781827 | coefficient=0.002794790915

U_6 — CK — BASELINE + δ + δ̄ (contraction)
  intercept : 0.000000000000
  feature 00 | moyenne=0.684585216287 | échelle=0.165035887851 | coefficient=-0.381991628580
  feature 01 | moyenne=1.370163405695 | échelle=0.218393266632 | coefficient=0.487618470347
  feature 02 | moyenne=0.685315118370 | échelle=0.162773099122 | coefficient=-0.350672270665
  feature 03 | moyenne=1.371348308688 | échelle=0.215275035740 | coefficient=0.369197293354
  feature 04 | moyenne=0.500235416667 | échelle=0.152237895646 | coefficient=-0.028369082250
  feature 05 | moyenne=0.943681250000 | échelle=0.118899885506 | coefficient=0.087375224727
  feature 06 | moyenne=1.868463781805 | échelle=0.406820672262 | coefficient=0.608206769069
  feature 07 | moyenne=3.447767590866 | échelle=0.789924442428 | coefficient=-0.681251274252
  feature 08 | moyenne=0.500372916667 | échelle=0.150700591322 | coefficient=-0.014559416443
  feature 09 | moyenne=0.944254166667 | échelle=0.117200220347 | coefficient=0.108180687141
  feature 10 | moyenne=1.869216539451 | échelle=0.403996767230 | coefficient=0.553978390040
  feature 11 | moyenne=3.449445680914 | échelle=0.785795970142 | coefficient=-0.520236072553
  feature 12 | moyenne=3.500000000000 | échelle=0.500000000000 | coefficient=0.523967523722
  feature 13 | moyenne=0.949264959763 | échelle=0.079010446871 | coefficient=-0.018417144958
  feature 14 | moyenne=0.582261567045 | échelle=0.058577548766 | coefficient=-0.315974602284

U_6 — SK — BASELINE + δ + δ̄ + s2 + s3 (contraction + spectral s2/s3)
  intercept : 0.000000000000
  feature 00 | moyenne=0.684585216287 | échelle=0.165035887851 | coefficient=-0.252193041406
  feature 01 | moyenne=1.370163405695 | échelle=0.218393266632 | coefficient=0.303873315786
  feature 02 | moyenne=0.685315118370 | échelle=0.162773099122 | coefficient=-0.197612810513
  feature 03 | moyenne=1.371348308688 | échelle=0.215275035740 | coefficient=0.164222228124
  feature 04 | moyenne=0.500235416667 | échelle=0.152237895646 | coefficient=-0.018462882512
  feature 05 | moyenne=0.943681250000 | échelle=0.118899885506 | coefficient=0.070264067985
  feature 06 | moyenne=1.868463781805 | échelle=0.406820672262 | coefficient=0.439364924576
  feature 07 | moyenne=3.447767590866 | échelle=0.789924442428 | coefficient=-0.393839781843
  feature 08 | moyenne=0.500372916667 | échelle=0.150700591322 | coefficient=-0.006715033904
  feature 09 | moyenne=0.944254166667 | échelle=0.117200220347 | coefficient=0.086951202019
  feature 10 | moyenne=1.869216539451 | échelle=0.403996767230 | coefficient=0.356380574797
  feature 11 | moyenne=3.449445680914 | échelle=0.785795970142 | coefficient=-0.188151662432
  feature 12 | moyenne=3.500000000000 | échelle=0.500000000000 | coefficient=0.320889592764
  feature 13 | moyenne=0.949264959763 | échelle=0.079010446871 | coefficient=-0.019614468994
  feature 14 | moyenne=0.582261567045 | échelle=0.058577548766 | coefficient=-0.297854004580
  feature 15 | moyenne=1.119000801425 | échelle=0.206257568401 | coefficient=-0.173101959438
  feature 16 | moyenne=1.018289844557 | échelle=0.125272809326 | coefficient=-0.078385482740

U_6 — SKT — BASELINE + δ + δ̄ + s2 + s3 + O1 + O2 (contraction + spectral s2/s3 + TDI)
  intercept : 0.000000000000
  feature 00 | moyenne=0.684585216287 | échelle=0.165035887851 | coefficient=-0.240789877624
  feature 01 | moyenne=1.370163405695 | échelle=0.218393266632 | coefficient=0.094354133767
  feature 02 | moyenne=0.685315118370 | échelle=0.162773099122 | coefficient=-0.220434162360
  feature 03 | moyenne=1.371348308688 | échelle=0.215275035740 | coefficient=0.021024049562
  feature 04 | moyenne=0.500235416667 | échelle=0.152237895646 | coefficient=0.089983829606
  feature 05 | moyenne=0.943681250000 | échelle=0.118899885506 | coefficient=0.004412929799
  feature 06 | moyenne=1.868463781805 | échelle=0.406820672262 | coefficient=0.115661964704
  feature 07 | moyenne=3.447767590866 | échelle=0.789924442428 | coefficient=-0.043108638732
  feature 08 | moyenne=0.500372916667 | échelle=0.150700591322 | coefficient=0.092167980121
  feature 09 | moyenne=0.944254166667 | échelle=0.117200220347 | coefficient=0.017695382287
  feature 10 | moyenne=1.869216539451 | échelle=0.403996767230 | coefficient=0.102500396940
  feature 11 | moyenne=3.449445680914 | échelle=0.785795970142 | coefficient=0.040461696256
  feature 12 | moyenne=3.500000000000 | échelle=0.500000000000 | coefficient=0.322557727894
  feature 13 | moyenne=0.949264959763 | échelle=0.079010446871 | coefficient=-0.024028404628
  feature 14 | moyenne=0.582261567045 | échelle=0.058577548766 | coefficient=-0.227833186560
  feature 15 | moyenne=1.119000801425 | échelle=0.206257568401 | coefficient=-0.157842519651
  feature 16 | moyenne=1.018289844557 | échelle=0.125272809326 | coefficient=-0.073548130925
  feature 17 | moyenne=0.414456068839 | échelle=0.182566858755 | coefficient=0.001788657401
  feature 18 | moyenne=0.792278776477 | échelle=0.115791966388 | coefficient=0.402698216336

U_6 — SK4 — BASELINE + δ + δ̄ + s2 + s3 + s4 (full exact spectral baseline)
  intercept : 0.000000000000
  feature 00 | moyenne=0.684585216287 | échelle=0.165035887851 | coefficient=-0.207171030185
  feature 01 | moyenne=1.370163405695 | échelle=0.218393266632 | coefficient=0.198949102354
  feature 02 | moyenne=0.685315118370 | échelle=0.162773099122 | coefficient=-0.149347311644
  feature 03 | moyenne=1.371348308688 | échelle=0.215275035740 | coefficient=0.067414603644
  feature 04 | moyenne=0.500235416667 | échelle=0.152237895646 | coefficient=0.001786052830
  feature 05 | moyenne=0.943681250000 | échelle=0.118899885506 | coefficient=0.071499612210
  feature 06 | moyenne=1.868463781805 | échelle=0.406820672262 | coefficient=0.346482247307
  feature 07 | moyenne=3.447767590866 | échelle=0.789924442428 | coefficient=-0.219726800920
  feature 08 | moyenne=0.500372916667 | échelle=0.150700591322 | coefficient=0.007584915673
  feature 09 | moyenne=0.944254166667 | échelle=0.117200220347 | coefficient=0.081524073896
  feature 10 | moyenne=1.869216539451 | échelle=0.403996767230 | coefficient=0.268364498765
  feature 11 | moyenne=3.449445680914 | échelle=0.785795970142 | coefficient=-0.021023660555
  feature 12 | moyenne=3.500000000000 | échelle=0.500000000000 | coefficient=0.216235778565
  feature 13 | moyenne=0.949264959763 | échelle=0.079010446871 | coefficient=-0.024730096284
  feature 14 | moyenne=0.582261567045 | échelle=0.058577548766 | coefficient=-0.288142455315
  feature 15 | moyenne=1.119000801425 | échelle=0.206257568401 | coefficient=-0.115781901694
  feature 16 | moyenne=1.018289844557 | échelle=0.125272809326 | coefficient=-0.034924236134
  feature 17 | moyenne=1.027588390308 | échelle=0.094908096148 | coefficient=-0.130303589460

U_6 — SKT4 — BASELINE + δ + δ̄ + s2 + s3 + s4 + O1 + O2 (full model)
  intercept : 0.000000000000
  feature 00 | moyenne=0.684585216287 | échelle=0.165035887851 | coefficient=-0.200554055171
  feature 01 | moyenne=1.370163405695 | échelle=0.218393266632 | coefficient=0.001859948986
  feature 02 | moyenne=0.685315118370 | échelle=0.162773099122 | coefficient=-0.176768295685
  feature 03 | moyenne=1.371348308688 | échelle=0.215275035740 | coefficient=-0.064656543680
  feature 04 | moyenne=0.500235416667 | échelle=0.152237895646 | coefficient=0.108441469355
  feature 05 | moyenne=0.943681250000 | échelle=0.118899885506 | coefficient=0.007123402614
  feature 06 | moyenne=1.868463781805 | échelle=0.406820672262 | coefficient=0.031139860293
  feature 07 | moyenne=3.447767590866 | échelle=0.789924442428 | coefficient=0.110963713595
  feature 08 | moyenne=0.500372916667 | échelle=0.150700591322 | coefficient=0.105045338252
  feature 09 | moyenne=0.944254166667 | échelle=0.117200220347 | coefficient=0.014378116198
  feature 10 | moyenne=1.869216539451 | échelle=0.403996767230 | coefficient=0.021970008699
  feature 11 | moyenne=3.449445680914 | échelle=0.785795970142 | coefficient=0.189171603436
  feature 12 | moyenne=3.500000000000 | échelle=0.500000000000 | coefficient=0.233432704023
  feature 13 | moyenne=0.949264959763 | échelle=0.079010446871 | coefficient=-0.028616320138
  feature 14 | moyenne=0.582261567045 | échelle=0.058577548766 | coefficient=-0.219835724485
  feature 15 | moyenne=1.119000801425 | échelle=0.206257568401 | coefficient=-0.105591267650
  feature 16 | moyenne=1.018289844557 | échelle=0.125272809326 | coefficient=-0.033838901451
  feature 17 | moyenne=1.027588390308 | échelle=0.094908096148 | coefficient=-0.119478585851
  feature 18 | moyenne=0.414456068839 | échelle=0.182566858755 | coefficient=0.007147159177
  feature 19 | moyenne=0.792278776477 | échelle=0.115791966388 | coefficient=0.394616808159

U_7 | moyenne cible=10.653084667572 | échelle cible=2.525701995815

U_7 — B0 — BASELINE
  intercept : 0.000000000000
  feature 00 | moyenne=0.684585216287 | échelle=0.165035887851 | coefficient=-0.388625574277
  feature 01 | moyenne=1.370163405695 | échelle=0.218393266632 | coefficient=0.796052411877
  feature 02 | moyenne=0.685315118370 | échelle=0.162773099122 | coefficient=-0.370019490681
  feature 03 | moyenne=1.371348308688 | échelle=0.215275035740 | coefficient=0.686452638173
  feature 04 | moyenne=0.500235416667 | échelle=0.152237895646 | coefficient=-0.143451204850
  feature 05 | moyenne=0.943681250000 | échelle=0.118899885506 | coefficient=-0.032769692075
  feature 06 | moyenne=1.868463781805 | échelle=0.406820672262 | coefficient=0.463813252788
  feature 07 | moyenne=3.447767590866 | échelle=0.789924442428 | coefficient=-0.473474784848
  feature 08 | moyenne=0.500372916667 | échelle=0.150700591322 | coefficient=-0.125156737615
  feature 09 | moyenne=0.944254166667 | échelle=0.117200220347 | coefficient=-0.000758898997
  feature 10 | moyenne=1.869216539451 | échelle=0.403996767230 | coefficient=0.409597071797
  feature 11 | moyenne=3.449445680914 | échelle=0.785795970142 | coefficient=-0.323223846688
  feature 12 | moyenne=3.500000000000 | échelle=0.500000000000 | coefficient=0.260325009387

U_7 — B1 — BASELINE + O1
  intercept : 0.000000000000
  feature 00 | moyenne=0.684585216287 | échelle=0.165035887851 | coefficient=-0.413347171634
  feature 01 | moyenne=1.370163405695 | échelle=0.218393266632 | coefficient=0.770036824344
  feature 02 | moyenne=0.685315118370 | échelle=0.162773099122 | coefficient=-0.401032111238
  feature 03 | moyenne=1.371348308688 | échelle=0.215275035740 | coefficient=0.680862954236
  feature 04 | moyenne=0.500235416667 | échelle=0.152237895646 | coefficient=-0.078901202061
  feature 05 | moyenne=0.943681250000 | échelle=0.118899885506 | coefficient=-0.020143139623
  feature 06 | moyenne=1.868463781805 | échelle=0.406820672262 | coefficient=0.302036169062
  feature 07 | moyenne=3.447767590866 | échelle=0.789924442428 | coefficient=-0.442984144571
  feature 08 | moyenne=0.500372916667 | échelle=0.150700591322 | coefficient=-0.069641251936
  feature 09 | moyenne=0.944254166667 | échelle=0.117200220347 | coefficient=0.011954639549
  feature 10 | moyenne=1.869216539451 | échelle=0.403996767230 | coefficient=0.274847085034
  feature 11 | moyenne=3.449445680914 | échelle=0.785795970142 | coefficient=-0.334622149832
  feature 12 | moyenne=3.500000000000 | échelle=0.500000000000 | coefficient=0.474471959414
  feature 13 | moyenne=0.414456068839 | échelle=0.182566858755 | coefficient=0.155977133692

U_7 — B2 — BASELINE + O2
  intercept : 0.000000000000
  feature 00 | moyenne=0.684585216287 | échelle=0.165035887851 | coefficient=-0.367666396237
  feature 01 | moyenne=1.370163405695 | échelle=0.218393266632 | coefficient=0.489495295194
  feature 02 | moyenne=0.685315118370 | échelle=0.162773099122 | coefficient=-0.381269748398
  feature 03 | moyenne=1.371348308688 | échelle=0.215275035740 | coefficient=0.449175307833
  feature 04 | moyenne=0.500235416667 | échelle=0.152237895646 | coefficient=-0.002148244647
  feature 05 | moyenne=0.943681250000 | échelle=0.118899885506 | coefficient=-0.079446319954
  feature 06 | moyenne=1.868463781805 | échelle=0.406820672262 | coefficient=0.137083350099
  feature 07 | moyenne=3.447767590866 | échelle=0.789924442428 | coefficient=-0.123312362798
  feature 08 | moyenne=0.500372916667 | échelle=0.150700591322 | coefficient=0.006188959979
  feature 09 | moyenne=0.944254166667 | échelle=0.117200220347 | coefficient=-0.053100363814
  feature 10 | moyenne=1.869216539451 | échelle=0.403996767230 | coefficient=0.155397409128
  feature 11 | moyenne=3.449445680914 | échelle=0.785795970142 | coefficient=-0.104422609749
  feature 12 | moyenne=3.500000000000 | échelle=0.500000000000 | coefficient=0.313402441792
  feature 13 | moyenne=0.792278776477 | échelle=0.115791966388 | coefficient=0.434241751311

U_7 — B12 — BASELINE + O1 + O2
  intercept : 0.000000000000
  feature 00 | moyenne=0.684585216287 | échelle=0.165035887851 | coefficient=-0.363117419458
  feature 01 | moyenne=1.370163405695 | échelle=0.218393266632 | coefficient=0.482295661582
  feature 02 | moyenne=0.685315118370 | échelle=0.162773099122 | coefficient=-0.376932615375
  feature 03 | moyenne=1.371348308688 | échelle=0.215275035740 | coefficient=0.441375910502
  feature 04 | moyenne=0.500235416667 | échelle=0.152237895646 | coefficient=-0.006875493197
  feature 05 | moyenne=0.943681250000 | échelle=0.118899885506 | coefficient=-0.083081837558
  feature 06 | moyenne=1.868463781805 | échelle=0.406820672262 | coefficient=0.149930656922
  feature 07 | moyenne=3.447767590866 | échelle=0.789924442428 | coefficient=-0.115207208054
  feature 08 | moyenne=0.500372916667 | échelle=0.150700591322 | coefficient=0.002481534734
  feature 09 | moyenne=0.944254166667 | échelle=0.117200220347 | coefficient=-0.056955831802
  feature 10 | moyenne=1.869216539451 | échelle=0.403996767230 | coefficient=0.166752987467
  feature 11 | moyenne=3.449445680914 | échelle=0.785795970142 | coefficient=-0.094696586564
  feature 12 | moyenne=3.500000000000 | échelle=0.500000000000 | coefficient=0.282556272859
  feature 13 | moyenne=0.414456068839 | échelle=0.182566858755 | coefficient=-0.023877446445
  feature 14 | moyenne=0.792278776477 | échelle=0.115791966388 | coefficient=0.450081437053

U_7 — BD — BASELINE + (O2 - O1), EXPLORATOIRE
  intercept : 0.000000000000
  feature 00 | moyenne=0.684585216287 | échelle=0.165035887851 | coefficient=-0.386072527443
  feature 01 | moyenne=1.370163405695 | échelle=0.218393266632 | coefficient=0.792259314566
  feature 02 | moyenne=0.685315118370 | échelle=0.162773099122 | coefficient=-0.367557051476
  feature 03 | moyenne=1.371348308688 | échelle=0.215275035740 | coefficient=0.682257686147
  feature 04 | moyenne=0.500235416667 | échelle=0.152237895646 | coefficient=-0.146252001122
  feature 05 | moyenne=0.943681250000 | échelle=0.118899885506 | coefficient=-0.034782970567
  feature 06 | moyenne=1.868463781805 | échelle=0.406820672262 | coefficient=0.471373128616
  feature 07 | moyenne=3.447767590866 | échelle=0.789924442428 | coefficient=-0.469209189762
  feature 08 | moyenne=0.500372916667 | échelle=0.150700591322 | coefficient=-0.127371899653
  feature 09 | moyenne=0.944254166667 | échelle=0.117200220347 | coefficient=-0.002891408855
  feature 10 | moyenne=1.869216539451 | échelle=0.403996767230 | coefficient=0.416247824976
  feature 11 | moyenne=3.449445680914 | échelle=0.785795970142 | coefficient=-0.317922831770
  feature 12 | moyenne=3.500000000000 | échelle=0.500000000000 | coefficient=0.242836264210
  feature 13 | moyenne=0.377822707639 | échelle=0.139760781827 | coefficient=0.010335067704

U_7 — CK — BASELINE + δ + δ̄ (contraction)
  intercept : 0.000000000000
  feature 00 | moyenne=0.684585216287 | échelle=0.165035887851 | coefficient=-0.394361887735
  feature 01 | moyenne=1.370163405695 | échelle=0.218393266632 | coefficient=0.498576996112
  feature 02 | moyenne=0.685315118370 | échelle=0.162773099122 | coefficient=-0.366239612519
  feature 03 | moyenne=1.371348308688 | échelle=0.215275035740 | coefficient=0.392537163119
  feature 04 | moyenne=0.500235416667 | échelle=0.152237895646 | coefficient=-0.030447554685
  feature 05 | moyenne=0.943681250000 | échelle=0.118899885506 | coefficient=0.083706552658
  feature 06 | moyenne=1.868463781805 | échelle=0.406820672262 | coefficient=0.599307922218
  feature 07 | moyenne=3.447767590866 | échelle=0.789924442428 | coefficient=-0.689286475446
  feature 08 | moyenne=0.500372916667 | échelle=0.150700591322 | coefficient=-0.009696754338
  feature 09 | moyenne=0.944254166667 | échelle=0.117200220347 | coefficient=0.108766180581
  feature 10 | moyenne=1.869216539451 | échelle=0.403996767230 | coefficient=0.547526440733
  feature 11 | moyenne=3.449445680914 | échelle=0.785795970142 | coefficient=-0.565613023544
  feature 12 | moyenne=3.500000000000 | échelle=0.500000000000 | coefficient=0.586869965518
  feature 13 | moyenne=0.949264959763 | échelle=0.079010446871 | coefficient=-0.020071758764
  feature 14 | moyenne=0.582261567045 | échelle=0.058577548766 | coefficient=-0.317069272530

U_7 — SK — BASELINE + δ + δ̄ + s2 + s3 (contraction + spectral s2/s3)
  intercept : 0.000000000000
  feature 00 | moyenne=0.684585216287 | échelle=0.165035887851 | coefficient=-0.253455506785
  feature 01 | moyenne=1.370163405695 | échelle=0.218393266632 | coefficient=0.298733020561
  feature 02 | moyenne=0.685315118370 | échelle=0.162773099122 | coefficient=-0.200216909630
  feature 03 | moyenne=1.371348308688 | échelle=0.215275035740 | coefficient=0.169854126993
  feature 04 | moyenne=0.500235416667 | échelle=0.152237895646 | coefficient=-0.019476748060
  feature 05 | moyenne=0.943681250000 | échelle=0.118899885506 | coefficient=0.065186266352
  feature 06 | moyenne=1.868463781805 | échelle=0.406820672262 | coefficient=0.415641541875
  feature 07 | moyenne=3.447767590866 | échelle=0.789924442428 | coefficient=-0.376660149638
  feature 08 | moyenne=0.500372916667 | échelle=0.150700591322 | coefficient=-0.001017615529
  feature 09 | moyenne=0.944254166667 | échelle=0.117200220347 | coefficient=0.085783003197
  feature 10 | moyenne=1.869216539451 | échelle=0.403996767230 | coefficient=0.332886701069
  feature 11 | moyenne=3.449445680914 | échelle=0.785795970142 | coefficient=-0.204819015108
  feature 12 | moyenne=3.500000000000 | échelle=0.500000000000 | coefficient=0.366441257057
  feature 13 | moyenne=0.949264959763 | échelle=0.079010446871 | coefficient=-0.021390232457
  feature 14 | moyenne=0.582261567045 | échelle=0.058577548766 | coefficient=-0.297491664625
  feature 15 | moyenne=1.119000801425 | échelle=0.206257568401 | coefficient=-0.186241434790
  feature 16 | moyenne=1.018289844557 | échelle=0.125272809326 | coefficient=-0.086446560170

U_7 — SKT — BASELINE + δ + δ̄ + s2 + s3 + O1 + O2 (contraction + spectral s2/s3 + TDI)
  intercept : 0.000000000000
  feature 00 | moyenne=0.684585216287 | échelle=0.165035887851 | coefficient=-0.242061131199
  feature 01 | moyenne=1.370163405695 | échelle=0.218393266632 | coefficient=0.110445916572
  feature 02 | moyenne=0.685315118370 | échelle=0.162773099122 | coefficient=-0.219374217951
  feature 03 | moyenne=1.371348308688 | échelle=0.215275035740 | coefficient=0.040424260955
  feature 04 | moyenne=0.500235416667 | échelle=0.152237895646 | coefficient=0.075516574358
  feature 05 | moyenne=0.943681250000 | échelle=0.118899885506 | coefficient=0.005450506169
  feature 06 | moyenne=1.868463781805 | échelle=0.406820672262 | coefficient=0.131662638117
  feature 07 | moyenne=3.447767590866 | échelle=0.789924442428 | coefficient=-0.062340900589
  feature 08 | moyenne=0.500372916667 | échelle=0.150700591322 | coefficient=0.085782073253
  feature 09 | moyenne=0.944254166667 | échelle=0.117200220347 | coefficient=0.022958925740
  feature 10 | moyenne=1.869216539451 | échelle=0.403996767230 | coefficient=0.110612736265
  feature 11 | moyenne=3.449445680914 | échelle=0.785795970142 | coefficient=0.001282403250
  feature 12 | moyenne=3.500000000000 | échelle=0.500000000000 | coefficient=0.358612226716
  feature 13 | moyenne=0.949264959763 | échelle=0.079010446871 | coefficient=-0.025390165526
  feature 14 | moyenne=0.582261567045 | échelle=0.058577548766 | coefficient=-0.235020065191
  feature 15 | moyenne=1.119000801425 | échelle=0.206257568401 | coefficient=-0.172478774092
  feature 16 | moyenne=1.018289844557 | échelle=0.125272809326 | coefficient=-0.082023680198
  feature 17 | moyenne=0.414456068839 | échelle=0.182566858755 | coefficient=-0.005717615337
  feature 18 | moyenne=0.792278776477 | échelle=0.115791966388 | coefficient=0.363173000332

U_7 — SK4 — BASELINE + δ + δ̄ + s2 + s3 + s4 (full exact spectral baseline)
  intercept : 0.000000000000
  feature 00 | moyenne=0.684585216287 | échelle=0.165035887851 | coefficient=-0.202944234610
  feature 01 | moyenne=1.370163405695 | échelle=0.218393266632 | coefficient=0.181016033723
  feature 02 | moyenne=0.685315118370 | échelle=0.162773099122 | coefficient=-0.146066691018
  feature 03 | moyenne=1.371348308688 | échelle=0.215275035740 | coefficient=0.061243335604
  feature 04 | moyenne=0.500235416667 | échelle=0.152237895646 | coefficient=0.003241017241
  feature 05 | moyenne=0.943681250000 | échelle=0.118899885506 | coefficient=0.066572452996
  feature 06 | moyenne=1.868463781805 | échelle=0.406820672262 | coefficient=0.311434242722
  feature 07 | moyenne=3.447767590866 | échelle=0.789924442428 | coefficient=-0.181318628237
  feature 08 | moyenne=0.500372916667 | échelle=0.150700591322 | coefficient=0.015025840228
  feature 09 | moyenne=0.944254166667 | échelle=0.117200220347 | coefficient=0.079694178237
  feature 10 | moyenne=1.869216539451 | échelle=0.403996767230 | coefficient=0.234139358345
  feature 11 | moyenne=3.449445680914 | échelle=0.785795970142 | coefficient=-0.017314108912
  feature 12 | moyenne=3.500000000000 | échelle=0.500000000000 | coefficient=0.249027637592
  feature 13 | moyenne=0.949264959763 | échelle=0.079010446871 | coefficient=-0.027129577177
  feature 14 | moyenne=0.582261567045 | échelle=0.058577548766 | coefficient=-0.286596045019
  feature 15 | moyenne=1.119000801425 | échelle=0.206257568401 | coefficient=-0.121932689818
  feature 16 | moyenne=1.018289844557 | échelle=0.125272809326 | coefficient=-0.037686347181
  feature 17 | moyenne=1.027588390308 | échelle=0.094908096148 | coefficient=-0.146190716362

U_7 — SKT4 — BASELINE + δ + δ̄ + s2 + s3 + s4 + O1 + O2 (full model)
  intercept : 0.000000000000
  feature 00 | moyenne=0.684585216287 | échelle=0.165035887851 | coefficient=-0.196146898496
  feature 01 | moyenne=1.370163405695 | échelle=0.218393266632 | coefficient=0.004898191566
  feature 02 | moyenne=0.685315118370 | échelle=0.162773099122 | coefficient=-0.169545864969
  feature 03 | moyenne=1.371348308688 | échelle=0.215275035740 | coefficient=-0.057348282425
  feature 04 | moyenne=0.500235416667 | échelle=0.152237895646 | coefficient=0.096579108063
  feature 05 | moyenne=0.943681250000 | échelle=0.118899885506 | coefficient=0.008543503204
  feature 06 | moyenne=1.868463781805 | échelle=0.406820672262 | coefficient=0.035212079043
  feature 07 | moyenne=3.447767590866 | échelle=0.789924442428 | coefficient=0.113475409518
  feature 08 | moyenne=0.500372916667 | échelle=0.150700591322 | coefficient=0.100476790094
  feature 09 | moyenne=0.944254166667 | échelle=0.117200220347 | coefficient=0.019173499772
  feature 10 | moyenne=1.869216539451 | échelle=0.403996767230 | coefficient=0.018717237181
  feature 11 | moyenne=3.449445680914 | échelle=0.785795970142 | coefficient=0.170979475839
  feature 12 | moyenne=3.500000000000 | échelle=0.500000000000 | coefficient=0.256909146322
  feature 13 | moyenne=0.949264959763 | échelle=0.079010446871 | coefficient=-0.030625565414
  feature 14 | moyenne=0.582261567045 | échelle=0.058577548766 | coefficient=-0.225893935480
  feature 15 | moyenne=1.119000801425 | échelle=0.206257568401 | coefficient=-0.112853395583
  feature 16 | moyenne=1.018289844557 | échelle=0.125272809326 | coefficient=-0.036710357607
  feature 17 | moyenne=1.027588390308 | échelle=0.094908096148 | coefficient=-0.136340386732
  feature 18 | moyenne=0.414456068839 | échelle=0.182566858755 | coefficient=0.000397122289
  feature 19 | moyenne=0.792278776477 | échelle=0.115791966388 | coefficient=0.353951077355

U_8 | moyenne cible=12.248157253566 | échelle cible=2.930664875643

U_8 — B0 — BASELINE
  intercept : 0.000000000000
  feature 00 | moyenne=0.684585216287 | échelle=0.165035887851 | coefficient=-0.398583743848
  feature 01 | moyenne=1.370163405695 | échelle=0.218393266632 | coefficient=0.811772580570
  feature 02 | moyenne=0.685315118370 | échelle=0.162773099122 | coefficient=-0.386408413368
  feature 03 | moyenne=1.371348308688 | échelle=0.215275035740 | coefficient=0.705803434397
  feature 04 | moyenne=0.500235416667 | échelle=0.152237895646 | coefficient=-0.146432197549
  feature 05 | moyenne=0.943681250000 | échelle=0.118899885506 | coefficient=-0.035617940775
  feature 06 | moyenne=1.868463781805 | échelle=0.406820672262 | coefficient=0.462796163001
  feature 07 | moyenne=3.447767590866 | échelle=0.789924442428 | coefficient=-0.496331951507
  feature 08 | moyenne=0.500372916667 | échelle=0.150700591322 | coefficient=-0.130783543431
  feature 09 | moyenne=0.944254166667 | échelle=0.117200220347 | coefficient=-0.002583310470
  feature 10 | moyenne=1.869216539451 | échelle=0.403996767230 | coefficient=0.419800992324
  feature 11 | moyenne=3.449445680914 | échelle=0.785795970142 | coefficient=-0.351166244220
  feature 12 | moyenne=3.500000000000 | échelle=0.500000000000 | coefficient=0.298790346245

U_8 — B1 — BASELINE + O1
  intercept : 0.000000000000
  feature 00 | moyenne=0.684585216287 | échelle=0.165035887851 | coefficient=-0.420324205814
  feature 01 | moyenne=1.370163405695 | échelle=0.218393266632 | coefficient=0.788894168503
  feature 02 | moyenne=0.685315118370 | échelle=0.162773099122 | coefficient=-0.413681274744
  feature 03 | moyenne=1.371348308688 | échelle=0.215275035740 | coefficient=0.700887800941
  feature 04 | moyenne=0.500235416667 | échelle=0.152237895646 | coefficient=-0.089666169839
  feature 05 | moyenne=0.943681250000 | échelle=0.118899885506 | coefficient=-0.024514002814
  feature 06 | moyenne=1.868463781805 | échelle=0.406820672262 | coefficient=0.320527502727
  feature 07 | moyenne=3.447767590866 | échelle=0.789924442428 | coefficient=-0.469518125696
  feature 08 | moyenne=0.500372916667 | échelle=0.150700591322 | coefficient=-0.081962575776
  feature 09 | moyenne=0.944254166667 | échelle=0.117200220347 | coefficient=0.008597124080
  feature 10 | moyenne=1.869216539451 | échelle=0.403996767230 | coefficient=0.301300277346
  feature 11 | moyenne=3.449445680914 | échelle=0.785795970142 | coefficient=-0.361190045369
  feature 12 | moyenne=3.500000000000 | échelle=0.500000000000 | coefficient=0.487113679688
  feature 13 | moyenne=0.414456068839 | échelle=0.182566858755 | coefficient=0.137168116352

U_8 — B2 — BASELINE + O2
  intercept : 0.000000000000
  feature 00 | moyenne=0.684585216287 | échelle=0.165035887851 | coefficient=-0.378965807596
  feature 01 | moyenne=1.370163405695 | échelle=0.218393266632 | coefficient=0.524832989665
  feature 02 | moyenne=0.685315118370 | échelle=0.162773099122 | coefficient=-0.396938732748
  feature 03 | moyenne=1.371348308688 | échelle=0.215275035740 | coefficient=0.483710204804
  feature 04 | moyenne=0.500235416667 | échelle=0.152237895646 | coefficient=-0.014171645150
  feature 05 | moyenne=0.943681250000 | échelle=0.118899885506 | coefficient=-0.079307588738
  feature 06 | moyenne=1.868463781805 | échelle=0.406820672262 | coefficient=0.156974704251
  feature 07 | moyenne=3.447767590866 | échelle=0.789924442428 | coefficient=-0.168577491847
  feature 08 | moyenne=0.500372916667 | échelle=0.150700591322 | coefficient=-0.007843058009
  feature 09 | moyenne=0.944254166667 | échelle=0.117200220347 | coefficient=-0.051575285162
  feature 10 | moyenne=1.869216539451 | échelle=0.403996767230 | coefficient=0.181868342109
  feature 11 | moyenne=3.449445680914 | échelle=0.785795970142 | coefficient=-0.146366766407
  feature 12 | moyenne=3.500000000000 | échelle=0.500000000000 | coefficient=0.348471191712
  feature 13 | moyenne=0.792278776477 | échelle=0.115791966388 | coefficient=0.406453295958

U_8 — B12 — BASELINE + O1 + O2
  intercept : 0.000000000000
  feature 00 | moyenne=0.684585216287 | échelle=0.165035887851 | coefficient=-0.372419538472
  feature 01 | moyenne=1.370163405695 | échelle=0.218393266632 | coefficient=0.514472255480
  feature 02 | moyenne=0.685315118370 | échelle=0.162773099122 | coefficient=-0.390697320366
  feature 03 | moyenne=1.371348308688 | échelle=0.215275035740 | coefficient=0.472486372190
  feature 04 | moyenne=0.500235416667 | échelle=0.152237895646 | coefficient=-0.020974458777
  feature 05 | moyenne=0.943681250000 | échelle=0.118899885506 | coefficient=-0.084539331566
  feature 06 | moyenne=1.868463781805 | échelle=0.406820672262 | coefficient=0.175462802140
  feature 07 | moyenne=3.447767590866 | échelle=0.789924442428 | coefficient=-0.156913654719
  feature 08 | moyenne=0.500372916667 | échelle=0.150700591322 | coefficient=-0.013178280542
  feature 09 | moyenne=0.944254166667 | échelle=0.117200220347 | coefficient=-0.057123550689
  feature 10 | moyenne=1.869216539451 | échelle=0.403996767230 | coefficient=0.198209747106
  feature 11 | moyenne=3.449445680914 | échelle=0.785795970142 | coefficient=-0.132370395712
  feature 12 | moyenne=3.500000000000 | échelle=0.500000000000 | coefficient=0.304081577719
  feature 13 | moyenne=0.414456068839 | échelle=0.182566858755 | coefficient=-0.034361175714
  feature 14 | moyenne=0.792278776477 | échelle=0.115791966388 | coefficient=0.429247618889

U_8 — BD — BASELINE + (O2 - O1), EXPLORATOIRE
  intercept : 0.000000000000
  feature 00 | moyenne=0.684585216287 | échelle=0.165035887851 | coefficient=-0.393924007614
  feature 01 | moyenne=1.370163405695 | échelle=0.218393266632 | coefficient=0.804849545417
  feature 02 | moyenne=0.685315118370 | échelle=0.162773099122 | coefficient=-0.381914051167
  feature 03 | moyenne=1.371348308688 | échelle=0.215275035740 | coefficient=0.698146947373
  feature 04 | moyenne=0.500235416667 | échelle=0.152237895646 | coefficient=-0.151544117823
  feature 05 | moyenne=0.943681250000 | échelle=0.118899885506 | coefficient=-0.039292509769
  feature 06 | moyenne=1.868463781805 | échelle=0.406820672262 | coefficient=0.476594197119
  feature 07 | moyenne=3.447767590866 | échelle=0.789924442428 | coefficient=-0.488546529118
  feature 08 | moyenne=0.500372916667 | échelle=0.150700591322 | coefficient=-0.134826583566
  feature 09 | moyenne=0.944254166667 | échelle=0.117200220347 | coefficient=-0.006475496592
  feature 10 | moyenne=1.869216539451 | échelle=0.403996767230 | coefficient=0.431939725997
  feature 11 | moyenne=3.449445680914 | échelle=0.785795970142 | coefficient=-0.341491007965
  feature 12 | moyenne=3.500000000000 | échelle=0.500000000000 | coefficient=0.266870469766
  feature 13 | moyenne=0.377822707639 | échelle=0.139760781827 | coefficient=0.018863222100

U_8 — CK — BASELINE + δ + δ̄ (contraction)
  intercept : 0.000000000000
  feature 00 | moyenne=0.684585216287 | échelle=0.165035887851 | coefficient=-0.404403237182
  feature 01 | moyenne=1.370163405695 | échelle=0.218393266632 | coefficient=0.511993584994
  feature 02 | moyenne=0.685315118370 | échelle=0.162773099122 | coefficient=-0.382626868619
  feature 03 | moyenne=1.371348308688 | échelle=0.215275035740 | coefficient=0.409590948121
  feature 04 | moyenne=0.500235416667 | échelle=0.152237895646 | coefficient=-0.032565545034
  feature 05 | moyenne=0.943681250000 | échelle=0.118899885506 | coefficient=0.081767287700
  feature 06 | moyenne=1.868463781805 | échelle=0.406820672262 | coefficient=0.599460461204
  feature 07 | moyenne=3.447767590866 | échelle=0.789924442428 | coefficient=-0.713917894692
  feature 08 | moyenne=0.500372916667 | échelle=0.150700591322 | coefficient=-0.014446598516
  feature 09 | moyenne=0.944254166667 | échelle=0.117200220347 | coefficient=0.107794177043
  feature 10 | moyenne=1.869216539451 | échelle=0.403996767230 | coefficient=0.558911312946
  feature 11 | moyenne=3.449445680914 | échelle=0.785795970142 | coefficient=-0.595492291067
  feature 12 | moyenne=3.500000000000 | échelle=0.500000000000 | coefficient=0.627835890532
  feature 13 | moyenne=0.949264959763 | échelle=0.079010446871 | coefficient=-0.019967410168
  feature 14 | moyenne=0.582261567045 | échelle=0.058577548766 | coefficient=-0.319722007472

U_8 — SK — BASELINE + δ + δ̄ + s2 + s3 (contraction + spectral s2/s3)
  intercept : 0.000000000000
  feature 00 | moyenne=0.684585216287 | échelle=0.165035887851 | coefficient=-0.256296492771
  feature 01 | moyenne=1.370163405695 | échelle=0.218393266632 | coefficient=0.301521863081
  feature 02 | moyenne=0.685315118370 | échelle=0.162773099122 | coefficient=-0.208270377807
  feature 03 | moyenne=1.371348308688 | échelle=0.215275035740 | coefficient=0.175343585503
  feature 04 | moyenne=0.500235416667 | échelle=0.152237895646 | coefficient=-0.020793391263
  feature 05 | moyenne=0.943681250000 | échelle=0.118899885506 | coefficient=0.062361879025
  feature 06 | moyenne=1.868463781805 | échelle=0.406820672262 | coefficient=0.405991796486
  feature 07 | moyenne=3.447767590866 | échelle=0.789924442428 | coefficient=-0.384629144535
  feature 08 | moyenne=0.500372916667 | échelle=0.150700591322 | coefficient=-0.005142502803
  feature 09 | moyenne=0.944254166667 | échelle=0.117200220347 | coefficient=0.083706560764
  feature 10 | moyenne=1.869216539451 | échelle=0.403996767230 | coefficient=0.333156806680
  feature 11 | moyenne=3.449445680914 | échelle=0.785795970142 | coefficient=-0.215938820595
  feature 12 | moyenne=3.500000000000 | échelle=0.500000000000 | coefficient=0.396174343193
  feature 13 | moyenne=0.949264959763 | échelle=0.079010446871 | coefficient=-0.021374001390
  feature 14 | moyenne=0.582261567045 | échelle=0.058577548766 | coefficient=-0.299247990816
  feature 15 | moyenne=1.119000801425 | échelle=0.206257568401 | coefficient=-0.193900048293
  feature 16 | moyenne=1.018289844557 | échelle=0.125272809326 | coefficient=-0.092366028556

U_8 — SKT — BASELINE + δ + δ̄ + s2 + s3 + O1 + O2 (contraction + spectral s2/s3 + TDI)
  intercept : 0.000000000000
  feature 00 | moyenne=0.684585216287 | échelle=0.165035887851 | coefficient=-0.244151069742
  feature 01 | moyenne=1.370163405695 | échelle=0.218393266632 | coefficient=0.126647726293
  feature 02 | moyenne=0.685315118370 | échelle=0.162773099122 | coefficient=-0.224221397824
  feature 03 | moyenne=1.371348308688 | échelle=0.215275035740 | coefficient=0.054121400382
  feature 04 | moyenne=0.500235416667 | échelle=0.152237895646 | coefficient=0.064075543333
  feature 05 | moyenne=0.943681250000 | échelle=0.118899885506 | coefficient=0.006121386209
  feature 06 | moyenne=1.868463781805 | échelle=0.406820672262 | coefficient=0.151673979576
  feature 07 | moyenne=3.447767590866 | échelle=0.789924442428 | coefficient=-0.093886286187
  feature 08 | moyenne=0.500372916667 | échelle=0.150700591322 | coefficient=0.072662813558
  feature 09 | moyenne=0.944254166667 | échelle=0.117200220347 | coefficient=0.024558701417
  feature 10 | moyenne=1.869216539451 | échelle=0.403996767230 | coefficient=0.134728029020
  feature 11 | moyenne=3.449445680914 | échelle=0.785795970142 | coefficient=-0.023626696769
  feature 12 | moyenne=3.500000000000 | échelle=0.500000000000 | coefficient=0.376191316605
  feature 13 | moyenne=0.949264959763 | échelle=0.079010446871 | coefficient=-0.025134361636
  feature 14 | moyenne=0.582261567045 | échelle=0.058577548766 | coefficient=-0.241844676043
  feature 15 | moyenne=1.119000801425 | échelle=0.206257568401 | coefficient=-0.181050245884
  feature 16 | moyenne=1.018289844557 | échelle=0.125272809326 | coefficient=-0.088155018545
  feature 17 | moyenne=0.414456068839 | échelle=0.182566858755 | coefficient=-0.015292329130
  feature 18 | moyenne=0.792278776477 | échelle=0.115791966388 | coefficient=0.339050210967

U_8 — SK4 — BASELINE + δ + δ̄ + s2 + s3 + s4 (full exact spectral baseline)
  intercept : 0.000000000000
  feature 00 | moyenne=0.684585216287 | échelle=0.165035887851 | coefficient=-0.201848416004
  feature 01 | moyenne=1.370163405695 | échelle=0.218393266632 | coefficient=0.174630116739
  feature 02 | moyenne=0.685315118370 | échelle=0.162773099122 | coefficient=-0.149899738285
  feature 03 | moyenne=1.371348308688 | échelle=0.215275035740 | coefficient=0.058267763559
  feature 04 | moyenne=0.500235416667 | échelle=0.152237895646 | coefficient=0.003694976893
  feature 05 | moyenne=0.943681250000 | échelle=0.118899885506 | coefficient=0.063856103849
  feature 06 | moyenne=1.868463781805 | échelle=0.406820672262 | coefficient=0.293662671129
  feature 07 | moyenne=3.447767590866 | échelle=0.789924442428 | coefficient=-0.174062874965
  feature 08 | moyenne=0.500372916667 | échelle=0.150700591322 | coefficient=0.012151365933
  feature 09 | moyenne=0.944254166667 | échelle=0.117200220347 | coefficient=0.077143178085
  feature 10 | moyenne=1.869216539451 | échelle=0.403996767230 | coefficient=0.226713182005
  feature 11 | moyenne=3.449445680914 | échelle=0.785795970142 | coefficient=-0.013819945199
  feature 12 | moyenne=3.500000000000 | échelle=0.500000000000 | coefficient=0.269609608413
  feature 13 | moyenne=0.949264959763 | échelle=0.079010446871 | coefficient=-0.027560665643
  feature 14 | moyenne=0.582261567045 | échelle=0.058577548766 | coefficient=-0.287503176101
  feature 15 | moyenne=1.119000801425 | échelle=0.206257568401 | coefficient=-0.124579135707
  feature 16 | moyenne=1.018289844557 | échelle=0.125272809326 | coefficient=-0.039805487003
  feature 17 | moyenne=1.027588390308 | échelle=0.094908096148 | coefficient=-0.157584693563

U_8 — SKT4 — BASELINE + δ + δ̄ + s2 + s3 + s4 + O1 + O2 (full model)
  intercept : 0.000000000000
  feature 00 | moyenne=0.684585216287 | échelle=0.165035887851 | coefficient=-0.194237277896
  feature 01 | moyenne=1.370163405695 | échelle=0.218393266632 | coefficient=0.011905807161
  feature 02 | moyenne=0.685315118370 | échelle=0.162773099122 | coefficient=-0.170052529211
  feature 03 | moyenne=1.371348308688 | échelle=0.215275035740 | coefficient=-0.052168046077
  feature 04 | moyenne=0.500235416667 | échelle=0.152237895646 | coefficient=0.086972820739
  feature 05 | moyenne=0.943681250000 | échelle=0.118899885506 | coefficient=0.009483812217
  feature 06 | moyenne=1.868463781805 | échelle=0.406820672262 | coefficient=0.046821674621
  feature 07 | moyenne=3.447767590866 | échelle=0.789924442428 | coefficient=0.097245269091
  feature 08 | moyenne=0.500372916667 | échelle=0.150700591322 | coefficient=0.088637577688
  feature 09 | moyenne=0.944254166667 | échelle=0.117200220347 | coefficient=0.020443529439
  feature 10 | moyenne=1.869216539451 | échelle=0.403996767230 | coefficient=0.034827572390
  feature 11 | moyenne=3.449445680914 | échelle=0.785795970142 | coefficient=0.160852578164
  feature 12 | moyenne=3.500000000000 | échelle=0.500000000000 | coefficient=0.265628946593
  feature 13 | moyenne=0.949264959763 | échelle=0.079010446871 | coefficient=-0.030825813825
  feature 14 | moyenne=0.582261567045 | échelle=0.058577548766 | coefficient=-0.231923575069
  feature 15 | moyenne=1.119000801425 | échelle=0.206257568401 | coefficient=-0.116230939180
  feature 16 | moyenne=1.018289844557 | échelle=0.125272809326 | coefficient=-0.038894481703
  feature 17 | moyenne=1.027588390308 | échelle=0.094908096148 | coefficient=-0.148216909725
  feature 18 | moyenne=0.414456068839 | échelle=0.182566858755 | coefficient=-0.008644940661
  feature 19 | moyenne=0.792278776477 | échelle=0.115791966388 | coefficient=0.329024972238

=== TDI-5.9A/C — SKT4 vs SK4 à U_3 — métriques et intervalles bootstrap (Section 18, items 14-15) ===
  bloc Y — référence — espace U standardisé
  MSE                    : 0.336782890805
  MAE                    : 0.449725812326
  R²                     : 0.667705944284
  Spearman               : 0.799133620135
  biais                  : -0.000935833660
  moyenne observée       : -0.001001062110
  moyenne prédite        : -0.001936895770
  calibration intercept  : 0.000949053064
  calibration pente      : 1.006825046824
  fraction borne basse   : 0.000000000000
  fraction borne haute   : 0.000000000000
  bloc Y — challenger — espace U standardisé
  MSE                    : 0.180560610230
  MAE                    : 0.326741180561
  R²                     : 0.821846004907
  Spearman               : 0.903881311490
  biais                  : -0.004086850389
  moyenne observée       : -0.001001062110
  moyenne prédite        : -0.005087912499
  calibration intercept  : 0.004071333156
  calibration pente      : 0.996950176947
  fraction borne basse   : 0.000000000000
  fraction borne haute   : 0.000000000000
  bloc Y — référence — espace O reconstruit
  MSE                    : 0.001864645140
  MAE                    : 0.024534212812
  R²                     : 0.675729158667
  Spearman               : 0.799133620342
  biais                  : 0.006101401118
  moyenne observée       : 0.923702137152
  moyenne prédite        : 0.929803538270
  calibration intercept  : -0.028819739626
  calibration pente      : 1.024433482529
  fraction borne basse   : 0.000300000000
  fraction borne haute   : 0.000000000000
  bloc Y — challenger — espace O reconstruit
  MSE                    : 0.001550377716
  MAE                    : 0.018646470479
  R²                     : 0.730381789337
  Spearman               : 0.903881234861
  biais                  : 0.000695990211
  moyenne observée       : 0.923702137152
  moyenne prédite        : 0.924398127363
  calibration intercept  : 0.220306049229
  calibration pente      : 0.760923315509
  fraction borne basse   : 0.002400000000
  fraction borne haute   : 0.000000000000

  bloc Y — intervalles bootstrap appariés
  IC 95 % amélioration MSE U3 standardisée: [0.146922904, 0.165345939] (médiane 0.156329547)
  IC 95 % amélioration MSE O3 reconstruite: [0.000013461, 0.000590482] (médiane 0.000315034)
  IC 95 % amélioration MAE O3 reconstruite: [0.005219703, 0.006533251] (médiane 0.005891745)
  IC 95 % réduction relative MSE U3 standardisée: [0.446706087, 0.479908304] (médiane 0.463983287)
  bloc Z — référence — espace U standardisé
  MSE                    : 0.341951370438
  MAE                    : 0.451381709857
  R²                     : 0.662929464462
  Spearman               : 0.793123435386
  biais                  : -0.002875088686
  moyenne observée       : -0.001618767763
  moyenne prédite        : -0.004493856449
  calibration intercept  : 0.002884845720
  calibration pente      : 1.002171194074
  fraction borne basse   : 0.000000000000
  fraction borne haute   : 0.000000000000
  bloc Z — challenger — espace U standardisé
  MSE                    : 0.178083280598
  MAE                    : 0.326765792145
  R²                     : 0.824458586949
  Spearman               : 0.903097308642
  biais                  : -0.000879348057
  moyenne observée       : -0.001618767763
  moyenne prédite        : -0.002498115820
  calibration intercept  : 0.000869999143
  calibration pente      : 0.996257613882
  fraction borne basse   : 0.000000000000
  fraction borne haute   : 0.000000000000
  bloc Z — référence — espace O reconstruit
  MSE                    : 0.001988760784
  MAE                    : 0.024870791861
  R²                     : 0.662752525261
  Spearman               : 0.793123435386
  biais                  : 0.006216248023
  moyenne observée       : 0.923256415144
  moyenne prédite        : 0.929472663167
  calibration intercept  : -0.059811361833
  calibration pente      : 1.057661850568
  fraction borne basse   : 0.000000000000
  fraction borne haute   : 0.000000000000
  bloc Z — challenger — espace O reconstruit
  MSE                    : 0.001621557961
  MAE                    : 0.018880089857
  R²                     : 0.725021565341
  Spearman               : 0.903097284641
  biais                  : 0.000779838965
  moyenne observée       : 0.923256415144
  moyenne prédite        : 0.924036254109
  calibration intercept  : 0.220924567817
  calibration pente      : 0.760069579742
  fraction borne basse   : 0.002800000000
  fraction borne haute   : 0.000000000000

  bloc Z — intervalles bootstrap appariés
  IC 95 % amélioration MSE U3 standardisée: [0.154567164, 0.173466400] (médiane 0.164164132)
  IC 95 % amélioration MSE O3 reconstruite: [0.000059144, 0.000657451] (médiane 0.000372002)
  IC 95 % amélioration MAE O3 reconstruite: [0.005270536, 0.006686276] (médiane 0.006004017)
  IC 95 % réduction relative MSE U3 standardisée: [0.463111530, 0.494438599] (médiane 0.479446927)
  bloc AA — référence — espace U standardisé
  MSE                    : 0.332890967928
  MAE                    : 0.446476828357
  R²                     : 0.673040377024
  Spearman               : 0.797597238339
  biais                  : 0.002812120096
  moyenne observée       : -0.012493236157
  moyenne prédite        : -0.009681116061
  calibration intercept  : -0.002872741794
  calibration pente      : 0.993738149875
  fraction borne basse   : 0.000000000000
  fraction borne haute   : 0.000000000000
  bloc AA — challenger — espace U standardisé
  MSE                    : 0.171709530807
  MAE                    : 0.321308427510
  R²                     : 0.831349934774
  Spearman               : 0.904033644845
  biais                  : -0.001764000572
  moyenne observée       : -0.012493236157
  moyenne prédite        : -0.014257236729
  calibration intercept  : 0.001639357873
  calibration pente      : 0.991257583635
  fraction borne basse   : 0.000000000000
  fraction borne haute   : 0.000000000000
  bloc AA — référence — espace O reconstruit
  MSE                    : 0.002179482094
  MAE                    : 0.025255864209
  R²                     : 0.645017585278
  Spearman               : 0.797597237760
  biais                  : 0.006124084358
  moyenne observée       : 0.922248253841
  moyenne prédite        : 0.928372338199
  calibration intercept  : -0.003368946557
  calibration pente      : 0.997032292230
  fraction borne basse   : 0.000200000000
  fraction borne haute   : 0.000000000000
  bloc AA — challenger — espace O reconstruit
  MSE                    : 0.001612720929
  MAE                    : 0.018844540423
  R²                     : 0.737328619843
  Spearman               : 0.904033613878
  biais                  : 0.000544987620
  moyenne observée       : 0.922248253841
  moyenne prédite        : 0.922793241461
  calibration intercept  : 0.214675606315
  calibration pente      : 0.766772680742
  fraction borne basse   : 0.002800000000
  fraction borne haute   : 0.000000000000

  bloc AA — intervalles bootstrap appariés
  IC 95 % amélioration MSE U3 standardisée: [0.152842187, 0.170128827] (médiane 0.161337498)
  IC 95 % amélioration MSE O3 reconstruite: [0.000246974, 0.000865667] (médiane 0.000571283)
  IC 95 % amélioration MAE O3 reconstruite: [0.005692503, 0.007100461] (médiane 0.006428678)
  IC 95 % réduction relative MSE U3 standardisée: [0.469450228, 0.498781270] (médiane 0.484482212)
  agrégat — référence — espace U standardisé
  MSE                    : 0.337208409724
  MAE                    : 0.449194783513
  R²                     : 0.667907285910
  Spearman               : 0.796651624748
  biais                  : -0.000332934083
  moyenne observée       : -0.005037688677
  moyenne prédite        : -0.005370622760
  calibration intercept  : 0.000337383577
  calibration pente      : 1.000828487519
  fraction borne basse   : 0.000000000000
  fraction borne haute   : 0.000000000000
  agrégat — challenger — espace U standardisé
  MSE                    : 0.176784473878
  MAE                    : 0.324938466739
  R²                     : 0.825897474540
  Spearman               : 0.903684217946
  biais                  : -0.002243399673
  moyenne observée       : -0.005037688677
  moyenne prédite        : -0.007281088349
  calibration intercept  : 0.002205480244
  calibration pente      : 0.994792065906
  fraction borne basse   : 0.000000000000
  fraction borne haute   : 0.000000000000
  agrégat — référence — espace O reconstruit
  MSE                    : 0.002010962673
  MAE                    : 0.024886956294
  R²                     : 0.660847113467
  Spearman               : 0.796660507924
  biais                  : 0.006147244500
  moyenne observée       : 0.923068935379
  moyenne prédite        : 0.929216179879
  calibration intercept  : -0.029455955734
  calibration pente      : 1.025084271819
  fraction borne basse   : 0.000166666667
  fraction borne haute   : 0.000000000000
  agrégat — challenger — espace O reconstruit
  MSE                    : 0.001594885535
  MAE                    : 0.018790366920
  R²                     : 0.731019356936
  Spearman               : 0.903681561453
  biais                  : 0.000673605599
  moyenne observée       : 0.923068935379
  moyenne prédite        : 0.923742540978
  calibration intercept  : 0.218575252117
  calibration pente      : 0.762651552798
  fraction borne basse   : 0.002666666667
  fraction borne haute   : 0.000000000000

  agrégat — intervalles bootstrap stratifiés
  IC 95 % amélioration MSE U3 standardisée: [0.155188584, 0.165800380] (médiane 0.160372982)
  IC 95 % amélioration MSE O3 reconstruite: [0.000241678, 0.000586201] (médiane 0.000417029)
  IC 95 % amélioration MAE O3 reconstruite: [0.005694259, 0.006501873] (médiane 0.006096103)
  IC 95 % réduction relative MSE U3 standardisée: [0.466373811, 0.484929448] (médiane 0.475615531)

=== TDI-5.9A/C — SKT4 vs SK4 à U_4 — métriques et intervalles bootstrap (Section 18, items 14-15) ===
  bloc Y — référence — espace U standardisé
  MSE                    : 0.283501007043
  MAE                    : 0.410186759188
  R²                     : 0.718075609852
  Spearman               : 0.832440756799
  biais                  : -0.004713095651
  moyenne observée       : 0.002491322355
  moyenne prédite        : -0.002221773296
  calibration intercept  : 0.004716836524
  calibration pente      : 1.001683732829
  fraction borne basse   : 0.000000000000
  fraction borne haute   : 0.000000000000
  bloc Y — challenger — espace U standardisé
  MSE                    : 0.183366041625
  MAE                    : 0.330020304558
  R²                     : 0.817653700782
  Spearman               : 0.896407005786
  biais                  : -0.007167440321
  moyenne observée       : 0.002491322355
  moyenne prédite        : -0.004676117966
  calibration intercept  : 0.007141317280
  calibration pente      : 0.994413519680
  fraction borne basse   : 0.000000000000
  fraction borne haute   : 0.000000000000
  bloc Y — référence — espace O reconstruit
  MSE                    : 0.001014210338
  MAE                    : 0.012932209811
  R²                     : 0.660928438339
  Spearman               : 0.832440756932
  biais                  : 0.003553150916
  moyenne observée       : 0.968645856779
  moyenne prédite        : 0.972199007695
  calibration intercept  : 0.036310494722
  calibration pente      : 0.958996413983
  fraction borne basse   : 0.000400000000
  fraction borne haute   : 0.000000000000
  bloc Y — challenger — espace O reconstruit
  MSE                    : 0.001019875451
  MAE                    : 0.011027645787
  R²                     : 0.659034473404
  Spearman               : 0.896407003536
  biais                  : 0.000084159496
  moyenne observée       : 0.968645856779
  moyenne prédite        : 0.968730016275
  calibration intercept  : 0.284289032891
  calibration pente      : 0.706447423318
  fraction borne basse   : 0.001900000000
  fraction borne haute   : 0.000000000000

  bloc Y — intervalles bootstrap appariés
  IC 95 % amélioration MSE U4 standardisée: [0.093330520, 0.107103306] (médiane 0.100138595)
  IC 95 % amélioration MSE O4 reconstruite: [-0.000241365, 0.000207506] (médiane -0.000003681)
  IC 95 % amélioration MAE O4 reconstruite: [0.001437232, 0.002363722] (médiane 0.001900866)
  IC 95 % réduction relative MSE U4 standardisée: [0.335483151, 0.369882212] (médiane 0.353247443)
  bloc Z — référence — espace U standardisé
  MSE                    : 0.289479101444
  MAE                    : 0.413130276059
  R²                     : 0.714529594855
  Spearman               : 0.826857216352
  biais                  : -0.001686296944
  moyenne observée       : -0.004111640978
  moyenne prédite        : -0.005797937922
  calibration intercept  : 0.001687345921
  calibration pente      : 1.000180922458
  fraction borne basse   : 0.000000000000
  fraction borne haute   : 0.000000000000
  bloc Z — challenger — espace U standardisé
  MSE                    : 0.182542225065
  MAE                    : 0.329699403762
  R²                     : 0.819985613174
  Spearman               : 0.894829303945
  biais                  : -0.000202327508
  moyenne observée       : -0.004111640978
  moyenne prédite        : -0.004313968486
  calibration intercept  : 0.000188865649
  calibration pente      : 0.996879471967
  fraction borne basse   : 0.000000000000
  fraction borne haute   : 0.000000000000
  bloc Z — référence — espace O reconstruit
  MSE                    : 0.001123127429
  MAE                    : 0.013418735324
  R²                     : 0.643170487130
  Spearman               : 0.826857216352
  biais                  : 0.004049596172
  moyenne observée       : 0.967862167163
  moyenne prédite        : 0.971911763334
  calibration intercept  : -0.044441607016
  calibration pente      : 1.041559339405
  fraction borne basse   : 0.000100000000
  fraction borne haute   : 0.000000000000
  bloc Z — challenger — espace O reconstruit
  MSE                    : 0.001098958721
  MAE                    : 0.011361786885
  R²                     : 0.650849142439
  Spearman               : 0.894829282147
  biais                  : 0.000436575802
  moyenne observée       : 0.967862167163
  moyenne prédite        : 0.968298742964
  calibration intercept  : 0.275452489442
  calibration pente      : 0.715078567180
  fraction borne basse   : 0.002000000000
  fraction borne haute   : 0.000000000000

  bloc Z — intervalles bootstrap appariés
  IC 95 % amélioration MSE U4 standardisée: [0.099534408, 0.114355672] (médiane 0.107145013)
  IC 95 % amélioration MSE O4 reconstruite: [-0.000253174, 0.000299347] (médiane 0.000028470)
  IC 95 % amélioration MAE O4 reconstruite: [0.001522656, 0.002597755] (médiane 0.002063867)
  IC 95 % réduction relative MSE U4 standardisée: [0.352209794, 0.386003984] (médiane 0.369723287)
  bloc AA — référence — espace U standardisé
  MSE                    : 0.281701114314
  MAE                    : 0.410609857481
  R²                     : 0.725053819114
  Spearman               : 0.831653663555
  biais                  : -0.000753932589
  moyenne observée       : -0.010538554797
  moyenne prédite        : -0.011292487386
  calibration intercept  : 0.000706185141
  calibration pente      : 0.995771751041
  fraction borne basse   : 0.000000000000
  fraction borne haute   : 0.000000000000
  bloc AA — challenger — espace U standardisé
  MSE                    : 0.178200041475
  MAE                    : 0.325260077683
  R²                     : 0.826073031494
  Spearman               : 0.897559133821
  biais                  : -0.004663385482
  moyenne observée       : -0.010538554797
  moyenne prédite        : -0.015201940280
  calibration intercept  : 0.004552035362
  calibration pente      : 0.992675269186
  fraction borne basse   : 0.000000000000
  fraction borne haute   : 0.000000000000
  bloc AA — référence — espace O reconstruit
  MSE                    : 0.001318783387
  MAE                    : 0.013736953966
  R²                     : 0.598561150928
  Spearman               : 0.831653662105
  biais                  : 0.003801051965
  moyenne observée       : 0.967474978985
  moyenne prédite        : 0.971276030951
  calibration intercept  : 0.068949514162
  calibration pente      : 0.925097949699
  fraction borne basse   : 0.000500000000
  fraction borne haute   : 0.000000000000
  bloc AA — challenger — espace O reconstruit
  MSE                    : 0.001073714047
  MAE                    : 0.011262330957
  R²                     : 0.673160478169
  Spearman               : 0.897559130541
  biais                  : 0.000125309049
  moyenne observée       : 0.967474978985
  moyenne prédite        : 0.967600288034
  calibration intercept  : 0.268248319135
  calibration pente      : 0.722639987294
  fraction borne basse   : 0.001500000000
  fraction borne haute   : 0.000000000000

  bloc AA — intervalles bootstrap appariés
  IC 95 % amélioration MSE U4 standardisée: [0.096855149, 0.110417309] (médiane 0.103523020)
  IC 95 % amélioration MSE O4 reconstruite: [-0.000044975, 0.000511030] (médiane 0.000245450)
  IC 95 % amélioration MAE O4 reconstruite: [0.001919389, 0.003016470] (médiane 0.002481896)
  IC 95 % réduction relative MSE U4 standardisée: [0.350649517, 0.384209074] (médiane 0.367520608)
  agrégat — référence — espace U standardisé
  MSE                    : 0.284893740934
  MAE                    : 0.411308964243
  R²                     : 0.719250851990
  Spearman               : 0.830334890865
  biais                  : -0.002384441728
  moyenne observée       : -0.004052957807
  moyenne prédite        : -0.006437399535
  calibration intercept  : 0.002379135861
  calibration pente      : 0.999175774830
  fraction borne basse   : 0.000000000000
  fraction borne haute   : 0.000000000000
  agrégat — challenger — espace U standardisé
  MSE                    : 0.181369436055
  MAE                    : 0.328326595335
  R²                     : 0.821269100260
  Spearman               : 0.896281601159
  biais                  : -0.004011051104
  moyenne observée       : -0.004052957807
  moyenne prédite        : -0.008064008911
  calibration intercept  : 0.003967796093
  calibration pente      : 0.994636041253
  fraction borne basse   : 0.000000000000
  fraction borne haute   : 0.000000000000
  agrégat — référence — espace O reconstruit
  MSE                    : 0.001152040384
  MAE                    : 0.013362633034
  R²                     : 0.633283765029
  Spearman               : 0.830336899293
  biais                  : 0.003801266351
  moyenne observée       : 0.967994334309
  moyenne prédite        : 0.971795600660
  calibration intercept  : 0.024369892678
  calibration pente      : 0.971011230130
  fraction borne basse   : 0.000333333333
  fraction borne haute   : 0.000000000000
  agrégat — challenger — espace O reconstruit
  MSE                    : 0.001064182740
  MAE                    : 0.011217254543
  R²                     : 0.661250514372
  Spearman               : 0.896281584872
  biais                  : 0.000215348116
  moyenne observée       : 0.967994334309
  moyenne prédite        : 0.968209682424
  calibration intercept  : 0.275880338272
  calibration pente      : 0.714838953381
  fraction borne basse   : 0.001800000000
  fraction borne haute   : 0.000000000000

  agrégat — intervalles bootstrap stratifiés
  IC 95 % amélioration MSE U4 standardisée: [0.099454526, 0.107732568] (médiane 0.103507523)
  IC 95 % amélioration MSE O4 reconstruite: [-0.000066554, 0.000239022] (médiane 0.000091115)
  IC 95 % amélioration MAE O4 reconstruite: [0.001837635, 0.002450698] (médiane 0.002149214)
  IC 95 % réduction relative MSE U4 standardisée: [0.353591060, 0.373192382] (médiane 0.363298161)

=== TDI-5.9A/C — SKT4 vs SK4 à U_5 — métriques et intervalles bootstrap (Section 18, items 14-15) ===
  bloc Y — référence — espace U standardisé
  MSE                    : 0.256343979625
  MAE                    : 0.388798388166
  R²                     : 0.745538325862
  Spearman               : 0.847275577627
  biais                  : -0.004179507730
  moyenne observée       : 0.001771895398
  moyenne prédite        : -0.002407612331
  calibration intercept  : 0.004179322883
  calibration pente      : 0.999923224262
  fraction borne basse   : 0.000000000000
  fraction borne haute   : 0.000000000000
  bloc Y — challenger — espace U standardisé
  MSE                    : 0.186101844260
  MAE                    : 0.332152007683
  R²                     : 0.815264680997
  Spearman               : 0.892026704966
  biais                  : -0.006196313921
  moyenne observée       : 0.001771895398
  moyenne prédite        : -0.004424418523
  calibration intercept  : 0.006167239928
  calibration pente      : 0.993428742465
  fraction borne basse   : 0.000000000000
  fraction borne haute   : 0.000000000000
  bloc Y — référence — espace O reconstruit
  MSE                    : 0.000890441948
  MAE                    : 0.007800212552
  R²                     : 0.544837755277
  Spearman               : 0.847275573797
  biais                  : 0.001913426138
  moyenne observée       : 0.984878864945
  moyenne prédite        : 0.986792291083
  calibration intercept  : 0.232886879029
  calibration pente      : 0.762057013123
  fraction borne basse   : 0.000700000000
  fraction borne haute   : 0.000000000000
  bloc Y — challenger — espace O reconstruit
  MSE                    : 0.001024877173
  MAE                    : 0.007277240282
  R²                     : 0.476119250746
  Spearman               : 0.892026696715
  biais                  : -0.000463726424
  moyenne observée       : 0.984878864945
  moyenne prédite        : 0.984415138520
  calibration intercept  : 0.376209243433
  calibration pente      : 0.618305832260
  fraction borne basse   : 0.002400000000
  fraction borne haute   : 0.000000000000

  bloc Y — intervalles bootstrap appariés
  IC 95 % amélioration MSE U5 standardisée: [0.064489806, 0.076090940] (médiane 0.070210745)
  IC 95 % amélioration MSE O5 reconstruite: [-0.000375524, 0.000088653] (médiane -0.000131700)
  IC 95 % amélioration MAE O5 reconstruite: [0.000129084, 0.000901769] (médiane 0.000526843)
  IC 95 % réduction relative MSE U5 standardisée: [0.255643290, 0.291288390] (médiane 0.274213738)
  bloc Z — référence — espace U standardisé
  MSE                    : 0.259811845591
  MAE                    : 0.391810883204
  R²                     : 0.744779396520
  Spearman               : 0.844707893487
  biais                  : 0.001832789031
  moyenne observée       : -0.008551270965
  moyenne prédite        : -0.006718481934
  calibration intercept  : -0.001821356444
  calibration pente      : 1.001701662213
  fraction borne basse   : 0.000000000000
  fraction borne haute   : 0.000000000000
  bloc Z — challenger — espace U standardisé
  MSE                    : 0.184488059605
  MAE                    : 0.331740962729
  R²                     : 0.818772104867
  Spearman               : 0.892036313977
  biais                  : 0.003006267283
  moyenne observée       : -0.008551270965
  moyenne prédite        : -0.005545003682
  calibration intercept  : -0.003012557427
  calibration pente      : 0.998865619591
  fraction borne basse   : 0.000000000000
  fraction borne haute   : 0.000000000000
  bloc Z — référence — espace O reconstruit
  MSE                    : 0.000905286233
  MAE                    : 0.008212951802
  R²                     : 0.560696156617
  Spearman               : 0.844707893520
  biais                  : 0.002501554434
  moyenne observée       : 0.984208298462
  moyenne prédite        : 0.986709852896
  calibration intercept  : 0.127604166579
  calibration pente      : 0.868141864975
  fraction borne basse   : 0.000200000000
  fraction borne haute   : 0.000000000000
  bloc Z — challenger — espace O reconstruit
  MSE                    : 0.000921276335
  MAE                    : 0.007409909722
  R²                     : 0.552936717286
  Spearman               : 0.892036293688
  biais                  : 0.000054233987
  moyenne observée       : 0.984208298462
  moyenne prédite        : 0.984262532449
  calibration intercept  : 0.334793613182
  calibration pente      : 0.659798238651
  fraction borne basse   : 0.001900000000
  fraction borne haute   : 0.000000000000

  bloc Z — intervalles bootstrap appariés
  IC 95 % amélioration MSE U5 standardisée: [0.069165930, 0.081546506] (médiane 0.075449917)
  IC 95 % amélioration MSE O5 reconstruite: [-0.000311589, 0.000289401] (médiane -0.000014103)
  IC 95 % amélioration MAE O5 reconstruite: [0.000350940, 0.001269099] (médiane 0.000808042)
  IC 95 % réduction relative MSE U5 standardisée: [0.272159158, 0.307981460] (médiane 0.290181420)
  bloc AA — référence — espace U standardisé
  MSE                    : 0.257044782550
  MAE                    : 0.390837207574
  R²                     : 0.751803720679
  Spearman               : 0.848411577620
  biais                  : 0.002154945645
  moyenne observée       : -0.014404677102
  moyenne prédite        : -0.012249731457
  calibration intercept  : -0.002181623788
  calibration pente      : 0.997822144655
  fraction borne basse   : 0.000000000000
  fraction borne haute   : 0.000000000000
  bloc AA — challenger — espace U standardisé
  MSE                    : 0.183111047091
  MAE                    : 0.329778218563
  R²                     : 0.823192363058
  Spearman               : 0.894388582598
  biais                  : -0.001244004012
  moyenne observée       : -0.014404677102
  moyenne prédite        : -0.015648681114
  calibration intercept  : 0.001162567209
  calibration pente      : 0.994795931863
  fraction borne basse   : 0.000000000000
  fraction borne haute   : 0.000000000000
  bloc AA — référence — espace O reconstruit
  MSE                    : 0.001103788729
  MAE                    : 0.008523773669
  R²                     : 0.483475374360
  Spearman               : 0.848411576279
  biais                  : 0.002423961557
  moyenne observée       : 0.983903724395
  moyenne prédite        : 0.986327685952
  calibration intercept  : 0.224940569929
  calibration pente      : 0.769483778339
  fraction borne basse   : 0.000500000000
  fraction borne haute   : 0.000000000000
  bloc AA — challenger — espace O reconstruit
  MSE                    : 0.000843946431
  MAE                    : 0.007344691530
  R²                     : 0.605070152405
  Spearman               : 0.894388580872
  biais                  : -0.000132311901
  moyenne observée       : 0.983903724395
  moyenne prédite        : 0.983771412495
  calibration intercept  : 0.319268959302
  calibration pente      : 0.675598778997
  fraction borne basse   : 0.001500000000
  fraction borne haute   : 0.000000000000

  bloc AA — intervalles bootstrap appariés
  IC 95 % amélioration MSE U5 standardisée: [0.068434609, 0.079801017] (médiane 0.073929666)
  IC 95 % amélioration MSE O5 reconstruite: [-0.000016616, 0.000559728] (médiane 0.000252546)
  IC 95 % amélioration MAE O5 reconstruite: [0.000704050, 0.001652113] (médiane 0.001179605)
  IC 95 % réduction relative MSE U5 standardisée: [0.270541794, 0.304979809] (médiane 0.287695616)
  agrégat — référence — espace U standardisé
  MSE                    : 0.257733535922
  MAE                    : 0.390482159648
  R²                     : 0.747416797024
  Spearman               : 0.846819233614
  biais                  : -0.000063924351
  moyenne observée       : -0.007061350890
  moyenne prédite        : -0.007125275241
  calibration intercept  : 0.000062539097
  calibration pente      : 0.999805585887
  fraction borne basse   : 0.000000000000
  fraction borne haute   : 0.000000000000
  agrégat — challenger — espace U standardisé
  MSE                    : 0.184566983652
  MAE                    : 0.331223729658
  R²                     : 0.819121249675
  Spearman               : 0.892837927443
  biais                  : -0.001478016883
  moyenne observée       : -0.007061350890
  moyenne prédite        : -0.008539367773
  calibration intercept  : 0.001441241525
  calibration pente      : 0.995693433103
  fraction borne basse   : 0.000000000000
  fraction borne haute   : 0.000000000000
  agrégat — référence — espace O reconstruit
  MSE                    : 0.000966505636
  MAE                    : 0.008178979341
  R²                     : 0.528878357471
  Spearman               : 0.846806715421
  biais                  : 0.002279647376
  moyenne observée       : 0.984330295934
  moyenne prédite        : 0.986609943310
  calibration intercept  : 0.200136083177
  calibration pente      : 0.794837126946
  fraction borne basse   : 0.000466666667
  fraction borne haute   : 0.000000000000
  agrégat — challenger — espace O reconstruit
  MSE                    : 0.000930033313
  MAE                    : 0.007343947178
  R²                     : 0.546656733646
  Spearman               : 0.892830067948
  biais                  : -0.000180601446
  moyenne observée       : 0.984330295934
  moyenne prédite        : 0.984149694488
  calibration intercept  : 0.344234152240
  calibration pente      : 0.650405265865
  fraction borne basse   : 0.001933333333
  fraction borne haute   : 0.000000000000

  agrégat — intervalles bootstrap stratifiés
  IC 95 % amélioration MSE U5 standardisée: [0.069763704, 0.076596472] (médiane 0.073186563)
  IC 95 % amélioration MSE O5 reconstruite: [-0.000115851, 0.000194213] (médiane 0.000037651)
  IC 95 % amélioration MAE O5 reconstruite: [0.000582399, 0.001089267] (médiane 0.000838397)
  IC 95 % réduction relative MSE U5 standardisée: [0.273443380, 0.293987627] (médiane 0.283759009)

=== TDI-5.9A/C — SKT4 vs SK4 à U_6 — métriques et intervalles bootstrap (Section 18, items 14-15) ===
  bloc Y — référence — espace U standardisé
  MSE                    : 0.237661772392
  MAE                    : 0.372727346305
  R²                     : 0.762503201838
  Spearman               : 0.857011929116
  biais                  : -0.005502289025
  moyenne observée       : 0.003019733208
  moyenne prédite        : -0.002482555817
  calibration intercept  : 0.005492200116
  calibration pente      : 0.995936079660
  fraction borne basse   : 0.000000000000
  fraction borne haute   : 0.000000000000
  bloc Y — challenger — espace U standardisé
  MSE                    : 0.184717869799
  MAE                    : 0.329950364281
  R²                     : 0.815410353129
  Spearman               : 0.890732244939
  biais                  : -0.007222085157
  moyenne observée       : 0.003019733208
  moyenne prédite        : -0.004202351949
  calibration intercept  : 0.007180622061
  calibration pente      : 0.990133359621
  fraction borne basse   : 0.000000000000
  fraction borne haute   : 0.000000000000
  bloc Y — référence — espace O reconstruit
  MSE                    : 0.000863248576
  MAE                    : 0.005269971691
  R²                     : 0.402585183342
  Spearman               : 0.857011927066
  biais                  : 0.000757943853
  moyenne observée       : 0.991536918548
  moyenne prédite        : 0.992294862401
  calibration intercept  : 0.355774779723
  calibration pente      : 0.640698811325
  fraction borne basse   : 0.001100000000
  fraction borne haute   : 0.000000000000
  bloc Y — challenger — espace O reconstruit
  MSE                    : 0.001141642014
  MAE                    : 0.005296343982
  R²                     : 0.209921831194
  Spearman               : 0.890732245805
  biais                  : -0.001041397336
  moyenne observée       : 0.991536918548
  moyenne prédite        : 0.990495521212
  calibration intercept  : 0.455224906381
  calibration pente      : 0.541458291008
  fraction borne basse   : 0.002800000000
  fraction borne haute   : 0.000000000000

  bloc Y — intervalles bootstrap appariés
  IC 95 % amélioration MSE U6 standardisée: [0.047921649, 0.058060125] (médiane 0.052948249)
  IC 95 % amélioration MSE O6 reconstruite: [-0.000523411, -0.000063776] (médiane -0.000271686)
  IC 95 % amélioration MAE O6 reconstruite: [-0.000387549, 0.000317655] (médiane -0.000023134)
  IC 95 % réduction relative MSE U6 standardisée: [0.204518305, 0.239910170] (médiane 0.222890380)
  bloc Z — référence — espace U standardisé
  MSE                    : 0.240344830958
  MAE                    : 0.376006960999
  R²                     : 0.764799129453
  Spearman               : 0.856017423252
  biais                  : 0.004898007637
  moyenne observée       : -0.012198790176
  moyenne prédite        : -0.007300782539
  calibration intercept  : -0.004874312765
  calibration pente      : 1.003245524917
  fraction borne basse   : 0.000000000000
  fraction borne haute   : 0.000000000000
  bloc Z — challenger — espace U standardisé
  MSE                    : 0.182857306457
  MAE                    : 0.328681766703
  R²                     : 0.821056281955
  Spearman               : 0.891814256439
  biais                  : 0.005867579280
  moyenne observée       : -0.012198790176
  moyenne prédite        : -0.006331210897
  calibration intercept  : -0.005861025062
  calibration pente      : 1.001035223504
  fraction borne basse   : 0.000000000000
  fraction borne haute   : 0.000000000000
  bloc Z — référence — espace O reconstruit
  MSE                    : 0.000940620506
  MAE                    : 0.005639379455
  R²                     : 0.383414746791
  Spearman               : 0.856017412926
  biais                  : 0.001288961767
  moyenne observée       : 0.990921374850
  moyenne prédite        : 0.992210336617
  calibration intercept  : 0.321682862027
  calibration pente      : 0.674492582998
  fraction borne basse   : 0.000600000000
  fraction borne haute   : 0.000000000000
  bloc Z — challenger — espace O reconstruit
  MSE                    : 0.000963188232
  MAE                    : 0.005274864816
  R²                     : 0.368621398305
  Spearman               : 0.891814223691
  biais                  : -0.000464049484
  moyenne observée       : 0.990921374850
  moyenne prédite        : 0.990457325366
  calibration intercept  : 0.408511211742
  calibration pente      : 0.588021460584
  fraction borne basse   : 0.002000000000
  fraction borne haute   : 0.000000000000

  bloc Z — intervalles bootstrap appariés
  IC 95 % amélioration MSE U6 standardisée: [0.052061458, 0.062766655] (médiane 0.057616598)
  IC 95 % amélioration MSE O6 reconstruite: [-0.000314540, 0.000291699] (médiane -0.000021850)
  IC 95 % amélioration MAE O6 reconstruite: [-0.000051932, 0.000795517] (médiane 0.000370018)
  IC 95 % réduction relative MSE U6 standardisée: [0.221559732, 0.256463894] (médiane 0.239373798)
  bloc AA — référence — espace U standardisé
  MSE                    : 0.239373565334
  MAE                    : 0.377309871659
  R²                     : 0.770373014178
  Spearman               : 0.859357955536
  biais                  : 0.003203935692
  moyenne observée       : -0.016114004362
  moyenne prédite        : -0.012910068670
  calibration intercept  : -0.003191725999
  calibration pente      : 1.000945749654
  fraction borne basse   : 0.000000000000
  fraction borne haute   : 0.000000000000
  bloc AA — challenger — espace U standardisé
  MSE                    : 0.182315615567
  MAE                    : 0.329474503839
  R²                     : 0.825107733962
  Spearman               : 0.893601833204
  biais                  : 0.000097118026
  moyenne observée       : -0.016114004362
  moyenne prédite        : -0.016016886336
  calibration intercept  : -0.000127028109
  calibration pente      : 0.998132590661
  fraction borne basse   : 0.000000000000
  fraction borne haute   : 0.000000000000
  bloc AA — référence — espace O reconstruit
  MSE                    : 0.001067518591
  MAE                    : 0.005865206106
  R²                     : 0.307895175807
  Spearman               : 0.859357910950
  biais                  : 0.001338313753
  moyenne observée       : 0.990722832495
  moyenne prédite        : 0.992061146248
  calibration intercept  : 0.370141370097
  calibration pente      : 0.625547593256
  fraction borne basse   : 0.000800000000
  fraction borne haute   : 0.000000000000
  bloc AA — challenger — espace O reconstruit
  MSE                    : 0.000866137783
  MAE                    : 0.005304634565
  R²                     : 0.438456488484
  Spearman               : 0.893601833702
  biais                  : -0.000641963682
  moyenne observée       : 0.990722832495
  moyenne prédite        : 0.990080868813
  calibration intercept  : 0.393741946944
  calibration pente      : 0.602961742172
  fraction borne basse   : 0.001800000000
  fraction borne haute   : 0.000000000000

  bloc AA — intervalles bootstrap appariés
  IC 95 % amélioration MSE U6 standardisée: [0.052274379, 0.062039749] (médiane 0.057069504)
  IC 95 % amélioration MSE O6 reconstruite: [-0.000080123, 0.000513752] (médiane 0.000194020)
  IC 95 % amélioration MAE O6 reconstruite: [0.000121656, 0.001003533] (médiane 0.000563060)
  IC 95 % réduction relative MSE U6 standardisée: [0.222366381, 0.254869455] (médiane 0.238408951)
  agrégat — référence — espace U standardisé
  MSE                    : 0.239126722895
  MAE                    : 0.375348059655
  R²                     : 0.765960878144
  Spearman               : 0.857478250746
  biais                  : 0.000866551435
  moyenne observée       : -0.008431020443
  moyenne prédite        : -0.007564469009
  calibration intercept  : -0.000865921066
  calibration pente      : 1.000083332888
  fraction borne basse   : 0.000000000000
  fraction borne haute   : 0.000000000000
  agrégat — challenger — espace U standardisé
  MSE                    : 0.183296930608
  MAE                    : 0.329368878274
  R²                     : 0.820602849573
  Spearman               : 0.892105837251
  biais                  : -0.000419129284
  moyenne observée       : -0.008431020443
  moyenne prédite        : -0.008850149727
  calibration intercept  : 0.000387897752
  calibration pente      : 0.996471073111
  fraction borne basse   : 0.000000000000
  fraction borne haute   : 0.000000000000
  agrégat — référence — espace O reconstruit
  MSE                    : 0.000957129224
  MAE                    : 0.005591519084
  R²                     : 0.363792652222
  Spearman               : 0.857456320123
  biais                  : 0.001128406458
  moyenne observée       : 0.991060375298
  moyenne prédite        : 0.992188781755
  calibration intercept  : 0.350428788520
  calibration pente      : 0.645675095866
  fraction borne basse   : 0.000833333333
  fraction borne haute   : 0.000000000000
  agrégat — challenger — espace O reconstruit
  MSE                    : 0.000990322676
  MAE                    : 0.005291947788
  R²                     : 0.341728841558
  Spearman               : 0.892093751452
  biais                  : -0.000715803501
  moyenne observée       : 0.991060375298
  moyenne prédite        : 0.990344571797
  calibration intercept  : 0.420593993495
  calibration pente      : 0.576028180542
  fraction borne basse   : 0.002200000000
  fraction borne haute   : 0.000000000000

  agrégat — intervalles bootstrap stratifiés
  IC 95 % amélioration MSE U6 standardisée: [0.052845613, 0.058793353] (médiane 0.055825167)
  IC 95 % amélioration MSE O6 reconstruite: [-0.000191301, 0.000123083] (médiane -0.000030323)
  IC 95 % amélioration MAE O6 reconstruite: [0.000065560, 0.000527642] (médiane 0.000304104)
  IC 95 % réduction relative MSE U6 standardisée: [0.223244018, 0.243197548] (médiane 0.233409332)

=== TDI-5.9A/C — SKT4 vs SK4 à U_7 — métriques et intervalles bootstrap (Section 18, items 14-15) ===
  bloc Y — référence — espace U standardisé
  MSE                    : 0.225479668374
  MAE                    : 0.363201760141
  R²                     : 0.773761879660
  Spearman               : 0.862766997433
  biais                  : -0.006849331010
  moyenne observée       : 0.004296796464
  moyenne prédite        : -0.002552534546
  calibration intercept  : 0.006833822624
  calibration pente      : 0.993924319031
  fraction borne basse   : 0.000000000000
  fraction borne haute   : 0.000000000000
  bloc Y — challenger — espace U standardisé
  MSE                    : 0.184214015601
  MAE                    : 0.328677068564
  R²                     : 0.815166338808
  Spearman               : 0.889019402768
  biais                  : -0.008359151818
  moyenne observée       : 0.004296796464
  moyenne prédite        : -0.004062355354
  calibration intercept  : 0.008312863851
  calibration pente      : 0.988605633353
  fraction borne basse   : 0.000000000000
  fraction borne haute   : 0.000000000000
  bloc Y — référence — espace O reconstruit
  MSE                    : 0.000970544753
  MAE                    : 0.004050155031
  R²                     : 0.150605289039
  Spearman               : 0.862766998167
  biais                  : -0.000092084707
  moyenne observée       : 0.994541901125
  moyenne prédite        : 0.994449816418
  calibration intercept  : 0.459212064184
  calibration pente      : 0.538317598437
  fraction borne basse   : 0.001400000000
  fraction borne haute   : 0.000000000000
  bloc Y — challenger — espace O reconstruit
  MSE                    : 0.001300189497
  MAE                    : 0.004303134446
  R²                     : -0.137890939971
  Spearman               : 0.889019409723
  biais                  : -0.001488459448
  moyenne observée       : 0.994541901125
  moyenne prédite        : 0.993053441677
  calibration intercept  : 0.519484670851
  calibration pente      : 0.478380327116
  fraction borne basse   : 0.002800000000
  fraction borne haute   : 0.000000000000

  bloc Y — intervalles bootstrap appariés
  IC 95 % amélioration MSE U7 standardisée: [0.036770156, 0.045731479] (médiane 0.041275289)
  IC 95 % amélioration MSE O7 reconstruite: [-0.000644938, -0.000038797] (médiane -0.000322200)
  IC 95 % amélioration MAE O7 reconstruite: [-0.000641953, 0.000119333] (médiane -0.000248645)
  IC 95 % réduction relative MSE U7 standardisée: [0.165437305, 0.199866087] (médiane 0.183210847)
  bloc Z — référence — espace U standardisé
  MSE                    : 0.229002810555
  MAE                    : 0.366826148058
  R²                     : 0.775839593038
  Spearman               : 0.863232947056
  biais                  : 0.004590832857
  moyenne observée       : -0.012334501073
  moyenne prédite        : -0.007743668216
  calibration intercept  : -0.004579798204
  calibration pente      : 1.001424990327
  fraction borne basse   : 0.000000000000
  fraction borne haute   : 0.000000000000
  bloc Z — challenger — espace U standardisé
  MSE                    : 0.183912245155
  MAE                    : 0.330376263740
  R²                     : 0.819976691032
  Spearman               : 0.891376224510
  biais                  : 0.005422395543
  moyenne observée       : -0.012334501073
  moyenne prédite        : -0.006912105530
  calibration intercept  : -0.005423310069
  calibration pente      : 0.999867692092
  fraction borne basse   : 0.000000000000
  fraction borne haute   : 0.000000000000
  bloc Z — référence — espace O reconstruit
  MSE                    : 0.000980292785
  MAE                    : 0.004341968854
  R²                     : 0.187082726561
  Spearman               : 0.863232944070
  biais                  : 0.000405356805
  moyenne observée       : 0.994015160940
  moyenne prédite        : 0.994420517745
  calibration intercept  : 0.434459193450
  calibration pente      : 0.562695517142
  fraction borne basse   : 0.000800000000
  fraction borne haute   : 0.000000000000
  bloc Z — challenger — espace O reconstruit
  MSE                    : 0.001038995320
  MAE                    : 0.004225899724
  R²                     : 0.138403081487
  Spearman               : 0.891376195148
  biais                  : -0.000922653053
  moyenne observée       : 0.994015160940
  moyenne prédite        : 0.993092507887
  calibration intercept  : 0.470132657183
  calibration pente      : 0.527526388122
  fraction borne basse   : 0.002100000000
  fraction borne haute   : 0.000000000000

  bloc Z — intervalles bootstrap appariés
  IC 95 % amélioration MSE U7 standardisée: [0.040446509, 0.049804651] (médiane 0.045179897)
  IC 95 % amélioration MSE O7 reconstruite: [-0.000334476, 0.000229991] (médiane -0.000056675)
  IC 95 % amélioration MAE O7 reconstruite: [-0.000286290, 0.000520019] (médiane 0.000126877)
  IC 95 % réduction relative MSE U7 standardisée: [0.179723122, 0.213775985] (médiane 0.197185092)
  bloc AA — référence — espace U standardisé
  MSE                    : 0.229286994907
  MAE                    : 0.369854764877
  R²                     : 0.780082855053
  Spearman               : 0.864423525312
  biais                  : 0.004778402553
  moyenne observée       : -0.018081560653
  moyenne prédite        : -0.013303158101
  calibration intercept  : -0.004787761289
  calibration pente      : 0.999296502656
  fraction borne basse   : 0.000000000000
  fraction borne haute   : 0.000000000000
  bloc AA — challenger — espace U standardisé
  MSE                    : 0.183473301600
  MAE                    : 0.331142237253
  R²                     : 0.824024364408
  Spearman               : 0.891928315859
  biais                  : 0.001973023451
  moyenne observée       : -0.018081560653
  moyenne prédite        : -0.016108537203
  calibration intercept  : -0.002016162314
  calibration pente      : 0.997321987560
  fraction borne basse   : 0.000000000000
  fraction borne haute   : 0.000000000000
  bloc AA — référence — espace O reconstruit
  MSE                    : 0.001083790053
  MAE                    : 0.004447388507
  R²                     : 0.079965519058
  Spearman               : 0.864423508974
  biais                  : 0.000501547169
  moyenne observée       : 0.993912319765
  moyenne prédite        : 0.994413866933
  calibration intercept  : 0.472544728581
  calibration pente      : 0.524296380532
  fraction borne basse   : 0.001100000000
  fraction borne haute   : 0.000000000000
  bloc AA — challenger — espace O reconstruit
  MSE                    : 0.001008720255
  MAE                    : 0.004277305128
  R²                     : 0.143692624354
  Spearman               : 0.891928196742
  biais                  : -0.001132555817
  moyenne observée       : 0.993912319765
  moyenne prédite        : 0.992779763947
  calibration intercept  : 0.470847290515
  calibration pente      : 0.526869148873
  fraction borne basse   : 0.002000000000
  fraction borne haute   : 0.000000000000

  bloc AA — intervalles bootstrap appariés
  IC 95 % amélioration MSE U7 standardisée: [0.041568178, 0.050180653] (médiane 0.045822247)
  IC 95 % amélioration MSE O7 reconstruite: [-0.000228575, 0.000389824] (médiane 0.000074456)
  IC 95 % amélioration MAE O7 reconstruite: [-0.000268601, 0.000591892] (médiane 0.000173482)
  IC 95 % réduction relative MSE U7 standardisée: [0.183677719, 0.216090793] (médiane 0.199972630)
  agrégat — référence — espace U standardisé
  MSE                    : 0.227923157945
  MAE                    : 0.366627557692
  R²                     : 0.776628145363
  Spearman               : 0.863491867786
  biais                  : 0.000839968133
  moyenne observée       : -0.008706421754
  moyenne prédite        : -0.007866453621
  calibration intercept  : -0.000853580690
  calibration pente      : 0.998269543413
  fraction borne basse   : 0.000000000000
  fraction borne haute   : 0.000000000000
  agrégat — challenger — espace U standardisé
  MSE                    : 0.183866520785
  MAE                    : 0.330065189852
  R²                     : 0.819805033750
  Spearman               : 0.890836795819
  biais                  : -0.000321244275
  moyenne observée       : -0.008706421754
  moyenne prédite        : -0.009027666029
  calibration intercept  : 0.000279000680
  calibration pente      : 0.995320651553
  fraction borne basse   : 0.000000000000
  fraction borne haute   : 0.000000000000
  agrégat — référence — espace O reconstruit
  MSE                    : 0.001011542531
  MAE                    : 0.004279837464
  R²                     : 0.139538105890
  Spearman               : 0.863473924037
  biais                  : 0.000271606422
  moyenne observée       : 0.994156460610
  moyenne prédite        : 0.994428067032
  calibration intercept  : 0.456073811242
  calibration pente      : 0.541097608974
  fraction borne basse   : 0.001100000000
  fraction borne haute   : 0.000000000000
  agrégat — challenger — espace O reconstruit
  MSE                    : 0.001115968357
  MAE                    : 0.004268779766
  R²                     : 0.050708974193
  Spearman               : 0.890819780100
  biais                  : -0.001181222773
  moyenne observée       : 0.994156460610
  moyenne prédite        : 0.992975237837
  calibration intercept  : 0.488409277999
  calibration pente      : 0.509325070092
  fraction borne basse   : 0.002300000000
  fraction borne haute   : 0.000000000000

  agrégat — intervalles bootstrap stratifiés
  IC 95 % amélioration MSE U7 standardisée: [0.041464264, 0.046695069] (médiane 0.044076464)
  IC 95 % amélioration MSE O7 reconstruite: [-0.000281355, 0.000066396] (médiane -0.000100311)
  IC 95 % amélioration MAE O7 reconstruite: [-0.000228166, 0.000238976] (médiane 0.000018202)
  IC 95 % réduction relative MSE U7 standardisée: [0.183348014, 0.202904178] (médiane 0.193278246)

=== TDI-5.9A/C — SKT4 vs SK4 à U_8 — métriques et intervalles bootstrap (Section 18, items 14-15) ===
  bloc Y — référence — espace U standardisé
  MSE                    : 0.219710251162
  MAE                    : 0.359050070053
  R²                     : 0.779727197448
  Spearman               : 0.866038885572
  biais                  : -0.006702792140
  moyenne observée       : 0.004080575920
  moyenne prédite        : -0.002622216220
  calibration intercept  : 0.006684854401
  calibration pente      : 0.993159321299
  fraction borne basse   : 0.000000000000
  fraction borne haute   : 0.000000000000
  bloc Y — challenger — espace U standardisé
  MSE                    : 0.185808925298
  MAE                    : 0.330476142971
  R²                     : 0.813715325078
  Spearman               : 0.887768499649
  biais                  : -0.008043257442
  moyenne observée       : 0.004080575920
  moyenne prédite        : -0.003962681522
  calibration intercept  : 0.007996441733
  calibration pente      : 0.988185851199
  fraction borne basse   : 0.000000000000
  fraction borne haute   : 0.000000000000
  bloc Y — référence — espace O reconstruit
  MSE                    : 0.001065069820
  MAE                    : 0.003431970874
  R²                     : -0.140322700944
  Spearman               : 0.866038894952
  biais                  : -0.000680062652
  moyenne observée       : 0.996081491990
  moyenne prédite        : 0.995401429338
  calibration intercept  : 0.525932011778
  calibration pente      : 0.472321483931
  fraction borne basse   : 0.001700000000
  fraction borne haute   : 0.000000000000
  bloc Y — challenger — espace O reconstruit
  MSE                    : 0.001497535036
  MAE                    : 0.003823797397
  R²                     : -0.603343899234
  Spearman               : 0.887768506751
  biais                  : -0.001884475330
  moyenne observée       : 0.996081491990
  moyenne prédite        : 0.994197016660
  calibration intercept  : 0.575771035196
  calibration pente      : 0.422763747779
  fraction borne basse   : 0.003100000000
  fraction borne haute   : 0.000000000000

  bloc Y — intervalles bootstrap appariés
  IC 95 % amélioration MSE U8 standardisée: [0.029770197, 0.037913201] (médiane 0.033931549)
  IC 95 % amélioration MSE O8 reconstruite: [-0.000769562, -0.000142581] (médiane -0.000421301)
  IC 95 % amélioration MAE O8 reconstruite: [-0.000789873, -0.000030252] (médiane -0.000386008)
  IC 95 % réduction relative MSE U8 standardisée: [0.137206227, 0.170952710] (médiane 0.154275891)
  bloc Z — référence — espace U standardisé
  MSE                    : 0.222256342986
  MAE                    : 0.361770690591
  R²                     : 0.782726025145
  Spearman               : 0.866578398933
  biais                  : 0.006060567652
  moyenne observée       : -0.014066641769
  moyenne prédite        : -0.008006074117
  calibration intercept  : -0.006048336759
  calibration pente      : 1.001527701640
  fraction borne basse   : 0.000000000000
  fraction borne haute   : 0.000000000000
  bloc Z — challenger — espace U standardisé
  MSE                    : 0.184772812923
  MAE                    : 0.330238790626
  R²                     : 0.819369278871
  Spearman               : 0.890365903453
  biais                  : 0.006773464705
  moyenne observée       : -0.014066641769
  moyenne prédite        : -0.007293177064
  calibration intercept  : -0.006772004268
  calibration pente      : 1.000200247001
  fraction borne basse   : 0.000000000000
  fraction borne haute   : 0.000000000000
  bloc Z — référence — espace O reconstruit
  MSE                    : 0.001098327237
  MAE                    : 0.003699779418
  R²                     : -0.114617369442
  Spearman               : 0.866578254197
  biais                  : -0.000261899067
  moyenne observée       : 0.995618239159
  moyenne prédite        : 0.995356340092
  calibration intercept  : 0.526328384533
  calibration pente      : 0.471479243888
  fraction borne basse   : 0.001100000000
  fraction borne haute   : 0.000000000000
  bloc Z — challenger — espace O reconstruit
  MSE                    : 0.001175250374
  MAE                    : 0.003684590705
  R²                     : -0.192681412085
  Spearman               : 0.890365889291
  biais                  : -0.001334600279
  moyenne observée       : 0.995618239159
  moyenne prédite        : 0.994283638880
  calibration intercept  : 0.529234317313
  calibration pente      : 0.469065268308
  fraction borne basse   : 0.002100000000
  fraction borne haute   : 0.000000000000

  bloc Z — intervalles bootstrap appariés
  IC 95 % amélioration MSE U8 standardisée: [0.033237164, 0.041787890] (médiane 0.037565956)
  IC 95 % amélioration MSE O8 reconstruite: [-0.000374571, 0.000227635] (médiane -0.000069426)
  IC 95 % amélioration MAE O8 reconstruite: [-0.000390017, 0.000414479] (médiane 0.000023713)
  IC 95 % réduction relative MSE U8 standardisée: [0.152191728, 0.184914395] (médiane 0.168982128)
  bloc AA — référence — espace U standardisé
  MSE                    : 0.223557661810
  MAE                    : 0.365391735571
  R²                     : 0.785599241822
  Spearman               : 0.866775027117
  biais                  : 0.001890002185
  moyenne observée       : -0.015434346316
  moyenne prédite        : -0.013544344131
  calibration intercept  : -0.001917587367
  calibration pente      : 0.997963343095
  fraction borne basse   : 0.000000000000
  fraction borne haute   : 0.000000000000
  bloc AA — challenger — espace U standardisé
  MSE                    : 0.185377831570
  MAE                    : 0.332897267892
  R²                     : 0.822215229323
  Spearman               : 0.889566627554
  biais                  : -0.000745880032
  moyenne observée       : -0.015434346316
  moyenne prédite        : -0.016180226348
  calibration intercept  : 0.000683318672
  calibration pente      : 0.996133468176
  fraction borne basse   : 0.000000000000
  fraction borne haute   : 0.000000000000
  bloc AA — référence — espace O reconstruit
  MSE                    : 0.001168679194
  MAE                    : 0.003702525846
  R²                     : -0.252024767033
  Spearman               : 0.866775042495
  biais                  : -0.000143769749
  moyenne observée       : 0.995578716834
  moyenne prédite        : 0.995434947084
  calibration intercept  : 0.555055803066
  calibration pente      : 0.442543146650
  fraction borne basse   : 0.001200000000
  fraction borne haute   : 0.000000000000
  bloc AA — challenger — espace O reconstruit
  MSE                    : 0.001163776037
  MAE                    : 0.003784449530
  R²                     : -0.246771936084
  Spearman               : 0.889566592273
  biais                  : -0.001572917771
  moyenne observée       : 0.995578716834
  moyenne prédite        : 0.994005799063
  calibration intercept  : 0.534314690874
  calibration pente      : 0.464045608582
  fraction borne basse   : 0.002200000000
  fraction borne haute   : 0.000000000000

  bloc AA — intervalles bootstrap appariés
  IC 95 % amélioration MSE U8 standardisée: [0.034282442, 0.042121456] (médiane 0.038194859)
  IC 95 % amélioration MSE O8 reconstruite: [-0.000359852, 0.000370568] (médiane 0.000004644)
  IC 95 % amélioration MAE O8 reconstruite: [-0.000543323, 0.000353545] (médiane -0.000080928)
  IC 95 % réduction relative MSE U8 standardisée: [0.155688622, 0.186210844] (médiane 0.170860192)
  agrégat — référence — espace U standardisé
  MSE                    : 0.221841418653
  MAE                    : 0.362070832072
  R²                     : 0.782744413273
  Spearman               : 0.866480920065
  biais                  : 0.000415925899
  moyenne observée       : -0.008473470722
  moyenne prédite        : -0.008057544823
  calibration intercept  : -0.000435333975
  calibration pente      : 0.997591316438
  fraction borne basse   : 0.000000000000
  fraction borne haute   : 0.000000000000
  agrégat — challenger — espace U standardisé
  MSE                    : 0.185319856597
  MAE                    : 0.331204067163
  R²                     : 0.818511013761
  Spearman               : 0.889282518363
  biais                  : -0.000671890923
  moyenne observée       : -0.008473470722
  moyenne prédite        : -0.009145361644
  calibration intercept  : 0.000625066077
  calibration pente      : 0.994879934989
  fraction borne basse   : 0.000000000000
  fraction borne haute   : 0.000000000000
  agrégat — référence — espace O reconstruit
  MSE                    : 0.001110692084
  MAE                    : 0.003611425379
  R²                     : -0.167928331523
  Spearman               : 0.866461593328
  biais                  : -0.000361910489
  moyenne observée       : 0.995759482661
  moyenne prédite        : 0.995397572172
  calibration intercept  : 0.535374597266
  calibration pente      : 0.462513570723
  fraction borne basse   : 0.001333333333
  fraction borne haute   : 0.000000000000
  agrégat — challenger — espace O reconstruit
  MSE                    : 0.001278853816
  MAE                    : 0.003764279210
  R²                     : -0.344755783623
  Spearman               : 0.889270207608
  biais                  : -0.001597331127
  moyenne observée       : 0.995759482661
  moyenne prédite        : 0.994162151534
  calibration intercept  : 0.548008627196
  calibration pente      : 0.450380106277
  fraction borne basse   : 0.002466666667
  fraction borne haute   : 0.000000000000

  agrégat — intervalles bootstrap stratifiés
  IC 95 % amélioration MSE U8 standardisée: [0.034138190, 0.038899856] (médiane 0.036523265)
  IC 95 % amélioration MSE O8 reconstruite: [-0.000360731, 0.000021716] (médiane -0.000162546)
  IC 95 % amélioration MAE O8 reconstruite: [-0.000393643, 0.000079023] (médiane -0.000145970)
  IC 95 % réduction relative MSE U8 standardisée: [0.155345524, 0.173917991] (médiane 0.164614466)

=== TDI-5.9B — SK4 vs SK à U_3 — métriques et intervalles bootstrap (Section 18, items 14-15) ===
  bloc Y — référence — espace U standardisé
  MSE                    : 0.338612908783
  MAE                    : 0.450833021654
  R²                     : 0.665900317833
  Spearman               : 0.798242524045
  biais                  : -0.000455710593
  moyenne observée       : -0.001001062110
  moyenne prédite        : -0.001456772703
  calibration intercept  : 0.000469035598
  calibration pente      : 1.009146934885
  fraction borne basse   : 0.000000000000
  fraction borne haute   : 0.000000000000
  bloc Y — challenger — espace U standardisé
  MSE                    : 0.336782890805
  MAE                    : 0.449725812326
  R²                     : 0.667705944284
  Spearman               : 0.799133620135
  biais                  : -0.000935833660
  moyenne observée       : -0.001001062110
  moyenne prédite        : -0.001936895770
  calibration intercept  : 0.000949053064
  calibration pente      : 1.006825046824
  fraction borne basse   : 0.000000000000
  fraction borne haute   : 0.000000000000
  bloc Y — référence — espace O reconstruit
  MSE                    : 0.001916366037
  MAE                    : 0.024598529606
  R²                     : 0.666734643747
  Spearman               : 0.798242524045
  biais                  : 0.006376782818
  moyenne observée       : 0.923702137152
  moyenne prédite        : 0.930078919970
  calibration intercept  : -0.064189334700
  calibration pente      : 1.062158759478
  fraction borne basse   : 0.000000000000
  fraction borne haute   : 0.000000000000
  bloc Y — challenger — espace O reconstruit
  MSE                    : 0.001864645140
  MAE                    : 0.024534212812
  R²                     : 0.675729158667
  Spearman               : 0.799133620342
  biais                  : 0.006101401118
  moyenne observée       : 0.923702137152
  moyenne prédite        : 0.929803538270
  calibration intercept  : -0.028819739626
  calibration pente      : 1.024433482529
  fraction borne basse   : 0.000300000000
  fraction borne haute   : 0.000000000000

  bloc Y — intervalles bootstrap appariés
  IC 95 % amélioration MSE U3 standardisée: [0.000670858, 0.002926517] (médiane 0.001825842)
  IC 95 % amélioration MSE O3 reconstruite: [0.000008119, 0.000094719] (médiane 0.000051091)
  IC 95 % amélioration MAE O3 reconstruite: [-0.000056741, 0.000180941] (médiane 0.000064567)
  IC 95 % réduction relative MSE U3 standardisée: [0.001991188, 0.008648411] (médiane 0.005385040)
  bloc Z — référence — espace U standardisé
  MSE                    : 0.342107386988
  MAE                    : 0.451682643710
  R²                     : 0.662775674811
  Spearman               : 0.792781016523
  biais                  : -0.002557313514
  moyenne observée       : -0.001618767763
  moyenne prédite        : -0.004176081277
  calibration intercept  : 0.002572650723
  calibration pente      : 1.003672631859
  fraction borne basse   : 0.000000000000
  fraction borne haute   : 0.000000000000
  bloc Z — challenger — espace U standardisé
  MSE                    : 0.341951370438
  MAE                    : 0.451381709857
  R²                     : 0.662929464462
  Spearman               : 0.793123435386
  biais                  : -0.002875088686
  moyenne observée       : -0.001618767763
  moyenne prédite        : -0.004493856449
  calibration intercept  : 0.002884845720
  calibration pente      : 1.002171194074
  fraction borne basse   : 0.000000000000
  fraction borne haute   : 0.000000000000
  bloc Z — référence — espace O reconstruit
  MSE                    : 0.002029383873
  MAE                    : 0.024895953636
  R²                     : 0.655863796224
  Spearman               : 0.792781016523
  biais                  : 0.006382939912
  moyenne observée       : 0.923256415144
  moyenne prédite        : 0.929639355056
  calibration intercept  : -0.078467882977
  calibration pente      : 1.077540761020
  fraction borne basse   : 0.000000000000
  fraction borne haute   : 0.000000000000
  bloc Z — challenger — espace O reconstruit
  MSE                    : 0.001988760784
  MAE                    : 0.024870791861
  R²                     : 0.662752525261
  Spearman               : 0.793123435386
  biais                  : 0.006216248023
  moyenne observée       : 0.923256415144
  moyenne prédite        : 0.929472663167
  calibration intercept  : -0.059811361833
  calibration pente      : 1.057661850568
  fraction borne basse   : 0.000000000000
  fraction borne haute   : 0.000000000000

  bloc Z — intervalles bootstrap appariés
  IC 95 % amélioration MSE U3 standardisée: [-0.000971261, 0.001269646] (médiane 0.000157298)
  IC 95 % amélioration MSE O3 reconstruite: [-0.000001419, 0.000082912] (médiane 0.000040098)
  IC 95 % amélioration MAE O3 reconstruite: [-0.000080073, 0.000128712] (médiane 0.000024670)
  IC 95 % réduction relative MSE U3 standardisée: [-0.002846555, 0.003712981] (médiane 0.000459426)
  bloc AA — référence — espace U standardisé
  MSE                    : 0.334548989287
  MAE                    : 0.447550040105
  R²                     : 0.671411897760
  Spearman               : 0.797235238031
  biais                  : 0.003335255265
  moyenne observée       : -0.012493236157
  moyenne prédite        : -0.009157980892
  calibration intercept  : -0.003395032130
  calibration pente      : 0.993472702630
  fraction borne basse   : 0.000000000000
  fraction borne haute   : 0.000000000000
  bloc AA — challenger — espace U standardisé
  MSE                    : 0.332890967928
  MAE                    : 0.446476828357
  R²                     : 0.673040377024
  Spearman               : 0.797597238339
  biais                  : 0.002812120096
  moyenne observée       : -0.012493236157
  moyenne prédite        : -0.009681116061
  calibration intercept  : -0.002872741794
  calibration pente      : 0.993738149875
  fraction borne basse   : 0.000000000000
  fraction borne haute   : 0.000000000000
  bloc AA — référence — espace O reconstruit
  MSE                    : 0.002221890504
  MAE                    : 0.025371958762
  R²                     : 0.638110329807
  Spearman               : 0.797235238615
  biais                  : 0.006243679487
  moyenne observée       : 0.922248253841
  moyenne prédite        : 0.928491933328
  calibration intercept  : -0.013006638564
  calibration pente      : 1.007283810267
  fraction borne basse   : 0.000200000000
  fraction borne haute   : 0.000000000000
  bloc AA — challenger — espace O reconstruit
  MSE                    : 0.002179482094
  MAE                    : 0.025255864209
  R²                     : 0.645017585278
  Spearman               : 0.797597237760
  biais                  : 0.006124084358
  moyenne observée       : 0.922248253841
  moyenne prédite        : 0.928372338199
  calibration intercept  : -0.003368946557
  calibration pente      : 0.997032292230
  fraction borne basse   : 0.000200000000
  fraction borne haute   : 0.000000000000

  bloc AA — intervalles bootstrap appariés
  IC 95 % amélioration MSE U3 standardisée: [0.000932185, 0.002368744] (médiane 0.001655069)
  IC 95 % amélioration MSE O3 reconstruite: [0.000015170, 0.000069885] (médiane 0.000042399)
  IC 95 % amélioration MAE O3 reconstruite: [0.000045099, 0.000187553] (médiane 0.000116288)
  IC 95 % réduction relative MSE U3 standardisée: [0.002766299, 0.007070950] (médiane 0.004957116)
  agrégat — référence — espace U standardisé
  MSE                    : 0.338423095019
  MAE                    : 0.450021901823
  R²                     : 0.666711028269
  Spearman               : 0.796117753001
  biais                  : 0.000107410386
  moyenne observée       : -0.005037688677
  moyenne prédite        : -0.004930278291
  calibration intercept  : -0.000097636631
  calibration pente      : 1.001982394142
  fraction borne basse   : 0.000000000000
  fraction borne haute   : 0.000000000000
  agrégat — challenger — espace U standardisé
  MSE                    : 0.337208409724
  MAE                    : 0.449194783513
  R²                     : 0.667907285910
  Spearman               : 0.796651624748
  biais                  : -0.000332934083
  moyenne observée       : -0.005037688677
  moyenne prédite        : -0.005370622760
  calibration intercept  : 0.000337383577
  calibration pente      : 1.000828487519
  fraction borne basse   : 0.000000000000
  fraction borne haute   : 0.000000000000
  agrégat — référence — espace O reconstruit
  MSE                    : 0.002055880138
  MAE                    : 0.024955480668
  R²                     : 0.653271692958
  Spearman               : 0.796123512995
  biais                  : 0.006334467406
  moyenne observée       : 0.923068935379
  moyenne prédite        : 0.929403402785
  calibration intercept  : -0.050059807317
  calibration pente      : 1.047046675082
  fraction borne basse   : 0.000066666667
  fraction borne haute   : 0.000000000000
  agrégat — challenger — espace O reconstruit
  MSE                    : 0.002010962673
  MAE                    : 0.024886956294
  R²                     : 0.660847113467
  Spearman               : 0.796660507924
  biais                  : 0.006147244500
  moyenne observée       : 0.923068935379
  moyenne prédite        : 0.929216179879
  calibration intercept  : -0.029455955734
  calibration pente      : 1.025084271819
  fraction borne basse   : 0.000166666667
  fraction borne haute   : 0.000000000000

  agrégat — intervalles bootstrap stratifiés
  IC 95 % amélioration MSE U3 standardisée: [0.000620877, 0.001763859] (médiane 0.001211664)
  IC 95 % amélioration MSE O3 reconstruite: [0.000023136, 0.000067449] (médiane 0.000045153)
  IC 95 % amélioration MAE O3 reconstruite: [0.000010336, 0.000126068] (médiane 0.000068676)
  IC 95 % réduction relative MSE U3 standardisée: [0.001825674, 0.005203280] (médiane 0.003578777)

=== TDI-5.9B — SK4 vs SK à U_6 — métriques et intervalles bootstrap (Section 18, items 14-15) ===
  bloc Y — référence — espace U standardisé
  MSE                    : 0.248440289381
  MAE                    : 0.380514652122
  R²                     : 0.751732166816
  Spearman               : 0.852608797685
  biais                  : -0.004322999240
  moyenne observée       : 0.003019733208
  moyenne prédite        : -0.001303266032
  calibration intercept  : 0.004322967950
  calibration pente      : 0.999975991403
  fraction borne basse   : 0.000000000000
  fraction borne haute   : 0.000000000000
  bloc Y — challenger — espace U standardisé
  MSE                    : 0.237661772392
  MAE                    : 0.372727346305
  R²                     : 0.762503201838
  Spearman               : 0.857011929116
  biais                  : -0.005502289025
  moyenne observée       : 0.003019733208
  moyenne prédite        : -0.002482555817
  calibration intercept  : 0.005492200116
  calibration pente      : 0.995936079660
  fraction borne basse   : 0.000000000000
  fraction borne haute   : 0.000000000000
  bloc Y — référence — espace O reconstruit
  MSE                    : 0.000679859961
  MAE                    : 0.005175722256
  R²                     : 0.529500047888
  Spearman               : 0.852608797685
  biais                  : 0.001969477956
  moyenne observée       : 0.991536918548
  moyenne prédite        : 0.993506396504
  calibration intercept  : 0.134391606037
  calibration pente      : 0.862747653691
  fraction borne basse   : 0.000100000000
  fraction borne haute   : 0.000000000000
  bloc Y — challenger — espace O reconstruit
  MSE                    : 0.000863248576
  MAE                    : 0.005269971691
  R²                     : 0.402585183342
  Spearman               : 0.857011927066
  biais                  : 0.000757943853
  moyenne observée       : 0.991536918548
  moyenne prédite        : 0.992294862401
  calibration intercept  : 0.355774779723
  calibration pente      : 0.640698811325
  fraction borne basse   : 0.001100000000
  fraction borne haute   : 0.000000000000

  bloc Y — intervalles bootstrap appariés
  IC 95 % amélioration MSE U6 standardisée: [0.007865069, 0.013521353] (médiane 0.010784583)
  IC 95 % amélioration MSE O6 reconstruite: [-0.000453489, 0.000038387] (médiane -0.000178561)
  IC 95 % amélioration MAE O6 reconstruite: [-0.000410260, 0.000196594] (médiane -0.000090071)
  IC 95 % réduction relative MSE U6 standardisée: [0.031987637, 0.054033744] (médiane 0.043412555)
  bloc Z — référence — espace U standardisé
  MSE                    : 0.247675336299
  MAE                    : 0.382579847149
  R²                     : 0.757625514648
  Spearman               : 0.852943521185
  biais                  : 0.005706063967
  moyenne observée       : -0.012198790176
  moyenne prédite        : -0.006492726210
  calibration intercept  : -0.005661240557
  calibration pente      : 1.006903634668
  fraction borne basse   : 0.000000000000
  fraction borne haute   : 0.000000000000
  bloc Z — challenger — espace U standardisé
  MSE                    : 0.240344830958
  MAE                    : 0.376006960999
  R²                     : 0.764799129453
  Spearman               : 0.856017423252
  biais                  : 0.004898007637
  moyenne observée       : -0.012198790176
  moyenne prédite        : -0.007300782539
  calibration intercept  : -0.004874312765
  calibration pente      : 1.003245524917
  fraction borne basse   : 0.000000000000
  fraction borne haute   : 0.000000000000
  bloc Z — référence — espace O reconstruit
  MSE                    : 0.000710246725
  MAE                    : 0.005484483153
  R²                     : 0.534426844981
  Spearman               : 0.852943521185
  biais                  : 0.002540341427
  moyenne observée       : 0.990921374850
  moyenne prédite        : 0.993461716277
  calibration intercept  : -0.057461872183
  calibration pente      : 1.055282986607
  fraction borne basse   : 0.000100000000
  fraction borne haute   : 0.000000000000
  bloc Z — challenger — espace O reconstruit
  MSE                    : 0.000940620506
  MAE                    : 0.005639379455
  R²                     : 0.383414746791
  Spearman               : 0.856017412926
  biais                  : 0.001288961767
  moyenne observée       : 0.990921374850
  moyenne prédite        : 0.992210336617
  calibration intercept  : 0.321682862027
  calibration pente      : 0.674492582998
  fraction borne basse   : 0.000600000000
  fraction borne haute   : 0.000000000000

  bloc Z — intervalles bootstrap appariés
  IC 95 % amélioration MSE U6 standardisée: [0.004595612, 0.009990237] (médiane 0.007300949)
  IC 95 % amélioration MSE O6 reconstruite: [-0.000557513, 0.000044099] (médiane -0.000220597)
  IC 95 % amélioration MAE O6 reconstruite: [-0.000521746, 0.000180744] (médiane -0.000152124)
  IC 95 % réduction relative MSE U6 standardisée: [0.018508594, 0.040267730] (médiane 0.029485359)
  bloc AA — référence — espace U standardisé
  MSE                    : 0.249639931755
  MAE                    : 0.385402728497
  R²                     : 0.760524663658
  Spearman               : 0.856667467056
  biais                  : 0.005024080302
  moyenne observée       : -0.016114004362
  moyenne prédite        : -0.011089924060
  calibration intercept  : -0.005011432085
  calibration pente      : 1.001140514300
  fraction borne basse   : 0.000000000000
  fraction borne haute   : 0.000000000000
  bloc AA — challenger — espace U standardisé
  MSE                    : 0.239373565334
  MAE                    : 0.377309871659
  R²                     : 0.770373014178
  Spearman               : 0.859357955536
  biais                  : 0.003203935692
  moyenne observée       : -0.016114004362
  moyenne prédite        : -0.012910068670
  calibration intercept  : -0.003191725999
  calibration pente      : 1.000945749654
  fraction borne basse   : 0.000000000000
  fraction borne haute   : 0.000000000000
  bloc AA — référence — espace O reconstruit
  MSE                    : 0.000903821478
  MAE                    : 0.006008395672
  R²                     : 0.414025001183
  Spearman               : 0.856667465896
  biais                  : 0.002267263338
  moyenne observée       : 0.990722832495
  moyenne prédite        : 0.992990095833
  calibration intercept  : 0.220714937179
  calibration pente      : 0.775443681208
  fraction borne basse   : 0.000500000000
  fraction borne haute   : 0.000000000000
  bloc AA — challenger — espace O reconstruit
  MSE                    : 0.001067518591
  MAE                    : 0.005865206106
  R²                     : 0.307895175807
  Spearman               : 0.859357910950
  biais                  : 0.001338313753
  moyenne observée       : 0.990722832495
  moyenne prédite        : 0.992061146248
  calibration intercept  : 0.370141370097
  calibration pente      : 0.625547593256
  fraction borne basse   : 0.000800000000
  fraction borne haute   : 0.000000000000

  bloc AA — intervalles bootstrap appariés
  IC 95 % amélioration MSE U6 standardisée: [0.007709637, 0.012750609] (médiane 0.010226412)
  IC 95 % amélioration MSE O6 reconstruite: [-0.000424543, 0.000057782] (médiane -0.000154615)
  IC 95 % amélioration MAE O6 reconstruite: [-0.000130499, 0.000401809] (médiane 0.000148211)
  IC 95 % réduction relative MSE U6 standardisée: [0.031024976, 0.050900315] (médiane 0.041043274)
  agrégat — référence — espace U standardisé
  MSE                    : 0.248585185812
  MAE                    : 0.382832409256
  R²                     : 0.756703651146
  Spearman               : 0.854096087603
  biais                  : 0.002135715010
  moyenne observée       : -0.008431020443
  moyenne prédite        : -0.006295305434
  calibration intercept  : -0.002118788573
  calibration pente      : 1.002688739477
  fraction borne basse   : 0.000000000000
  fraction borne haute   : 0.000000000000
  agrégat — challenger — espace U standardisé
  MSE                    : 0.239126722895
  MAE                    : 0.375348059655
  R²                     : 0.765960878144
  Spearman               : 0.857478250746
  biais                  : 0.000866551435
  moyenne observée       : -0.008431020443
  moyenne prédite        : -0.007564469009
  calibration intercept  : -0.000865921066
  calibration pente      : 1.000083332888
  fraction borne basse   : 0.000000000000
  fraction borne haute   : 0.000000000000
  agrégat — référence — espace O reconstruit
  MSE                    : 0.000764642721
  MAE                    : 0.005556200360
  R²                     : 0.491739145338
  Spearman               : 0.854067147171
  biais                  : 0.002259027574
  moyenne observée       : 0.991060375298
  moyenne prédite        : 0.993319402871
  calibration intercept  : 0.120530766199
  calibration pente      : 0.876384380072
  fraction borne basse   : 0.000233333333
  fraction borne haute   : 0.000000000000
  agrégat — challenger — espace O reconstruit
  MSE                    : 0.000957129224
  MAE                    : 0.005591519084
  R²                     : 0.363792652222
  Spearman               : 0.857456320123
  biais                  : 0.001128406458
  moyenne observée       : 0.991060375298
  moyenne prédite        : 0.992188781755
  calibration intercept  : 0.350428788520
  calibration pente      : 0.645675095866
  fraction borne basse   : 0.000833333333
  fraction borne haute   : 0.000000000000

  agrégat — intervalles bootstrap stratifiés
  IC 95 % amélioration MSE U6 standardisée: [0.007912063, 0.010954352] (médiane 0.009426672)
  IC 95 % amélioration MSE O6 reconstruite: [-0.000349747, -0.000046031] (médiane -0.000189100)
  IC 95 % amélioration MAE O6 reconstruite: [-0.000212883, 0.000143493] (médiane -0.000032579)
  IC 95 % réduction relative MSE U6 standardisée: [0.031883238, 0.043934473] (médiane 0.037948671)

=== TDI-5.9D(a) — SK vs CK à U_3 (descriptif, réplicat frais de 5.6B) — métriques et intervalles bootstrap (Section 18, items 14-15) ===
  bloc Y — référence — espace U standardisé
  MSE                    : 0.346676115425
  MAE                    : 0.454717848940
  R²                     : 0.657944582224
  Spearman               : 0.795639826013
  biais                  : -0.001745037347
  moyenne observée       : -0.001001062110
  moyenne prédite        : -0.002746099457
  calibration intercept  : 0.001770016472
  calibration pente      : 1.009096220264
  fraction borne basse   : 0.000000000000
  fraction borne haute   : 0.000000000000
  bloc Y — challenger — espace U standardisé
  MSE                    : 0.338612908783
  MAE                    : 0.450833021654
  R²                     : 0.665900317833
  Spearman               : 0.798242524045
  biais                  : -0.000455710593
  moyenne observée       : -0.001001062110
  moyenne prédite        : -0.001456772703
  calibration intercept  : 0.000469035598
  calibration pente      : 1.009146934885
  fraction borne basse   : 0.000000000000
  fraction borne haute   : 0.000000000000
  bloc Y — référence — espace O reconstruit
  MSE                    : 0.002193849406
  MAE                    : 0.025118672087
  R²                     : 0.618478938935
  Spearman               : 0.795639826013
  biais                  : 0.006668216453
  moyenne observée       : 0.923702137152
  moyenne prédite        : 0.930370353605
  calibration intercept  : -0.076758487658
  calibration pente      : 1.075335882032
  fraction borne basse   : 0.000100000000
  fraction borne haute   : 0.000000000000
  bloc Y — challenger — espace O reconstruit
  MSE                    : 0.001916366037
  MAE                    : 0.024598529606
  R²                     : 0.666734643747
  Spearman               : 0.798242524045
  biais                  : 0.006376782818
  moyenne observée       : 0.923702137152
  moyenne prédite        : 0.930078919970
  calibration intercept  : -0.064189334700
  calibration pente      : 1.062158759478
  fraction borne basse   : 0.000000000000
  fraction borne haute   : 0.000000000000

  bloc Y — intervalles bootstrap appariés
  IC 95 % amélioration MSE U3 standardisée: [0.005512523, 0.010663687] (médiane 0.008030864)
  IC 95 % amélioration MSE O3 reconstruite: [0.000178658, 0.000384388] (médiane 0.000276657)
  IC 95 % amélioration MAE O3 reconstruite: [0.000303806, 0.000745234] (médiane 0.000518229)
  IC 95 % réduction relative MSE U3 standardisée: [0.016063783, 0.030626616] (médiane 0.023185010)
  bloc Z — référence — espace U standardisé
  MSE                    : 0.350912829618
  MAE                    : 0.456864840041
  R²                     : 0.654095916461
  Spearman               : 0.790073431652
  biais                  : -0.001258390474
  moyenne observée       : -0.001618767763
  moyenne prédite        : -0.002877158237
  calibration intercept  : 0.001272243907
  calibration pente      : 1.004814970577
  fraction borne basse   : 0.000000000000
  fraction borne haute   : 0.000000000000
  bloc Z — challenger — espace U standardisé
  MSE                    : 0.342107386988
  MAE                    : 0.451682643710
  R²                     : 0.662775674811
  Spearman               : 0.792781016523
  biais                  : -0.002557313514
  moyenne observée       : -0.001618767763
  moyenne prédite        : -0.004176081277
  calibration intercept  : 0.002572650723
  calibration pente      : 1.003672631859
  fraction borne basse   : 0.000000000000
  fraction borne haute   : 0.000000000000
  bloc Z — référence — espace O reconstruit
  MSE                    : 0.002322189503
  MAE                    : 0.025538200185
  R²                     : 0.606210786204
  Spearman               : 0.790073431652
  biais                  : 0.006819365433
  moyenne observée       : 0.923256415144
  moyenne prédite        : 0.930075780577
  calibration intercept  : -0.081157006823
  calibration pente      : 1.079926434966
  fraction borne basse   : 0.000000000000
  fraction borne haute   : 0.000000000000
  bloc Z — challenger — espace O reconstruit
  MSE                    : 0.002029383873
  MAE                    : 0.024895953636
  R²                     : 0.655863796224
  Spearman               : 0.792781016523
  biais                  : 0.006382939912
  moyenne observée       : 0.923256415144
  moyenne prédite        : 0.929639355056
  calibration intercept  : -0.078467882977
  calibration pente      : 1.077540761020
  fraction borne basse   : 0.000000000000
  fraction borne haute   : 0.000000000000

  bloc Z — intervalles bootstrap appariés
  IC 95 % amélioration MSE U3 standardisée: [0.005884378, 0.011627604] (médiane 0.008789867)
  IC 95 % amélioration MSE O3 reconstruite: [0.000201816, 0.000387707] (médiane 0.000292666)
  IC 95 % amélioration MAE O3 reconstruite: [0.000425162, 0.000853365] (médiane 0.000642761)
  IC 95 % réduction relative MSE U3 standardisée: [0.016781763, 0.032946096] (médiane 0.024973810)
  bloc AA — référence — espace U standardisé
  MSE                    : 0.344201453846
  MAE                    : 0.452767821854
  R²                     : 0.661931417731
  Spearman               : 0.793804928085
  biais                  : 0.004731385537
  moyenne observée       : -0.012493236157
  moyenne prédite        : -0.007761850620
  calibration intercept  : -0.004761197114
  calibration pente      : 0.996159217886
  fraction borne basse   : 0.000000000000
  fraction borne haute   : 0.000000000000
  bloc AA — challenger — espace U standardisé
  MSE                    : 0.334548989287
  MAE                    : 0.447550040105
  R²                     : 0.671411897760
  Spearman               : 0.797235238031
  biais                  : 0.003335255265
  moyenne observée       : -0.012493236157
  moyenne prédite        : -0.009157980892
  calibration intercept  : -0.003395032130
  calibration pente      : 0.993472702630
  fraction borne basse   : 0.000000000000
  fraction borne haute   : 0.000000000000
  bloc AA — référence — espace O reconstruit
  MSE                    : 0.002443172213
  MAE                    : 0.025912640216
  R²                     : 0.602069145709
  Spearman               : 0.793804928085
  biais                  : 0.006836104070
  moyenne observée       : 0.922248253841
  moyenne prédite        : 0.929084357911
  calibration intercept  : -0.045976401066
  calibration pente      : 1.042127818279
  fraction borne basse   : 0.000000000000
  fraction borne haute   : 0.000000000000
  bloc AA — challenger — espace O reconstruit
  MSE                    : 0.002221890504
  MAE                    : 0.025371958762
  R²                     : 0.638110329807
  Spearman               : 0.797235238615
  biais                  : 0.006243679487
  moyenne observée       : 0.922248253841
  moyenne prédite        : 0.928491933328
  calibration intercept  : -0.013006638564
  calibration pente      : 1.007283810267
  fraction borne basse   : 0.000200000000
  fraction borne haute   : 0.000000000000

  bloc AA — intervalles bootstrap appariés
  IC 95 % amélioration MSE U3 standardisée: [0.007210062, 0.012179686] (médiane 0.009693709)
  IC 95 % amélioration MSE O3 reconstruite: [0.000126543, 0.000319070] (médiane 0.000221044)
  IC 95 % amélioration MAE O3 reconstruite: [0.000331670, 0.000758160] (médiane 0.000540767)
  IC 95 % réduction relative MSE U3 standardisée: [0.021003697, 0.035180865] (médiane 0.028110939)
  agrégat — référence — espace U standardisé
  MSE                    : 0.347263466296
  MAE                    : 0.454783503612
  R²                     : 0.658004771823
  Spearman               : 0.793177826104
  biais                  : 0.000575985905
  moyenne observée       : -0.005037688677
  moyenne prédite        : -0.004461702771
  calibration intercept  : -0.000561346432
  calibration pente      : 1.003281140363
  fraction borne basse   : 0.000000000000
  fraction borne haute   : 0.000000000000
  agrégat — challenger — espace U standardisé
  MSE                    : 0.338423095019
  MAE                    : 0.450021901823
  R²                     : 0.666711028269
  Spearman               : 0.796117753001
  biais                  : 0.000107410386
  moyenne observée       : -0.005037688677
  moyenne prédite        : -0.004930278291
  calibration intercept  : -0.000097636631
  calibration pente      : 1.001982394142
  fraction borne basse   : 0.000000000000
  fraction borne haute   : 0.000000000000
  agrégat — référence — espace O reconstruit
  MSE                    : 0.002319737041
  MAE                    : 0.025523170829
  R²                     : 0.608771697356
  Spearman               : 0.793186751279
  biais                  : 0.006774561986
  moyenne observée       : 0.923068935379
  moyenne prédite        : 0.929843497365
  calibration intercept  : -0.067216216357
  calibration pente      : 1.065001964893
  fraction borne basse   : 0.000033333333
  fraction borne haute   : 0.000000000000
  agrégat — challenger — espace O reconstruit
  MSE                    : 0.002055880138
  MAE                    : 0.024955480668
  R²                     : 0.653271692958
  Spearman               : 0.796123512995
  biais                  : 0.006334467406
  moyenne observée       : 0.923068935379
  moyenne prédite        : 0.929403402785
  calibration intercept  : -0.050059807317
  calibration pente      : 1.047046675082
  fraction borne basse   : 0.000066666667
  fraction borne haute   : 0.000000000000

  agrégat — intervalles bootstrap stratifiés
  IC 95 % amélioration MSE U3 standardisée: [0.007332005, 0.010443380] (médiane 0.008833081)
  IC 95 % amélioration MSE O3 reconstruite: [0.000208690, 0.000325813] (médiane 0.000264340)
  IC 95 % amélioration MAE O3 reconstruite: [0.000442140, 0.000697258] (médiane 0.000568171)
  IC 95 % réduction relative MSE U3 standardisée: [0.021153524, 0.030006117] (médiane 0.025445727)

=== TDI-5.9D(a) — SK vs CK à U_6 (descriptif, réplicat frais de 5.6B) — métriques et intervalles bootstrap (Section 18, items 14-15) ===
  bloc Y — référence — espace U standardisé
  MSE                    : 0.286622641257
  MAE                    : 0.401092873780
  R²                     : 0.713576319430
  Spearman               : 0.843137472465
  biais                  : -0.007048260543
  moyenne observée       : 0.003019733208
  moyenne prédite        : -0.004028527335
  calibration intercept  : 0.007045666923
  calibration pente      : 0.999356186763
  fraction borne basse   : 0.000000000000
  fraction borne haute   : 0.000000000000
  bloc Y — challenger — espace U standardisé
  MSE                    : 0.248440289381
  MAE                    : 0.380514652122
  R²                     : 0.751732166816
  Spearman               : 0.852608797685
  biais                  : -0.004322999240
  moyenne observée       : 0.003019733208
  moyenne prédite        : -0.001303266032
  calibration intercept  : 0.004322967950
  calibration pente      : 0.999975991403
  fraction borne basse   : 0.000000000000
  fraction borne haute   : 0.000000000000
  bloc Y — référence — espace O reconstruit
  MSE                    : 0.001038364238
  MAE                    : 0.005864505854
  R²                     : 0.281395651566
  Spearman               : 0.843137472465
  biais                  : 0.003377953447
  moyenne observée       : 0.991536918548
  moyenne prédite        : 0.994914871995
  calibration intercept  : -0.348450223980
  calibration pente      : 1.346835975867
  fraction borne basse   : 0.000000000000
  fraction borne haute   : 0.000000000000
  bloc Y — challenger — espace O reconstruit
  MSE                    : 0.000679859961
  MAE                    : 0.005175722256
  R²                     : 0.529500047888
  Spearman               : 0.852608797685
  biais                  : 0.001969477956
  moyenne observée       : 0.991536918548
  moyenne prédite        : 0.993506396504
  calibration intercept  : 0.134391606037
  calibration pente      : 0.862747653691
  fraction borne basse   : 0.000100000000
  fraction borne haute   : 0.000000000000

  bloc Y — intervalles bootstrap appariés
  IC 95 % amélioration MSE U6 standardisée: [0.032402897, 0.044053229] (médiane 0.038208623)
  IC 95 % amélioration MSE O6 reconstruite: [0.000110422, 0.000611733] (médiane 0.000360301)
  IC 95 % amélioration MAE O6 reconstruite: [0.000345116, 0.001033506] (médiane 0.000688668)
  IC 95 % réduction relative MSE U6 standardisée: [0.114663115, 0.151204348] (médiane 0.133210013)
  bloc Z — référence — espace U standardisé
  MSE                    : 0.294870692082
  MAE                    : 0.408151399713
  R²                     : 0.711440253572
  Spearman               : 0.841403011658
  biais                  : 0.008920065897
  moyenne observée       : -0.012198790176
  moyenne prédite        : -0.003278724279
  calibration intercept  : -0.008890412782
  calibration pente      : 1.009044101496
  fraction borne basse   : 0.000000000000
  fraction borne haute   : 0.000000000000
  bloc Z — challenger — espace U standardisé
  MSE                    : 0.247675336299
  MAE                    : 0.382579847149
  R²                     : 0.757625514648
  Spearman               : 0.852943521185
  biais                  : 0.005706063967
  moyenne observée       : -0.012198790176
  moyenne prédite        : -0.006492726210
  calibration intercept  : -0.005661240557
  calibration pente      : 1.006903634668
  fraction borne basse   : 0.000000000000
  fraction borne haute   : 0.000000000000
  bloc Z — référence — espace O reconstruit
  MSE                    : 0.001200634479
  MAE                    : 0.006583654488
  R²                     : 0.212973234281
  Spearman               : 0.841403011658
  biais                  : 0.003976160968
  moyenne observée       : 0.990921374850
  moyenne prédite        : 0.994897535818
  calibration intercept  : -0.384417939630
  calibration pente      : 1.382392924865
  fraction borne basse   : 0.000000000000
  fraction borne haute   : 0.000000000000
  bloc Z — challenger — espace O reconstruit
  MSE                    : 0.000710246725
  MAE                    : 0.005484483153
  R²                     : 0.534426844981
  Spearman               : 0.852943521185
  biais                  : 0.002540341427
  moyenne observée       : 0.990921374850
  moyenne prédite        : 0.993461716277
  calibration intercept  : -0.057461872183
  calibration pente      : 1.055282986607
  fraction borne basse   : 0.000100000000
  fraction borne haute   : 0.000000000000

  bloc Z — intervalles bootstrap appariés
  IC 95 % amélioration MSE U6 standardisée: [0.040709859, 0.053804874] (médiane 0.047201098)
  IC 95 % amélioration MSE O6 reconstruite: [0.000301373, 0.000694484] (médiane 0.000488175)
  IC 95 % amélioration MAE O6 reconstruite: [0.000780923, 0.001418476] (médiane 0.001097430)
  IC 95 % réduction relative MSE U6 standardisée: [0.141088305, 0.178949881] (médiane 0.159920644)
  bloc AA — référence — espace U standardisé
  MSE                    : 0.290143517344
  MAE                    : 0.408058170748
  R²                     : 0.721670263588
  Spearman               : 0.845805346617
  biais                  : 0.008031206688
  moyenne observée       : -0.016114004362
  moyenne prédite        : -0.008082797674
  calibration intercept  : -0.007954344974
  calibration pente      : 1.009509295736
  fraction borne basse   : 0.000000000000
  fraction borne haute   : 0.000000000000
  bloc AA — challenger — espace U standardisé
  MSE                    : 0.249639931755
  MAE                    : 0.385402728497
  R²                     : 0.760524663658
  Spearman               : 0.856667467056
  biais                  : 0.005024080302
  moyenne observée       : -0.016114004362
  moyenne prédite        : -0.011089924060
  calibration intercept  : -0.005011432085
  calibration pente      : 1.001140514300
  fraction borne basse   : 0.000000000000
  fraction borne haute   : 0.000000000000
  bloc AA — référence — espace O reconstruit
  MSE                    : 0.001114114214
  MAE                    : 0.006603842615
  R²                     : 0.277685813728
  Spearman               : 0.845805346617
  biais                  : 0.003976324565
  moyenne observée       : 0.990722832495
  moyenne prédite        : 0.994699157060
  calibration intercept  : -0.518874029175
  calibration pente      : 1.517641641651
  fraction borne basse   : 0.000000000000
  fraction borne haute   : 0.000000000000
  bloc AA — challenger — espace O reconstruit
  MSE                    : 0.000903821478
  MAE                    : 0.006008395672
  R²                     : 0.414025001183
  Spearman               : 0.856667465896
  biais                  : 0.002267263338
  moyenne observée       : 0.990722832495
  moyenne prédite        : 0.992990095833
  calibration intercept  : 0.220714937179
  calibration pente      : 0.775443681208
  fraction borne basse   : 0.000500000000
  fraction borne haute   : 0.000000000000

  bloc AA — intervalles bootstrap appariés
  IC 95 % amélioration MSE U6 standardisée: [0.034734335, 0.046580086] (médiane 0.040555514)
  IC 95 % amélioration MSE O6 reconstruite: [-0.000021578, 0.000429422] (médiane 0.000212827)
  IC 95 % amélioration MAE O6 reconstruite: [0.000228206, 0.000947074] (médiane 0.000596726)
  IC 95 % réduction relative MSE U6 standardisée: [0.121552139, 0.157290060] (médiane 0.139889621)
  agrégat — référence — espace U standardisé
  MSE                    : 0.290545616895
  MAE                    : 0.405767481414
  R²                     : 0.715635959821
  Spearman               : 0.843460007643
  biais                  : 0.003301004014
  moyenne observée       : -0.008431020443
  moyenne prédite        : -0.005130016429
  calibration intercept  : -0.003270154677
  calibration pente      : 1.006013496716
  fraction borne basse   : 0.000000000000
  fraction borne haute   : 0.000000000000
  agrégat — challenger — espace U standardisé
  MSE                    : 0.248585185812
  MAE                    : 0.382832409256
  R²                     : 0.756703651146
  Spearman               : 0.854096087603
  biais                  : 0.002135715010
  moyenne observée       : -0.008431020443
  moyenne prédite        : -0.006295305434
  calibration intercept  : -0.002118788573
  calibration pente      : 1.002688739477
  fraction borne basse   : 0.000000000000
  fraction borne haute   : 0.000000000000
  agrégat — référence — espace O reconstruit
  MSE                    : 0.001117704310
  MAE                    : 0.006350667652
  R²                     : 0.257057796534
  Spearman               : 0.843439759937
  biais                  : 0.003776812993
  moyenne observée       : 0.991060375298
  moyenne prédite        : 0.994837188291
  calibration intercept  : -0.415596079731
  calibration pente      : 1.413956445923
  fraction borne basse   : 0.000000000000
  fraction borne haute   : 0.000000000000
  agrégat — challenger — espace O reconstruit
  MSE                    : 0.000764642721
  MAE                    : 0.005556200360
  R²                     : 0.491739145338
  Spearman               : 0.854067147171
  biais                  : 0.002259027574
  moyenne observée       : 0.991060375298
  moyenne prédite        : 0.993319402871
  calibration intercept  : 0.120530766199
  calibration pente      : 0.876384380072
  fraction borne basse   : 0.000233333333
  fraction borne haute   : 0.000000000000

  agrégat — intervalles bootstrap stratifiés
  IC 95 % amélioration MSE U6 standardisée: [0.038368419, 0.045694000] (médiane 0.041953775)
  IC 95 % amélioration MSE O6 reconstruite: [0.000223643, 0.000485428] (médiane 0.000353670)
  IC 95 % amélioration MAE O6 reconstruite: [0.000594012, 0.000994453] (médiane 0.000793562)
  IC 95 % réduction relative MSE U6 standardisée: [0.133686865, 0.155173420] (médiane 0.144310137)

=== CONDITIONS PAR CRITÈRE — niveau bloc et agrégat (Section 18) ===

TDI-5.9A/C — SKT4 vs SK4 à U_3 : CriterionCResult {
    classification: Beneficial,
    blocks_confirming_benefit: 3,
    aggregate_relative_improvement_at_least_2_percent: true,
    aggregate_bootstrap_lower_bound_positive: true,
    all_block_point_estimates_within_equivalence_margin: false,
    block_intervals_within_equivalence_margin: 0,
    aggregate_interval_within_equivalence_margin: false,
    blocks_confirming_harm: 0,
    aggregate_relative_worsening_at_least_2_percent: false,
    aggregate_bootstrap_upper_bound_negative: false,
}

TDI-5.9A/C — SKT4 vs SK4 à U_4 : CriterionCResult {
    classification: Beneficial,
    blocks_confirming_benefit: 3,
    aggregate_relative_improvement_at_least_2_percent: true,
    aggregate_bootstrap_lower_bound_positive: true,
    all_block_point_estimates_within_equivalence_margin: false,
    block_intervals_within_equivalence_margin: 0,
    aggregate_interval_within_equivalence_margin: false,
    blocks_confirming_harm: 0,
    aggregate_relative_worsening_at_least_2_percent: false,
    aggregate_bootstrap_upper_bound_negative: false,
}

TDI-5.9A/C — SKT4 vs SK4 à U_5 : CriterionCResult {
    classification: Beneficial,
    blocks_confirming_benefit: 3,
    aggregate_relative_improvement_at_least_2_percent: true,
    aggregate_bootstrap_lower_bound_positive: true,
    all_block_point_estimates_within_equivalence_margin: false,
    block_intervals_within_equivalence_margin: 0,
    aggregate_interval_within_equivalence_margin: false,
    blocks_confirming_harm: 0,
    aggregate_relative_worsening_at_least_2_percent: false,
    aggregate_bootstrap_upper_bound_negative: false,
}

TDI-5.9A/C — SKT4 vs SK4 à U_6 : CriterionCResult {
    classification: Beneficial,
    blocks_confirming_benefit: 3,
    aggregate_relative_improvement_at_least_2_percent: true,
    aggregate_bootstrap_lower_bound_positive: true,
    all_block_point_estimates_within_equivalence_margin: false,
    block_intervals_within_equivalence_margin: 0,
    aggregate_interval_within_equivalence_margin: false,
    blocks_confirming_harm: 0,
    aggregate_relative_worsening_at_least_2_percent: false,
    aggregate_bootstrap_upper_bound_negative: false,
}

TDI-5.9A/C — SKT4 vs SK4 à U_7 : CriterionCResult {
    classification: Beneficial,
    blocks_confirming_benefit: 3,
    aggregate_relative_improvement_at_least_2_percent: true,
    aggregate_bootstrap_lower_bound_positive: true,
    all_block_point_estimates_within_equivalence_margin: false,
    block_intervals_within_equivalence_margin: 0,
    aggregate_interval_within_equivalence_margin: false,
    blocks_confirming_harm: 0,
    aggregate_relative_worsening_at_least_2_percent: false,
    aggregate_bootstrap_upper_bound_negative: false,
}

TDI-5.9A/C — SKT4 vs SK4 à U_8 : CriterionCResult {
    classification: Beneficial,
    blocks_confirming_benefit: 3,
    aggregate_relative_improvement_at_least_2_percent: true,
    aggregate_bootstrap_lower_bound_positive: true,
    all_block_point_estimates_within_equivalence_margin: false,
    block_intervals_within_equivalence_margin: 0,
    aggregate_interval_within_equivalence_margin: false,
    blocks_confirming_harm: 0,
    aggregate_relative_worsening_at_least_2_percent: false,
    aggregate_bootstrap_upper_bound_negative: false,
}

TDI-5.9B — valeur marginale du quatrième moment : référence SK — BASELINE + δ + δ̄ + s2 + s3 (contraction + spectral s2/s3) ; challenger SK4 — BASELINE + δ + δ̄ + s2 + s3 + s4 (full exact spectral baseline)

TDI-5.9B — SK4 vs SK à U_3 : CriterionCResult {
    classification: Equivalent,
    blocks_confirming_benefit: 0,
    aggregate_relative_improvement_at_least_2_percent: false,
    aggregate_bootstrap_lower_bound_positive: true,
    all_block_point_estimates_within_equivalence_margin: true,
    block_intervals_within_equivalence_margin: 3,
    aggregate_interval_within_equivalence_margin: true,
    blocks_confirming_harm: 0,
    aggregate_relative_worsening_at_least_2_percent: false,
    aggregate_bootstrap_upper_bound_negative: false,
}

TDI-5.9B — SK4 vs SK à U_6 : CriterionCResult {
    classification: Beneficial,
    blocks_confirming_benefit: 3,
    aggregate_relative_improvement_at_least_2_percent: true,
    aggregate_bootstrap_lower_bound_positive: true,
    all_block_point_estimates_within_equivalence_margin: false,
    block_intervals_within_equivalence_margin: 0,
    aggregate_interval_within_equivalence_margin: false,
    blocks_confirming_harm: 0,
    aggregate_relative_worsening_at_least_2_percent: false,
    aggregate_bootstrap_upper_bound_negative: false,
}

TDI-5.9D (a) — réplicat frais de 5.6B (descriptif, non classifié en tant que 5.9D) : référence CK — BASELINE + δ + δ̄ (contraction) ; challenger SK — BASELINE + δ + δ̄ + s2 + s3 (contraction + spectral s2/s3)

TDI-5.9D (a) — SK vs CK à U_3 : CriterionCResult {
    classification: Beneficial,
    blocks_confirming_benefit: 3,
    aggregate_relative_improvement_at_least_2_percent: true,
    aggregate_bootstrap_lower_bound_positive: true,
    all_block_point_estimates_within_equivalence_margin: false,
    block_intervals_within_equivalence_margin: 0,
    aggregate_interval_within_equivalence_margin: false,
    blocks_confirming_harm: 0,
    aggregate_relative_worsening_at_least_2_percent: false,
    aggregate_bootstrap_upper_bound_negative: false,
}

TDI-5.9D (a) — SK vs CK à U_6 : CriterionCResult {
    classification: Beneficial,
    blocks_confirming_benefit: 3,
    aggregate_relative_improvement_at_least_2_percent: true,
    aggregate_bootstrap_lower_bound_positive: true,
    all_block_point_estimates_within_equivalence_margin: false,
    block_intervals_within_equivalence_margin: 0,
    aggregate_interval_within_equivalence_margin: false,
    blocks_confirming_harm: 0,
    aggregate_relative_worsening_at_least_2_percent: false,
    aggregate_bootstrap_upper_bound_negative: false,
}

TDI-5.9A (focal) : Tdi59CriterionA {
    focal_classifications: [
        Beneficial,
        Beneficial,
    ],
}

TDI-5.9B (focal) : Tdi59CriterionB {
    focal_classifications: [
        Equivalent,
        Beneficial,
    ],
}

TDI-5.9C (loi de décroissance) : Tdi59CriterionC {
    horizons: [
        3,
        4,
        5,
        6,
        7,
        8,
    ],
    relative_reductions: [
        0.4757412069785929,
        0.36337865668576674,
        0.28388448561083984,
        0.2334736645533266,
        0.19329601062572713,
        0.1646291403889124,
    ],
    classifications: [
        Beneficial,
        Beneficial,
        Beneficial,
        Beneficial,
        Beneficial,
        Beneficial,
    ],
    monotone_non_increasing: true,
    first_equivalent_horizon: None,
    successive_ratios: [
        0.7638158127894056,
        0.781235992779648,
        0.8224248819055987,
        0.8279135507447235,
        0.8516944548207905,
    ],
}

TDI-5.9D (saturation, descriptif, aucune classification 4 voies) : Tdi59CriterionD {
    entries: [
        Tdi59SaturationEntry {
            horizon: 3,
            spectral_pair_reduction: 0.025457245391366377,
            spectral_pair_interval: ConfidenceInterval {
                lower: 0.021153523821964122,
                median: 0.025445726975595825,
                upper: 0.030006117052896738,
            },
            fourth_moment_reduction: 0.0035892505963935543,
            fourth_moment_interval: ConfidenceInterval {
                lower: 0.0018256736193732906,
                median: 0.003578777190585538,
                upper: 0.005203279888726919,
            },
            saturating: true,
            intervals_overlap: false,
        },
        Tdi59SaturationEntry {
            horizon: 6,
            spectral_pair_reduction: 0.14441942553239606,
            spectral_pair_interval: ConfidenceInterval {
                lower: 0.13368686507727803,
                median: 0.14431013737632992,
                upper: 0.1551734201034847,
            },
            fourth_moment_reduction: 0.03804918175704992,
            fourth_moment_interval: ConfidenceInterval {
                lower: 0.03188323848289122,
                median: 0.037948671277187526,
                upper: 0.04393447340260632,
            },
            saturating: true,
            intervals_overlap: false,
        },
    ],
}

=== VERDICTS FINAUX (Section 18) ===
TDI-5.9A — O1/O2 au-delà du spectre exact enrichi (SKT4 vs SK4, U3) : beneficial
TDI-5.9A — O1/O2 au-delà du spectre exact enrichi (SKT4 vs SK4, U6) : beneficial
TDI-5.9B — quatrième moment au-delà de {δ, δ̄, s2, s3} (SK4 vs SK, U3) : equivalent
TDI-5.9B — quatrième moment au-delà de {δ, δ̄, s2, s3} (SK4 vs SK, U6) : beneficial
TDI-5.9C — U3 : réduction relative MSE (SKT4 vs SK4) = 0.475741, classification = beneficial
TDI-5.9C — U4 : réduction relative MSE (SKT4 vs SK4) = 0.363379, classification = beneficial
TDI-5.9C — U5 : réduction relative MSE (SKT4 vs SK4) = 0.283884, classification = beneficial
TDI-5.9C — U6 : réduction relative MSE (SKT4 vs SK4) = 0.233474, classification = beneficial
TDI-5.9C — U7 : réduction relative MSE (SKT4 vs SK4) = 0.193296, classification = beneficial
TDI-5.9C — U8 : réduction relative MSE (SKT4 vs SK4) = 0.164629, classification = beneficial
TDI-5.9C — décroissance monotone (non croissante) : oui
TDI-5.9C — horizon de redondance h★ (première équivalence) : aucun
TDI-5.9C — ratios successifs r_(h+1)/r_h : [0.7638158127894056, 0.781235992779648, 0.8224248819055987, 0.8279135507447235, 0.8516944548207905]
TDI-5.9D — U3 — (a) réduction SK-sur-CK = 0.025457 IC95%[0.021154, 0.030006] ; (b) réduction SK4-sur-SK = 0.003589 IC95%[0.001826, 0.005203] ; saturating=(b)<(a)=oui ; intervalles chevauchants=non
TDI-5.9D — U6 — (a) réduction SK-sur-CK = 0.144419 IC95%[0.133687, 0.155173] ; (b) réduction SK4-sur-SK = 0.038049 IC95%[0.031883, 0.043934] ; saturating=(b)<(a)=oui ; intervalles chevauchants=non
TDI-5.9D — critère purement descriptif (Section 16) : aucune classification succès/échec n'est produite et aucun autre critère n'est subordonné à son résultat.
